# Cuerpo humano — malla base MakeHuman (CC0)
v -0.3492 15.4975 0.3079
v -0.3110 15.4991 0.3111
v -0.3481 15.5141 0.3065
v -0.3095 15.5132 0.3120
v -0.3487 15.5250 0.3042
v -0.3080 15.5242 0.3107
v -0.3835 15.4918 0.3013
v -0.3849 15.5089 0.2975
v -0.3886 15.5184 0.2933
v -0.4099 15.4845 0.2898
v -0.4154 15.4986 0.2853
v -0.4230 15.5066 0.2780
v -0.4279 15.4742 0.2792
v -0.4363 15.4864 0.2731
v -0.4462 15.4922 0.2653
v -0.4337 15.4684 0.2737
v -0.4473 15.4761 0.2628
v -0.4582 15.4790 0.2517
v -0.4385 15.4613 0.2656
v -0.4521 15.4667 0.2551
v -0.4638 15.4677 0.2424
v -0.4394 15.4550 0.2584
v -0.4531 15.4573 0.2466
v -0.4645 15.4575 0.2362
v -0.4367 15.4499 0.2553
v -0.4513 15.4486 0.2466
v -0.4631 15.4460 0.2358
v -0.4336 15.4431 0.2566
v -0.4463 15.4390 0.2469
v -0.4584 15.4341 0.2343
v -0.4249 15.4353 0.2659
v -0.4313 15.4220 0.2575
v -0.4422 15.4111 0.2472
v -0.4086 15.4246 0.2772
v -0.4142 15.4103 0.2700
v -0.4237 15.3991 0.2633
v -0.3865 15.4157 0.2876
v -0.3927 15.4008 0.2826
v -0.3976 15.3877 0.2777
v -0.3597 15.3789 0.2918
v -0.3536 15.3919 0.2973
v -0.3519 15.4082 0.3019
v -0.3161 15.3772 0.3013
v -0.3097 15.3891 0.2984
v -0.3109 15.4071 0.3050
v -0.2708 15.3809 0.2998
v -0.2696 15.3916 0.2981
v -0.2760 15.4110 0.2990
v -0.2322 15.3892 0.2937
v -0.2332 15.4003 0.2935
v -0.2410 15.4154 0.2918
v -0.1856 15.4067 0.2853
v -0.1937 15.4114 0.2840
v -0.2100 15.4225 0.2798
v -0.2725 15.4903 0.3058
v -0.2682 15.5048 0.3085
v -0.2655 15.5153 0.3083
v -0.2353 15.4773 0.2953
v -0.2303 15.4908 0.3015
v -0.2265 15.4995 0.3048
v -0.2093 15.4621 0.2921
v -0.2016 15.4737 0.2995
v -0.1964 15.4811 0.3023
v -0.1817 15.4475 0.2838
v -0.1740 15.4516 0.2993
v -0.1678 15.4535 0.3010
v -0.1752 15.4412 0.2811
v -0.1676 15.4437 0.2946
v -0.1612 15.4438 0.3001
v -0.1757 15.4347 0.2785
v -0.1651 15.4349 0.2921
v -0.1583 15.4332 0.2986
v -0.1846 15.4264 0.2765
v -0.1675 15.4252 0.2891
v -0.1602 15.4221 0.2939
v -0.4442 15.3668 0.2349
v -0.4129 15.3505 0.2543
v -0.3698 15.3398 0.2782
v -0.3179 15.3373 0.2916
v -0.2625 15.3436 0.2987
v -0.2145 15.3577 0.2937
v -0.1632 15.3890 0.2894
v -0.4636 15.4984 0.2406
v -0.4784 15.4825 0.2276
v -0.4841 15.4690 0.2198
v -0.4865 15.4561 0.2157
v -0.4867 15.4418 0.2134
v -0.4841 15.4239 0.2103
v -0.4668 15.3878 0.2186
v -0.3502 15.5414 0.3002
v -0.3059 15.5410 0.3076
v -0.3950 15.5333 0.2829
v -0.4351 15.5178 0.2650
v -0.2593 15.5314 0.3110
v -0.2157 15.5153 0.3123
v -0.1821 15.4965 0.3131
v -0.1484 15.4613 0.3120
v -0.1422 15.4463 0.3117
v -0.1409 15.4307 0.3095
v -0.1454 15.4123 0.2999
v -0.1850 15.4617 0.2988
v -0.1788 15.4663 0.3010
v -0.1952 15.4524 0.2881
v -0.1603 15.4779 0.3112
v -0.1293 15.4643 0.3251
v -0.1230 15.4464 0.3233
v -0.1225 15.4277 0.3205
v -0.1299 15.4054 0.3163
v -0.1424 15.4841 0.3259
v -0.1055 15.4677 0.3453
v -0.0994 15.4460 0.3432
v -0.1003 15.4243 0.3416
v -0.1089 15.3976 0.3369
v -0.1185 15.4908 0.3466
v -0.0812 15.4745 0.3703
v -0.0757 15.4477 0.3689
v -0.0780 15.4213 0.3680
v -0.0886 15.3893 0.3609
v -0.0925 15.5002 0.3704
v -0.0645 15.3381 0.4081
v -0.0550 15.4796 0.3914
v -0.0515 15.4513 0.3908
v -0.0546 15.4202 0.3911
v -0.0666 15.3788 0.3886
v -0.0635 15.5073 0.3921
v -0.0332 15.3552 0.4282
v -0.0285 15.4854 0.4036
v -0.0271 15.4552 0.4047
v -0.0286 15.4250 0.4098
v -0.0320 15.3946 0.4148
v -0.0325 15.5140 0.4049
v 0.0000 15.3639 0.4367
v 0.0000 15.4907 0.4061
v 0.0000 15.4592 0.4079
v 0.0000 15.4285 0.4143
v 0.0000 15.4006 0.4226
v 0.0000 15.5188 0.4078
v -0.4629 15.3440 0.2248
v -0.4293 15.3242 0.2515
v -0.3800 15.3115 0.2793
v -0.3206 15.3105 0.3014
v -0.2588 15.3190 0.3113
v -0.2058 15.3364 0.3099
v -0.1493 15.3778 0.3064
v -0.4751 15.5051 0.2303
v -0.4933 15.4865 0.2130
v -0.5023 15.4705 0.2048
v -0.5057 15.4549 0.1999
v -0.5062 15.4373 0.1958
v -0.5048 15.4167 0.1952
v -0.4867 15.3697 0.2063
v -0.3519 15.5532 0.3025
v -0.3021 15.5542 0.3134
v -0.4008 15.5425 0.2823
v -0.4443 15.5245 0.2557
v -0.2503 15.5448 0.3206
v -0.2023 15.5266 0.3252
v -0.1654 15.5056 0.3265
v -0.5241 15.4720 0.1858
v -0.5140 15.4915 0.1965
v -0.4922 15.5138 0.2170
v -0.1712 15.1650 0.3722
v -0.0630 15.2545 0.4564
v -0.0341 15.2654 0.4715
v 0.0000 15.2722 0.4833
v -0.1407 15.5165 0.3463
v -0.1115 15.5279 0.3703
v -0.0780 15.5379 0.3936
v -0.0382 15.5443 0.4052
v 0.0000 15.5496 0.4096
v -0.3522 15.5739 0.3058
v -0.2928 15.5766 0.3241
v -0.4086 15.5599 0.2805
v -0.4578 15.5369 0.2467
v -0.2324 15.5658 0.3405
v -0.1783 15.5438 0.3485
v -0.3500 15.5977 0.3115
v -0.2774 15.6009 0.3382
v -0.4139 15.5837 0.2782
v -0.4688 15.5592 0.2403
v -0.2048 15.5898 0.3616
v -0.1485 15.5611 0.3697
v -0.1297 15.2784 0.3683
v -0.4495 15.2936 0.2470
v -0.2034 15.1279 0.3632
v -0.5289 15.4530 0.1801
v -0.5301 15.4313 0.1752
v -0.5283 15.4063 0.1730
v -0.5485 15.4768 0.1622
v -0.5349 15.5038 0.1783
v -0.5087 15.5315 0.2057
v -0.3942 15.2784 0.2819
v -0.4303 15.2082 0.2775
v -0.5543 15.4518 0.1542
v -0.5579 15.4233 0.1489
v -0.5538 15.3929 0.1465
v -0.5333 15.3274 0.1717
v -0.1577 15.1450 0.3858
v -0.0897 15.2086 0.4601
v -0.0637 15.2201 0.4821
v -0.0367 15.2284 0.4994
v 0.0000 15.2341 0.5084
v -0.1146 15.1927 0.4363
v -0.1811 15.1107 0.3740
v -0.3400 15.6312 0.3200
v -0.2558 15.6361 0.3557
v -0.4149 15.6144 0.2792
v -0.4771 15.5870 0.2341
v -0.1615 15.6248 0.3895
v -0.1063 15.5776 0.3938
v -0.5678 15.4855 0.1366
v -0.5501 15.5197 0.1584
v -0.5244 15.5535 0.1926
v -0.4954 15.2294 0.2266
v -0.0974 15.3082 0.3865
v -0.5758 15.4514 0.1233
v -0.5823 15.4150 0.1174
v -0.5814 15.3784 0.1180
v -0.5599 15.3027 0.1457
v -0.5278 15.1905 0.1998
v 0.0000 15.5942 0.4176
v -0.0493 15.5870 0.4112
v -0.3373 15.6692 0.3236
v -0.2494 15.6800 0.3658
v -0.4188 15.6495 0.2770
v -0.4833 15.6191 0.2259
v -0.1703 16.2765 0.2049
v 0.0000 15.6340 0.4244
v -0.0682 15.6323 0.4157
v -0.3382 15.7087 0.3244
v -0.2470 15.7209 0.3696
v -0.4230 15.6860 0.2730
v -0.4918 15.6512 0.2156
v -0.1537 15.6821 0.4030
v 0.0000 15.6834 0.4298
v -0.0669 15.6829 0.4219
v -0.1475 15.7256 0.4076
v 0.0000 15.7278 0.4339
v -0.0636 15.7254 0.4262
v -0.3787 15.9509 0.2536
v -0.2693 15.9853 0.3149
v -0.4891 15.9031 0.1827
v -0.5776 15.8367 0.0871
v -0.1581 15.8779 0.3956
v 0.0000 15.8867 0.4143
v -0.0601 15.8852 0.4106
v -0.4233 16.1071 0.1638
v -0.2970 16.1504 0.2321
v -0.5406 16.0395 0.0780
v -0.6219 15.9410 -0.0242
v -0.1623 16.0049 0.3532
v 0.0000 16.0171 0.3730
v -0.0614 16.0154 0.3686
v -0.5859 15.4941 0.1065
v -0.5645 15.5386 0.1357
v -0.5340 15.5797 0.1774
v -0.5999 15.4527 0.0880
v -0.6036 15.4087 0.0790
v -0.6041 15.3637 0.0805
v -0.5864 15.2749 0.1140
v -0.6000 15.5045 0.0695
v -0.5766 15.5558 0.1085
v -0.5411 15.6057 0.1577
v -0.6163 15.4533 0.0437
v -0.6675 15.5603 -0.1532
v -0.6492 15.6614 -0.0922
v -0.6246 15.7512 -0.0074
v -0.6829 15.4548 -0.1966
v -0.6905 15.3546 -0.2164
v -0.6879 15.2566 -0.2251
v -0.6613 15.0720 -0.1975
v -0.6802 15.7142 -0.1892
v -0.6671 15.8326 -0.1198
v -0.6872 15.8728 -0.1785
v -0.0872 15.0454 0.5200
v -0.0788 15.0538 0.5369
v -0.0884 15.0854 0.5372
v -0.0959 15.1347 0.5195
v -0.0945 15.1589 0.5040
v -0.0938 15.1836 0.4866
v -0.1224 15.1503 0.4826
v -0.1150 15.1709 0.4572
v -0.1590 15.1178 0.4264
v -0.1592 15.1312 0.4121
v -0.1705 15.0941 0.4022
v -0.0806 14.9806 0.4321
v -0.1394 15.0063 0.4007
v -0.1360 15.0651 0.4811
v -0.1645 15.0290 0.3849
v -0.0664 15.1920 0.5081
v -0.0369 15.1976 0.5225
v 0.0000 15.2016 0.5313
v -0.0674 15.1383 0.5441
v -0.0348 15.1383 0.5598
v 0.0000 15.1364 0.5693
v -0.0589 15.0843 0.5617
v -0.0295 15.0814 0.5743
v 0.0000 15.0766 0.5811
v -0.0645 15.0286 0.5164
v -0.0543 15.0283 0.5255
v -0.0520 15.0527 0.5556
v -0.0267 15.0504 0.5636
v 0.0000 15.0485 0.5681
v -0.0524 15.0138 0.4958
v -0.0429 15.0072 0.5029
v -0.0380 15.0276 0.5297
v -0.0198 15.0241 0.5348
v 0.0000 15.0216 0.5409
v -0.0520 14.9986 0.4756
v -0.0429 14.9910 0.4773
v -0.0289 15.0027 0.5017
v -0.0151 14.9980 0.5041
v 0.0000 14.9944 0.5036
v -0.0577 14.9882 0.4526
v -0.0534 14.9740 0.4532
v -0.0266 14.9835 0.4766
v -0.0125 14.9786 0.4744
v 0.0000 14.9729 0.4735
v -0.1582 15.0328 0.4084
v -0.1545 15.0543 0.4475
v -0.1300 15.0144 0.4107
v -0.1217 15.0388 0.4808
v -0.1292 15.0521 0.4812
v -0.1458 15.0401 0.4541
v -0.1383 15.0319 0.4583
v -0.1395 15.0264 0.4238
v -0.1512 15.0234 0.4229
v -0.0878 15.0381 0.5083
v -0.0701 15.0284 0.5086
v -0.0557 15.0204 0.4892
v -0.0575 15.0070 0.4720
v -0.0629 15.0004 0.4513
v -0.0816 14.9957 0.4337
v -0.1147 14.9923 0.4122
v -0.1137 15.0036 0.4148
v -0.1145 15.0863 0.5108
v -0.1584 15.0675 0.4427
v -0.1687 15.0486 0.4076
v -0.1226 15.1289 0.4942
v -0.1606 15.1051 0.4350
v -0.1694 15.0908 0.4143
v -0.0306 14.9663 0.4630
v -0.0139 14.9599 0.4681
v 0.0000 14.9570 0.4630
v -0.1227 15.0203 0.4192
v -0.1105 15.0430 0.4653
v -0.1265 15.0347 0.4522
v -0.1263 15.0309 0.4295
v -0.0834 15.0394 0.4895
v -0.0719 15.0354 0.4889
v -0.0601 15.0312 0.4796
v -0.0575 15.0197 0.4637
v -0.0665 15.0093 0.4486
v -0.0818 15.0059 0.4353
v -0.1095 15.0117 0.4206
v -0.0719 14.9077 0.4609
v -0.0459 14.9004 0.4770
v -0.0177 14.8919 0.4746
v -0.1509 15.0042 0.3884
v -0.0824 14.9676 0.4338
v -0.1191 14.9756 0.4134
v -0.2714 14.7610 0.3109
v 0.0000 14.8892 0.4709
v -0.2427 14.8273 0.3618
v -0.1012 15.0506 0.5114
v -0.0983 15.0398 0.5014
v -0.0972 15.0376 0.4871
v -0.1078 15.0661 0.5125
v -0.2662 14.8029 0.3326
v -0.2745 14.7765 0.3136
v -0.1889 14.6918 0.3654
v -0.2293 14.7231 0.3345
v -0.2121 14.9196 0.3775
v -0.2515 14.7406 0.3193
v -0.2083 14.8891 0.3834
v -0.2087 14.8573 0.3879
v -0.2499 14.8724 0.3568
v -0.2454 14.8499 0.3615
v -0.2731 14.8161 0.3297
v -0.2880 14.7763 0.3090
v -0.2886 14.7512 0.3027
v -0.1123 15.0298 0.4322
v -0.1041 15.0400 0.4645
v -0.1139 15.0375 0.4489
v -0.1180 15.0339 0.4364
v -0.0863 15.0411 0.4794
v -0.0805 15.0394 0.4755
v -0.0729 15.0361 0.4697
v -0.0718 15.0297 0.4574
v -0.0794 15.0230 0.4453
v -0.0881 15.0186 0.4370
v -0.1014 15.0239 0.4322
v -0.0945 15.0412 0.4743
v -0.0970 15.0398 0.4570
v -0.1050 15.0362 0.4445
v -0.0892 15.0412 0.4669
v -0.0856 15.0361 0.4541
v -0.0930 15.0312 0.4425
v -0.0820 15.0389 0.4628
v -0.2605 14.7150 0.3124
v -0.2348 14.6945 0.3282
v -0.1917 14.6716 0.3547
v -0.2668 14.7765 0.3156
v -0.2640 14.7649 0.3132
v -0.2484 14.7485 0.3205
v -0.2280 14.7339 0.3366
v -0.1865 14.7105 0.3732
v -0.2599 14.7957 0.3357
v -0.2391 14.8134 0.3622
v -0.1091 14.8838 0.4657
v -0.1787 14.8546 0.4239
v -0.2108 14.8346 0.3962
v -0.2343 14.8031 0.3620
v -0.2069 14.8225 0.3965
v -0.2296 14.7965 0.3636
v -0.2025 14.8123 0.3967
v -0.2209 14.7831 0.3588
v -0.1906 14.7921 0.3882
v -0.2117 14.7825 0.3492
v -0.1846 14.7823 0.3858
v -0.2073 14.7847 0.3405
v -0.1728 14.7841 0.3688
v -0.2589 14.7772 0.3175
v -0.2565 14.7698 0.3121
v -0.2538 14.7884 0.3377
v -0.2528 14.7763 0.3199
v -0.2528 14.7724 0.3142
v -0.2466 14.7843 0.3377
v -0.2463 14.7770 0.3177
v -0.2464 14.7754 0.3145
v -0.2335 14.7807 0.3356
v -0.2428 14.7784 0.3118
v -0.2439 14.7771 0.3075
v -0.2273 14.7808 0.3317
v -0.2409 14.7819 0.2994
v -0.2441 14.7796 0.2938
v -0.2221 14.7843 0.3231
v -0.2107 14.7738 0.3264
v -0.2117 14.7693 0.3374
v -0.2197 14.7555 0.3443
v -0.2240 14.7463 0.3424
v -0.2426 14.7567 0.3234
v -0.2379 14.7627 0.3253
v -0.2312 14.7717 0.3215
v -0.2294 14.7744 0.3120
v -0.2313 14.7753 0.2952
v -0.2174 14.7758 0.3044
v -0.1782 14.8425 0.4292
v -0.1755 14.8321 0.4270
v -0.1626 14.7983 0.4187
v -0.0515 14.8769 0.4958
v -0.1105 14.8686 0.4707
v -0.1088 14.8561 0.4732
v -0.1045 14.8094 0.4569
v -0.0224 14.8659 0.4978
v 0.0000 14.8636 0.4976
v -0.0799 14.8862 0.4856
v -0.0806 14.8723 0.4884
v -0.0803 14.8622 0.4909
v -0.0770 14.8089 0.4661
v -0.0532 14.8633 0.4960
v -0.0533 14.8516 0.4958
v -0.0500 14.8028 0.4726
v -0.0230 14.8515 0.4995
v -0.0233 14.8418 0.4985
v -0.0198 14.7971 0.4778
v 0.0000 14.8502 0.5023
v 0.0000 14.8388 0.5015
v 0.0000 14.7973 0.4782
v -0.1560 14.7822 0.4166
v -0.1014 14.7809 0.4455
v -0.0761 14.7803 0.4455
v -0.0466 14.7790 0.4491
v -0.0215 14.7771 0.4501
v 0.0000 14.7757 0.4533
v -0.1638 14.7739 0.3589
v -0.1724 14.7675 0.3793
v -0.1824 14.7449 0.3788
v -0.1837 14.7293 0.3768
v -0.1297 14.6426 0.3835
v -0.1296 14.6811 0.4120
v -0.1107 14.7719 0.4173
v -0.1151 14.7604 0.4177
v -0.1234 14.7324 0.4257
v -0.1277 14.7082 0.4171
v -0.0534 14.6291 0.4004
v -0.0571 14.6629 0.4421
v -0.0508 14.7687 0.4348
v -0.0511 14.7575 0.4423
v -0.0528 14.7220 0.4539
v -0.0544 14.6972 0.4492
v 0.0000 14.6259 0.4036
v 0.0000 14.6561 0.4568
v 0.0000 14.7690 0.4400
v 0.0000 14.7561 0.4515
v 0.0000 14.7239 0.4661
v 0.0000 14.6947 0.4620
v -0.1960 14.8000 0.3907
v -0.2243 14.7890 0.3616
v -0.2391 14.7819 0.3357
v -0.2494 14.7765 0.3196
v -0.2490 14.7743 0.3172
v -0.2148 14.7633 0.3422
v -0.2339 14.7678 0.3255
v -0.1680 14.8146 0.4222
v -0.1061 14.8321 0.4645
v -0.0785 14.8336 0.4779
v -0.0515 14.8257 0.4831
v -0.0214 14.8185 0.4864
v 0.0000 14.8167 0.4890
v -0.1786 14.7579 0.3822
v -0.1196 14.7473 0.4251
v -0.0517 14.7386 0.4532
v 0.0000 14.7412 0.4596
v -0.0734 14.7874 0.4121
v -0.0949 14.7874 0.4077
v -0.1437 14.7859 0.3838
v -0.0508 14.7737 0.4315
v -0.1044 14.7746 0.4081
v -0.1587 14.7773 0.3434
v 0.0000 14.7825 0.4147
v -0.0190 14.7858 0.4080
v -0.0423 14.7859 0.4083
v 0.0000 14.7733 0.4274
v -0.2060 14.7918 0.3299
v -0.1667 14.7944 0.3547
v -0.2419 14.7877 0.2815
v -0.2496 14.7826 0.2742
v -0.2188 14.7909 0.3107
v -0.2395 14.7736 0.2717
v -0.2122 14.7721 0.2883
v -0.0726 14.7972 0.4046
v -0.0932 14.7971 0.3991
v -0.1419 14.7966 0.3740
v -0.0552 14.7698 0.4108
v -0.0960 14.7745 0.3923
v -0.1800 14.7718 0.3120
v 0.0000 14.7945 0.4112
v -0.0181 14.7969 0.4071
v -0.0432 14.7966 0.4068
v 0.0000 14.7701 0.4089
v -0.1935 14.8149 0.3145
v -0.1564 14.8206 0.3398
v -0.2469 14.7954 0.2637
v -0.2560 14.7845 0.2579
v -0.2095 14.8109 0.2955
v -0.2293 14.7576 0.2598
v -0.2008 14.7497 0.2715
v -0.0641 14.8322 0.3967
v -0.0863 14.8308 0.3850
v -0.1293 14.8284 0.3605
v -0.0638 14.7555 0.3884
v -0.1087 14.7590 0.3666
v -0.1714 14.7527 0.2911
v 0.0000 14.8173 0.4073
v -0.0156 14.8231 0.4045
v -0.0386 14.8286 0.4017
v 0.0000 14.7445 0.3967
v -0.1866 14.8551 0.3132
v -0.1537 14.8648 0.3366
v -0.2483 14.8145 0.2567
v -0.2608 14.7882 0.2460
v -0.2064 14.8473 0.2940
v -0.2287 14.7320 0.2521
v -0.1979 14.7189 0.2677
v -0.0613 14.8755 0.3971
v -0.0826 14.8764 0.3845
v -0.1253 14.8723 0.3596
v -0.0618 14.7130 0.3855
v -0.1158 14.7205 0.3544
v -0.1658 14.7184 0.2919
v 0.0000 14.8672 0.4082
v -0.0153 14.8707 0.4056
v -0.0370 14.8727 0.4035
v 0.0000 14.7042 0.4063
v -0.1817 14.8951 0.3095
v -0.1462 14.9036 0.3341
v -0.2529 14.8354 0.2470
v -0.2661 14.7934 0.2344
v -0.2044 14.8842 0.2898
v -0.2283 14.7138 0.2440
v -0.1950 14.6948 0.2620
v -0.0583 14.9207 0.3919
v -0.0785 14.9199 0.3805
v -0.1234 14.9162 0.3538
v -0.0588 14.6752 0.3786
v -0.1181 14.6814 0.3421
v -0.1605 14.6886 0.2879
v 0.0000 14.9114 0.4002
v -0.0150 14.9146 0.4001
v -0.0355 14.9187 0.3976
v 0.0000 14.6754 0.3970
v -0.1820 14.9427 0.2920
v -0.1482 14.9576 0.3132
v -0.2650 14.8616 0.2276
v -0.2779 14.7991 0.2130
v -0.2082 14.9280 0.2733
v -0.2324 14.6875 0.2204
v -0.1967 14.6581 0.2377
v -0.0576 14.9763 0.3675
v -0.0787 14.9764 0.3569
v -0.1220 14.9680 0.3262
v -0.0453 14.6190 0.3315
v -0.1245 14.6293 0.2919
v -0.1598 14.6432 0.2587
v 0.0000 14.9605 0.3685
v -0.0139 14.9663 0.3734
v -0.0325 14.9725 0.3725
v 0.0000 14.6203 0.3240
v -0.1958 15.0060 0.2307
v -0.1605 15.0262 0.2409
v -0.2915 14.8925 0.1801
v -0.3041 14.8117 0.1668
v -0.2273 14.9848 0.2178
v -0.2526 14.6666 0.1677
v -0.2110 14.6250 0.1799
v -0.0589 15.0541 0.2802
v -0.0864 15.0529 0.2727
v -0.1317 15.0393 0.2510
v -0.0609 14.5682 0.2474
v -0.1239 14.5915 0.2228
v -0.1707 14.6012 0.1952
v 0.0000 15.0320 0.2798
v -0.0117 15.0404 0.2853
v -0.0341 15.0491 0.2842
v 0.0000 14.5722 0.2383
v -0.2107 15.0665 0.1157
v -0.1826 15.0841 0.1175
v -0.3168 14.9214 0.0757
v -0.3265 14.8266 0.0656
v -0.2453 15.0415 0.1117
v -0.2722 14.6567 0.0627
v -0.2319 14.6327 0.0625
v -0.0670 15.1278 0.1347
v -0.0955 15.1258 0.1315
v -0.1498 15.1014 0.1222
v -0.0629 14.5626 0.0851
v -0.1384 14.5817 0.0787
v -0.1914 14.6083 0.0701
v 0.0000 15.0970 0.1388
v -0.0131 15.1099 0.1403
v -0.0399 15.1216 0.1377
v 0.0000 14.5365 0.0993
v -0.2536 15.1010 -0.0734
v -0.2237 15.1201 -0.0729
v -0.3579 14.9500 -0.0884
v -0.3636 14.8422 -0.0974
v -0.2892 15.0740 -0.0759
v -0.2959 14.6566 -0.0838
v -0.2528 14.6334 -0.0935
v -0.0861 15.1613 -0.0689
v -0.1223 15.1614 -0.0696
v -0.1889 15.1345 -0.0746
v -0.0741 14.5760 -0.0787
v -0.1495 14.5901 -0.0837
v -0.2122 14.6037 -0.0907
v 0.0000 15.1248 -0.0522
v -0.0145 15.1389 -0.0616
v -0.0501 15.1529 -0.0662
v 0.0000 14.5588 -0.0716
v -0.2481 15.0665 -0.2734
v -0.2153 15.0870 -0.2721
v -0.3602 14.9201 -0.2900
v -0.3507 14.8321 -0.2930
v -0.2866 15.0367 -0.2767
v -0.2980 14.6579 -0.2770
v -0.2775 14.5591 -0.2951
v -0.0834 15.1235 -0.2691
v -0.1179 15.1231 -0.2702
v -0.1814 15.0984 -0.2752
v -0.0824 14.4056 -0.4161
v -0.1707 14.4429 -0.3882
v -0.2452 14.4900 -0.3528
v 0.0000 15.0941 -0.2471
v -0.0160 15.1077 -0.2548
v -0.0501 15.1176 -0.2656
v 0.0000 14.3925 -0.4080
v -0.2162 14.9689 -0.4436
v -0.1812 14.9834 -0.4386
v -0.3223 14.8676 -0.4667
v -0.3085 14.8116 -0.4884
v -0.2557 14.9478 -0.4507
v -0.2150 14.6903 -0.4975
v -0.2076 14.6042 -0.4967
v -0.0687 15.0085 -0.4312
v -0.0933 15.0082 -0.4321
v -0.1460 14.9887 -0.4271
v -0.0649 14.4842 -0.4849
v -0.1129 14.5063 -0.4915
v -0.1663 14.5451 -0.4897
v 0.0000 14.9919 -0.4108
v -0.0169 14.9972 -0.4220
v -0.0378 15.0039 -0.4282
v 0.0000 14.4721 -0.4798
v -0.1512 14.8434 -0.5284
v -0.1411 14.8643 -0.5311
v -0.2283 14.8163 -0.5394
v -0.2120 14.7812 -0.5358
v -0.1668 14.8368 -0.5304
v -0.1665 14.7348 -0.5302
v -0.1497 14.7167 -0.5262
v -0.0521 14.8713 -0.5304
v -0.0733 14.8557 -0.5274
v -0.1141 14.8712 -0.5323
v -0.0445 14.6858 -0.5252
v -0.0824 14.6974 -0.5209
v -0.1233 14.7002 -0.5301
v 0.0000 14.8480 -0.5107
v -0.0174 14.8516 -0.5121
v -0.0315 14.8686 -0.5285
v 0.0000 14.6932 -0.5123
v -0.2815 14.8320 0.3266
v -0.3065 14.7720 0.2974
v -0.2584 15.8626 0.3582
v -0.3541 15.8356 0.3032
v -0.4513 15.7983 0.2392
v -0.5313 15.7487 0.1623
v -0.6451 15.5331 -0.0577
v -0.6617 15.4498 -0.0961
v -0.6221 15.6134 -0.0003
v -0.5861 15.6839 0.0789
v -0.1923 14.6400 0.3404
v -0.1292 14.6148 0.3679
v -0.0537 14.5987 0.3838
v 0.0000 14.5979 0.3911
v -0.3026 14.7437 0.2932
v -0.0638 14.3356 0.2413
v -0.1443 14.3545 0.2185
v -0.1309 14.5791 0.3642
v -0.2693 14.6935 0.3042
v -0.2374 14.6689 0.3222
v -0.0584 14.5621 0.3869
v 0.0000 14.3359 0.2781
v 0.0000 14.5553 0.3986
v -0.1941 14.6029 0.3297
v -0.5552 14.8186 -0.0504
v -0.6007 14.8938 -0.1200
v -0.5091 14.6783 -0.0573
v -0.5729 14.9063 -0.4929
v -0.5527 14.7467 -0.3184
v -0.5123 14.6593 -0.2334
v -0.4745 14.5997 -0.1613
v -0.4429 14.5556 -0.0984
v -0.3558 14.4674 0.0111
v -0.0590 14.3351 0.1870
v -0.4884 14.7208 -0.4745
v -0.1377 14.3533 0.1582
v 0.0000 14.3290 0.2458
v -0.5059 14.7727 -0.5633
v -0.4489 14.6605 -0.5083
v -0.4674 14.6957 -0.5932
v -0.4069 14.5514 -0.5565
v -0.4411 14.5947 -0.6318
v -0.4071 14.4156 -0.6156
v -0.4329 14.4661 -0.6825
v -0.4192 14.2637 -0.6877
v -0.4327 14.2898 -0.7611
v -0.4582 14.0978 -0.7691
v -0.4828 14.1345 -0.8439
v -0.5318 13.9615 -0.8392
v -0.5447 13.9738 -0.9140
v -0.4310 14.6006 -0.3235
v -0.4631 14.6579 -0.3933
v -0.3857 14.5578 -0.3869
v -0.4192 14.6016 -0.4412
v -0.3416 14.4813 -0.4624
v -0.3742 14.5253 -0.5137
v -0.3353 14.3505 -0.5260
v -0.3792 14.3808 -0.5584
v -0.3704 14.2085 -0.5645
v -0.3945 14.2344 -0.6216
v -0.4082 14.0616 -0.6335
v -0.4395 14.0787 -0.6980
v -0.4802 13.9289 -0.7084
v -0.5021 13.9406 -0.7659
v -0.4001 14.5582 -0.2634
v -0.2934 14.3236 -0.5008
v -0.3305 14.1840 -0.5272
v -0.3735 14.0390 -0.5752
v -0.4484 13.9026 -0.6365
v 0.0000 14.3264 0.1952
v -0.0562 14.3420 0.0328
v -0.1238 14.3645 -0.0020
v 0.0000 14.3321 0.0409
v -0.3135 14.4543 -0.1161
v -0.0520 14.3467 -0.0887
v -0.1103 14.3613 -0.1150
v 0.0000 14.3363 -0.0695
v -0.2707 14.4442 -0.2182
v -0.0378 14.3321 -0.2509
v -0.0815 14.3402 -0.2661
v 0.0000 14.3291 -0.2480
v -0.2164 14.3722 -0.3413
v -0.0286 14.2405 -0.3549
v -0.1529 14.2542 -0.3961
v -0.0653 14.2440 -0.3661
v -0.1805 13.8180 -0.3989
v 0.0000 14.2395 -0.3540
v -0.1924 14.2695 -0.4235
v -0.0339 14.1009 -0.3912
v -0.1589 14.1277 -0.4456
v -0.0733 14.1032 -0.4007
v -0.1375 13.9718 -0.4339
v 0.0000 14.0983 -0.3893
v -0.2048 14.1373 -0.4637
v -0.0466 13.9509 -0.4102
v -0.1924 13.9783 -0.4426
v -0.0918 13.9555 -0.4143
v -0.1142 14.1129 -0.4183
v 0.0000 13.9491 -0.4080
v -0.2482 13.9911 -0.4627
v -0.0575 13.7986 -0.4042
v -0.2462 13.8343 -0.4212
v -0.1157 13.8134 -0.4074
v -0.1098 14.2463 -0.3762
v 0.0000 13.8050 -0.4022
v -0.3113 13.8416 -0.4494
v -0.4881 14.7415 -0.7090
v -0.4675 14.6456 -0.7389
v -0.4483 14.5194 -0.7749
v -0.4482 14.3305 -0.8470
v -0.4962 14.1677 -0.9217
v -0.5744 14.0020 -0.9950
v -0.4861 14.7721 -0.8434
v -0.4668 14.6762 -0.8657
v -0.4445 14.5550 -0.8868
v -0.4614 14.3786 -0.9452
v -0.4985 14.2023 -1.0072
v -0.5903 14.0538 -1.0810
v -0.4612 14.7875 -0.9823
v -0.4501 14.6966 -0.9970
v -0.4497 14.5806 -1.0156
v -0.4590 14.4163 -1.0505
v -0.4897 14.2420 -1.1009
v -0.5660 14.0867 -1.1635
v -0.4265 14.7976 -1.1068
v -0.4218 14.7144 -1.1131
v -0.4175 14.6008 -1.1248
v -0.4217 14.4495 -1.1455
v -0.4460 14.2706 -1.1844
v -0.5111 14.1100 -1.2486
v -0.3563 14.8100 -1.1852
v -0.3475 14.7292 -1.1846
v -0.3433 14.6156 -1.1885
v -0.3438 14.4592 -1.2048
v -0.3453 14.2736 -1.2434
v -0.4087 14.1200 -1.3067
v -0.2494 14.8264 -1.2253
v -0.2393 14.7454 -1.2138
v -0.2339 14.6367 -1.2096
v -0.2362 14.4755 -1.2230
v -0.2494 14.2748 -1.2676
v -0.3024 14.1235 -1.3389
v 0.0000 14.8573 -1.2331
v 0.0000 14.7704 -1.2093
v 0.0000 14.6538 -1.1871
v 0.0000 14.4875 -1.1986
v 0.0000 14.2739 -1.2391
v 0.0000 14.1092 -1.3337
v -0.7020 15.2259 -0.3710
v -0.7402 15.6694 -0.6832
v -0.5408 16.2844 -1.0393
v -0.4443 16.3821 -1.0962
v -0.7313 15.8995 -0.8059
v -0.6888 16.0250 -0.8776
v -0.7329 15.5748 -0.6454
v -0.6705 15.0053 -0.4170
v -0.7011 15.3427 -0.3066
v -0.6982 15.2331 -0.3218
v -0.6663 15.0137 -0.3367
v -0.6964 15.4621 -0.2839
v -0.6848 15.5880 -0.2418
v -0.7342 15.6096 -0.5749
v -0.7278 15.5415 -0.7004
v -0.7068 15.4709 -0.7514
v -0.6488 15.2609 -0.7596
v -0.6660 15.3220 -0.7676
v -0.6385 16.2734 -0.7231
v -0.4362 16.5253 -0.7858
v 0.0000 16.6453 -0.7838
v -0.5444 16.4135 -0.7567
v 0.0000 16.6589 -0.4035
v 0.0000 16.5780 -0.1281
v -0.3856 16.4970 -0.1756
v -0.5636 14.9392 -0.5834
v -0.5103 14.8198 -0.6743
v -0.5104 14.8656 -0.8148
v -0.4767 14.8632 -0.9774
v -0.4283 14.8658 -1.1020
v -0.3500 14.8774 -1.1916
v -0.2538 14.8893 -1.2327
v -0.3553 14.4837 0.0563
v -0.4581 14.5821 -0.0497
v -0.5005 14.6370 -0.1106
v -0.5378 14.6938 -0.1907
v -0.5796 14.7803 -0.2736
v -0.3415 15.7481 0.3216
v -0.2912 14.6604 0.2833
v -0.2483 14.6306 0.3037
v -0.0374 15.1687 0.5437
v -0.2948 14.9094 0.3285
v -0.5352 15.2645 0.1811
v -0.5630 15.2312 0.1508
v -0.4860 15.3182 0.2141
v -0.5093 15.3502 0.1906
v -0.4706 15.2623 0.2388
v -0.5080 15.2939 0.2009
v -0.1678 15.2506 0.3555
v -0.4110 15.2453 0.2873
v -0.1176 15.3526 0.3418
v -0.6320 14.9822 -0.1663
v -0.6072 14.8681 -0.4030
v -0.6364 14.8895 -0.3323
v -0.2158 14.3828 0.1174
v -0.2231 14.3988 0.2034
v -0.4562 14.6159 0.0005
v -0.2907 14.4505 0.1490
v -0.3521 14.5018 0.0952
v -0.1472 14.3602 0.2456
v -0.0649 14.3423 0.2656
v -0.2920 14.4253 0.0635
v -0.2224 14.3900 0.1700
v -0.2946 14.4364 0.1121
v -0.2619 14.4254 -0.0757
v -0.2275 14.4200 -0.1829
v -0.1720 14.3887 -0.1469
v -0.1967 14.3937 -0.0365
v -0.3749 14.5237 -0.2094
v -0.2637 14.3073 -0.4796
v -0.2936 14.1645 -0.5032
v -0.3469 14.0192 -0.5162
v -0.4031 13.8804 -0.5768
v -0.6525 14.9907 -0.5045
v -0.5637 14.9821 -0.6552
v 0.0000 14.9274 -1.2511
v -0.6041 15.1874 -0.7994
v -0.5529 15.1728 -0.9624
v -0.5109 15.1663 -1.0682
v -0.4538 15.1710 -1.1726
v -0.3779 15.1733 -1.2567
v -0.2851 15.1617 -1.3135
v 0.0000 15.1566 -1.3567
v -0.6253 15.2584 -0.8228
v -0.5724 15.2715 -0.9881
v -0.5306 15.2783 -1.0940
v -0.4702 15.2886 -1.2006
v -0.3952 15.2964 -1.2902
v -0.3079 15.2932 -1.3590
v 0.0000 15.2840 -1.4293
v -0.6503 15.3332 -0.8351
v -0.6032 15.3801 -1.0250
v -0.5546 15.3997 -1.1292
v -0.4910 15.4174 -1.2345
v -0.4148 15.4323 -1.3302
v -0.3265 15.4360 -1.4027
v 0.0000 15.4339 -1.4788
v -0.7026 15.5195 -0.8135
v -0.6513 15.6107 -1.0268
v -0.5991 15.6580 -1.1448
v -0.5283 15.6991 -1.2528
v -0.4468 15.7323 -1.3580
v -0.3544 15.7589 -1.4291
v 0.0000 15.8033 -1.4907
v -0.7290 15.6181 -0.7575
v -0.7087 15.8092 -0.9182
v -0.6615 15.9125 -1.0151
v -0.5987 16.0146 -1.1194
v -0.5124 16.1122 -1.2378
v -0.4048 16.1786 -1.3009
v 0.0000 16.2477 -1.3600
v -0.4128 16.5588 -0.4353
v -0.5333 16.4505 -0.4533
v -0.5129 16.4117 -0.2198
v -0.6467 15.9981 -0.0894
v -0.6326 16.3096 -0.4778
v -0.7073 16.1454 -0.5056
v -0.5609 16.1104 0.0083
v -0.7067 16.1181 -0.6924
v -0.7443 15.9669 -0.6568
v -0.7429 15.7070 -0.5945
v -0.4425 16.1901 0.0954
v -0.3127 16.2454 0.1653
v -0.1595 16.1655 0.2816
v 0.0000 16.1819 0.2952
v -0.0616 16.1777 0.2914
v -0.6920 16.1292 -0.3528
v -0.6182 16.2863 -0.2830
v -0.7407 15.9824 -0.5212
v -0.7306 15.9750 -0.4058
v -0.0550 14.3336 0.1189
v -0.1310 14.3542 0.0875
v 0.0000 14.3231 0.1309
v -0.5362 14.8833 -0.6243
v -0.2054 14.3842 0.0505
v -0.2808 14.4215 0.0011
v -0.3390 14.4590 -0.0468
v -0.5406 14.8365 -0.5292
v -0.5394 14.7820 -0.4413
v -0.5099 14.7018 -0.3570
v -0.4398 14.5803 -0.2093
v -0.4087 14.5386 -0.1494
v -0.4738 14.6316 -0.2774
v -0.5402 14.9313 -0.7161
v -0.5853 15.1750 -0.8700
v -0.6092 15.2640 -0.9026
v -0.6409 15.3520 -0.9267
v -0.6920 15.5676 -0.9113
v -0.7314 15.7085 -0.8298
v -0.7521 15.8226 -0.6188
v -0.5975 16.2283 -0.1424
v -0.6769 16.0913 -0.2357
v -0.7222 15.9525 -0.3111
v -0.4851 16.3354 -0.0581
v 0.0000 16.4571 0.0675
v -0.0651 16.2915 0.2149
v 0.0000 16.2932 0.2208
v -0.3535 16.4015 0.0024
v -0.0900 14.1169 -1.3310
v -0.0540 14.8526 -1.2350
v -0.0490 14.7681 -1.2161
v -0.0941 16.4425 0.0624
v -0.1497 16.2362 -1.3532
v -0.1260 15.7958 -1.4869
v -0.0559 14.9208 -1.2471
v -0.1519 16.6447 -0.4071
v -0.1747 16.6251 -0.7923
v -0.1159 15.4285 -1.4709
v -0.1020 15.2830 -1.4202
v -0.0762 15.1586 -1.3533
v -0.1196 16.5650 -0.1299
v -0.0475 14.4929 -1.2058
v -0.0461 14.6541 -1.1947
v -0.0683 14.2796 -1.2646
v -0.3554 14.5201 -0.3389
v -0.3297 14.4958 -0.2971
v -0.3058 14.4386 -0.4369
v -0.2751 14.4140 -0.4024
v -0.1765 14.3584 -0.3165
v -0.1323 14.3475 -0.2860
v -0.1479 14.8437 -1.2321
v -0.1587 14.2830 -1.2924
v -0.2386 16.5463 -0.1389
v -0.1519 14.9077 -1.2432
v -0.1794 15.1615 -1.3453
v -0.1372 14.6446 -1.2094
v -0.1910 14.1192 -1.3327
v -0.2429 15.7803 -1.4702
v -0.2265 15.4303 -1.4538
v -0.2090 15.2868 -1.4046
v -0.2790 16.2175 -1.3398
v -0.3019 16.5919 -0.7939
v -0.1387 14.4808 -1.2204
v -0.2708 16.6218 -0.4118
v -0.1409 14.7609 -1.2176
v -0.2057 16.4291 0.0474
v -0.3487 15.4994 0.2893
v -0.3114 15.4992 0.2976
v -0.3806 15.4924 0.2763
v -0.4067 15.4835 0.2606
v -0.4238 15.4764 0.2479
v -0.4297 15.4682 0.2440
v -0.4340 15.4607 0.2412
v -0.4350 15.4551 0.2392
v -0.4342 15.4506 0.2389
v -0.4316 15.4426 0.2415
v -0.4202 15.4352 0.2515
v -0.4009 15.4254 0.2651
v -0.3807 15.4169 0.2755
v -0.3497 15.4104 0.2880
v -0.3109 15.4091 0.2932
v -0.2760 15.4118 0.2882
v -0.2438 15.4172 0.2803
v -0.2178 15.4247 0.2679
v -0.2720 15.4919 0.2963
v -0.2353 15.4773 0.2852
v -0.2194 15.4628 0.2754
v -0.2087 15.4488 0.2700
v -0.2030 15.4427 0.2693
v -0.2030 15.4359 0.2678
v -0.2108 15.4301 0.2664
v -0.2139 15.4559 0.2728
v -0.3508 15.4931 0.2620
v -0.3141 15.4926 0.2684
v -0.3846 15.4885 0.2526
v -0.4066 15.4846 0.2403
v -0.4217 15.4760 0.2281
v -0.4280 15.4695 0.2222
v -0.4322 15.4619 0.2157
v -0.4335 15.4553 0.2112
v -0.4338 15.4492 0.2085
v -0.4347 15.4444 0.2081
v -0.4254 15.4338 0.2190
v -0.4017 15.4242 0.2366
v -0.3807 15.4195 0.2466
v -0.3528 15.4144 0.2557
v -0.3103 15.4143 0.2614
v -0.2774 15.4163 0.2576
v -0.2404 15.4222 0.2474
v -0.2222 15.4251 0.2425
v -0.2706 15.4860 0.2660
v -0.2354 15.4764 0.2577
v -0.2178 15.4664 0.2484
v -0.2096 15.4503 0.2466
v -0.2048 15.4430 0.2460
v -0.2036 15.4391 0.2459
v -0.2081 15.4326 0.2449
v -0.2146 15.4580 0.2465
v -0.3512 15.5424 0.2645
v -0.3087 15.5427 0.2713
v -0.3865 15.5330 0.2531
v -0.4121 15.5198 0.2407
v -0.4298 15.5043 0.2293
v -0.4407 15.4894 0.2212
v -0.4476 15.4747 0.2149
v -0.4513 15.4607 0.2108
v -0.4524 15.4470 0.2092
v -0.4510 15.4341 0.2104
v -0.4383 15.4082 0.2232
v -0.4200 15.3896 0.2373
v -0.3939 15.3726 0.2510
v -0.3555 15.3594 0.2632
v -0.3018 15.3558 0.2692
v -0.2597 15.3625 0.2647
v -0.2294 15.3733 0.2557
v -0.1983 15.3938 0.2409
v -0.2632 15.5316 0.2708
v -0.2253 15.5119 0.2624
v -0.2005 15.4904 0.2511
v -0.1794 15.4550 0.2329
v -0.1765 15.4407 0.2274
v -0.1776 15.4273 0.2276
v -0.1838 15.4114 0.2316
v -0.1867 15.4712 0.2414
v -0.3512 15.5778 0.2269
v -0.3044 15.5804 0.2332
v -0.3895 15.5644 0.2174
v -0.4180 15.5456 0.2069
v -0.4377 15.5249 0.1969
v -0.4504 15.5046 0.1888
v -0.4582 15.4850 0.1825
v -0.4623 15.4660 0.1784
v -0.4634 15.4469 0.1767
v -0.4617 15.4287 0.1779
v -0.4495 15.3937 0.1879
v -0.4325 15.3689 0.1985
v -0.4042 15.3439 0.2104
v -0.3603 15.3236 0.2221
v -0.3007 15.3174 0.2279
v -0.2524 15.3276 0.2250
v -0.2209 15.3431 0.2188
v -0.1864 15.3745 0.2085
v -0.2545 15.5681 0.2338
v -0.2124 15.5426 0.2283
v -0.1849 15.5125 0.2195
v -0.1640 15.4613 0.2077
v -0.1625 15.4411 0.2060
v -0.1645 15.4216 0.2040
v -0.1717 15.3992 0.2036
v -0.1703 15.4848 0.2115
v -0.3484 15.5975 0.1867
v -0.3004 15.6012 0.1911
v -0.3879 15.5827 0.1801
v -0.4177 15.5618 0.1722
v -0.4388 15.5386 0.1643
v -0.4527 15.5152 0.1573
v -0.4614 15.4924 0.1517
v -0.4660 15.4697 0.1478
v -0.4672 15.4469 0.1460
v -0.4652 15.4251 0.1462
v -0.4528 15.3852 0.1523
v -0.4360 15.3576 0.1593
v -0.4069 15.3289 0.1682
v -0.3611 15.3051 0.1771
v -0.2991 15.2977 0.1830
v -0.2495 15.3093 0.1830
v -0.2176 15.3266 0.1804
v -0.1809 15.3629 0.1757
v -0.2496 15.5891 0.1920
v -0.2060 15.5620 0.1890
v -0.1768 15.5279 0.1842
v -0.1547 15.4669 0.1761
v -0.1536 15.4425 0.1739
v -0.1564 15.4191 0.1728
v -0.1647 15.3921 0.1736
v -0.1612 15.4951 0.1795
v -0.3444 15.6046 0.1550
v -0.2975 15.6080 0.1579
v -0.3837 15.5901 0.1503
v -0.4139 15.5692 0.1446
v -0.4357 15.5455 0.1385
v -0.4505 15.5210 0.1329
v -0.4598 15.4966 0.1281
v -0.4648 15.4720 0.1246
v -0.4660 15.4471 0.1226
v -0.4637 15.4237 0.1222
v -0.4508 15.3823 0.1255
v -0.4340 15.3542 0.1297
v -0.4050 15.3248 0.1356
v -0.3592 15.3003 0.1422
v -0.2976 15.2926 0.1482
v -0.2489 15.3040 0.1505
v -0.2176 15.3211 0.1506
v -0.1801 15.3582 0.1498
v -0.2482 15.5962 0.1586
v -0.2055 15.5700 0.1575
v -0.1758 15.5360 0.1555
v -0.1518 15.4713 0.1519
v -0.1505 15.4445 0.1506
v -0.1536 15.4187 0.1499
v -0.1627 15.3893 0.1496
v -0.1591 15.5018 0.1535
v -0.3403 15.6055 0.1303
v -0.1505 15.4470 0.1321
v -0.3788 15.5920 0.1273
v -0.1779 15.5397 0.1329
v -0.4312 15.5485 0.1186
v -0.4465 15.5239 0.1143
v -0.4616 15.4737 0.1072
v -0.4628 15.4480 0.1051
v -0.2484 15.3049 0.1260
v -0.4472 15.3829 0.1052
v -0.4305 15.3553 0.1072
v -0.4017 15.3261 0.1106
v -0.3563 15.3018 0.1156
v -0.2959 15.2939 0.1216
v -0.4603 15.4241 0.1042
v -0.2180 15.3213 0.1280
v -0.1807 15.3579 0.1295
v -0.4563 15.4990 0.1104
v -0.2073 15.5721 0.1331
v -0.2481 15.5968 0.1330
v -0.4090 15.5719 0.1232
v -0.1524 15.4750 0.1324
v -0.2951 15.6082 0.1322
v -0.1536 15.4199 0.1315
v -0.1629 15.3895 0.1303
v -0.1605 15.5061 0.1327
v -0.3362 15.6030 0.1080
v -0.1527 15.4498 0.1143
v -0.3733 15.5908 0.1060
v -0.1819 15.5409 0.1123
v -0.4254 15.5493 0.1001
v -0.4411 15.5253 0.0971
v -0.4566 15.4755 0.0908
v -0.4579 15.4497 0.0884
v -0.2480 15.3095 0.1032
v -0.4422 15.3860 0.0863
v -0.4256 15.3592 0.0863
v -0.3971 15.3307 0.0878
v -0.3526 15.3071 0.0913
v -0.2940 15.2993 0.0973
v -0.4554 15.4259 0.0874
v -0.2186 15.3250 0.1071
v -0.1823 15.3604 0.1103
v -0.4511 15.5008 0.0938
v -0.2102 15.5709 0.1114
v -0.2488 15.5938 0.1100
v -0.4030 15.5720 0.1033
v -0.1552 15.4781 0.1139
v -0.2931 15.6049 0.1091
v -0.1553 15.4224 0.1138
v -0.1645 15.3920 0.1120
v -0.1642 15.5089 0.1132
v -0.3320 15.5966 0.0850
v -0.1578 15.4527 0.0938
v -0.3666 15.5861 0.0837
v -0.1883 15.5396 0.0901
v -0.4173 15.5477 0.0796
v -0.4330 15.5249 0.0777
v -0.4483 15.4774 0.0720
v -0.4495 15.4521 0.0695
v -0.2488 15.3184 0.0785
v -0.4343 15.3914 0.0657
v -0.4178 15.3662 0.0640
v -0.3899 15.3391 0.0640
v -0.3477 15.3171 0.0662
v -0.2927 15.3095 0.0717
v -0.4472 15.4290 0.0682
v -0.2207 15.3324 0.0838
v -0.1859 15.3659 0.0885
v -0.4430 15.5017 0.0753
v -0.2148 15.5664 0.0883
v -0.2506 15.5870 0.0862
v -0.3950 15.5690 0.0817
v -0.1611 15.4802 0.0927
v -0.2919 15.5975 0.0852
v -0.1599 15.4262 0.0933
v -0.1688 15.3967 0.0908
v -0.1708 15.5099 0.0914
v -0.3278 15.5833 0.0576
v -0.1699 15.4556 0.0658
v -0.3580 15.5748 0.0570
v -0.2004 15.5341 0.0621
v -0.4042 15.5410 0.0537
v -0.4192 15.5209 0.0529
v -0.4329 15.4780 0.0476
v -0.4339 15.4546 0.0452
v -0.2537 15.3344 0.0494
v -0.4199 15.4000 0.0412
v -0.4041 15.3779 0.0386
v -0.3784 15.3540 0.0376
v -0.3412 15.3348 0.0391
v -0.2931 15.3278 0.0432
v -0.4320 15.4334 0.0441
v -0.2277 15.3459 0.0552
v -0.1958 15.3759 0.0598
v -0.4284 15.5002 0.0509
v -0.2241 15.5568 0.0604
v -0.2558 15.5741 0.0580
v -0.3834 15.5600 0.0552
v -0.1740 15.4809 0.0644
v -0.2925 15.5834 0.0573
v -0.1715 15.4314 0.0653
v -0.1799 15.4043 0.0623
v -0.1840 15.5080 0.0630
v -0.3378 15.4097 -0.0082
v -0.3306 15.3987 -0.0058
v -0.3237 15.3885 -0.0029
v -0.3037 15.3854 -0.0022
v -0.3452 15.4411 -0.0116
v -0.2869 15.3994 -0.0062
v -0.2758 15.4167 -0.0091
v -0.3431 15.4832 -0.0091
v -0.2835 15.5168 0.0005
v -0.2934 15.5251 0.0031
v -0.3289 15.5176 0.0000
v -0.2654 15.4777 -0.0078
v -0.3025 15.5323 0.0066
v -0.2638 15.4478 -0.0097
v -0.2684 15.4321 -0.0100
v -0.2699 15.4926 -0.0055
v -0.3455 15.4295 -0.0105
v -0.2816 15.4067 -0.0076
v -0.2344 15.3790 0.0219
v -0.3983 15.4254 0.0139
v -0.2137 15.5009 0.0257
v -0.2091 15.4164 0.0237
v -0.2016 15.4385 0.0260
v -0.2965 15.5578 0.0260
v -0.2047 15.4791 0.0260
v -0.3634 15.5402 0.0234
v -0.2694 15.5504 0.0255
v -0.2454 15.5380 0.0261
v -0.3989 15.4933 0.0191
v -0.2221 15.3934 0.0225
v -0.2475 15.3699 0.0204
v -0.4014 15.4389 0.0141
v -0.2971 15.3576 0.0145
v -0.3329 15.3631 0.0123
v -0.3595 15.3777 0.0110
v -0.3790 15.3957 0.0111
v -0.3918 15.4123 0.0129
v -0.2679 15.3620 0.0173
v -0.4026 15.4562 0.0147
v -0.4020 15.4753 0.0166
v -2.2172 13.4651 -0.8438
v -2.0698 13.4155 -0.5426
v -1.8990 13.3727 -0.4546
v -1.5915 13.2756 -0.3063
v -1.4686 13.1894 -0.2651
v -1.3826 13.0845 -0.2265
v -1.3219 12.9905 -0.1785
v -1.2747 12.8852 -0.1147
v -1.2330 12.7599 -0.0411
v -1.1837 12.6250 0.0456
v -1.7690 13.5219 -0.3998
v -1.9357 13.5703 -0.4921
v -2.0885 13.6112 -0.8362
v -1.4565 13.3921 -0.2430
v -1.3256 13.2988 -0.1908
v -1.2232 13.1906 -0.1410
v -1.1491 13.0897 -0.0837
v -1.0991 12.9840 -0.0113
v -1.0615 12.8603 0.0554
v -1.0233 12.7253 0.1222
v -1.5842 13.6573 -0.3728
v -1.7436 13.7479 -0.4791
v -1.8529 13.8074 -0.8317
v -1.2589 13.4722 -0.2104
v -1.0963 13.3686 -0.1454
v -0.9875 13.2555 -0.0856
v -0.9082 13.1508 -0.0249
v -0.8448 13.0426 0.0427
v -0.8051 12.9233 0.0987
v -0.7666 12.7822 0.1625
v -1.3198 13.7098 -0.3760
v -1.4147 13.7966 -0.5023
v -1.5132 13.8957 -0.8361
v -1.0064 13.5164 -0.2057
v -0.7773 13.4056 -0.1300
v -0.7189 13.2671 -0.0587
v -0.6663 13.1558 0.0031
v -0.6162 13.0378 0.0545
v -0.5856 12.9344 0.1004
v -0.5546 12.7822 0.1648
v -1.0353 13.7049 -0.4411
v -1.1027 13.7538 -0.5693
v -1.1767 13.8133 -0.8475
v -0.7813 13.5789 -0.2577
v 0.0000 13.1893 -0.0755
v 0.0000 13.0900 -0.0368
v 0.0000 12.8868 0.0429
v 0.0000 12.7399 0.1035
v -0.6124 13.5244 -0.1815
v -2.4127 13.1741 -0.8584
v -2.2644 13.1326 -0.6074
v -2.1009 13.0888 -0.5456
v -1.7773 13.0081 -0.5323
v -1.6511 12.9482 -0.5772
v -1.5485 12.8698 -0.5890
v -1.4739 12.7821 -0.5747
v -1.4139 12.6760 -0.5383
v -1.3505 12.5452 -0.4825
v -1.2720 12.3760 -0.4104
v -2.5310 12.9696 -0.8539
v -2.3714 12.9581 -0.6033
v -2.2096 12.9118 -0.5423
v -1.8841 12.8591 -0.6236
v -1.7643 12.8126 -0.7750
v -1.7209 12.7388 -0.9275
v -1.5235 12.6841 -0.9054
v -1.4857 12.5969 -0.8901
v -1.4538 12.4733 -0.8660
v -1.4227 12.2969 -0.8338
v -2.5988 12.8465 -0.8653
v -2.4517 12.8306 -0.5988
v -2.2896 12.7893 -0.5320
v -2.0070 12.7040 -0.6305
v -1.8854 12.6717 -0.7792
v -1.8107 12.6406 -0.9391
v -2.2975 13.3567 -0.8507
v -2.1700 13.3047 -0.5658
v -1.9938 13.2604 -0.4971
v -1.6844 13.1656 -0.3816
v -1.5712 13.0894 -0.3584
v -1.4871 12.9924 -0.3336
v -1.4185 12.9034 -0.2960
v -1.3588 12.8026 -0.2406
v -1.2994 12.6814 -0.1653
v -1.2372 12.5258 -0.0622
v -2.4795 13.0813 -0.8539
v -2.3071 13.0496 -0.6134
v -2.1469 13.0108 -0.5511
v -1.8164 12.9493 -0.5967
v -1.6775 12.8727 -0.7229
v -1.5653 12.8109 -0.7416
v -1.4966 12.7371 -0.7348
v -1.4473 12.6373 -0.7087
v -1.4014 12.5035 -0.6652
v -1.3602 12.3194 -0.6098
v -2.1812 13.4530 -0.6722
v -2.0454 13.6006 -0.6527
v -1.8279 13.7973 -0.6482
v -1.4854 13.8685 -0.6693
v -1.1458 13.7957 -0.7136
v -2.3698 13.1627 -0.7200
v -2.4919 12.9759 -0.7226
v -2.5560 12.8492 -0.7206
v -2.2697 13.3417 -0.6920
v -2.4234 13.0755 -0.7245
v -0.3326 13.7037 -0.3601
v -0.2468 13.6834 -0.3210
v -0.5396 13.7532 -0.5993
v -0.6061 13.7895 -0.6724
v -0.6542 13.8192 -0.7561
v -0.3405 13.7674 -1.5630
v -0.1611 13.7494 -1.5217
v 0.0000 13.7384 -1.5113
v -0.5183 13.7780 -1.5506
v -0.7001 13.7896 -1.5168
v -0.8818 13.8181 -1.4530
v -0.4788 13.3552 -0.1098
v 0.0000 12.5361 0.1960
v -0.0706 12.5643 0.1857
v -0.1128 12.7998 0.0934
v -0.2466 13.4407 -0.1469
v -0.1160 12.9306 0.0404
v -0.1134 13.0932 -0.0319
v -1.0063 13.8233 -1.3782
v -1.1125 13.8436 -1.2985
v -1.1898 13.8645 -1.2026
v -1.2191 13.8614 -1.0899
v -1.2200 13.8618 -0.9686
v -0.9687 13.8472 -0.9424
v -0.9908 13.8725 -1.0432
v -0.9847 13.8884 -1.1375
v -0.9389 13.8853 -1.2253
v -0.8746 13.8967 -1.3096
v -0.7619 13.9156 -1.3950
v -0.5931 13.8968 -1.4705
v -0.4364 13.8942 -1.4960
v 0.0000 13.8634 -1.4432
v -0.1355 13.8763 -1.4598
v -0.2863 13.8894 -1.4918
v -0.2370 14.0075 -1.4154
v -0.1110 14.0000 -1.3978
v 0.0000 13.9910 -1.3651
v -0.3671 14.0103 -1.4267
v -0.4940 14.0071 -1.3992
v -0.6346 14.0128 -1.3239
v -0.7177 13.9944 -1.2397
v -0.7589 13.9636 -1.1557
v -0.1109 13.1985 -0.0702
v -0.7739 13.9355 -1.0711
v -0.7690 13.9202 -0.9849
v -0.7422 13.8875 -0.8985
v -0.2531 13.2146 -0.0643
v -0.2474 13.1064 -0.0283
v -0.2484 13.3206 -0.1096
v -0.4149 13.4673 -0.1618
v -0.1607 13.6735 -0.3101
v -0.4030 13.7101 -0.4400
v -0.6953 13.8478 -0.8196
v -0.5484 13.6119 -0.3808
v -0.2185 13.5610 -0.2082
v -0.4531 13.6009 -0.2798
v -0.3389 13.5811 -0.2234
v -0.7488 13.6849 -0.5601
v -0.8221 13.7213 -0.6373
v -0.8818 13.7717 -0.7440
v -0.9323 13.8189 -0.8436
v -0.0565 13.6405 -0.3376
v 0.0000 13.6451 -0.3515
v -0.1013 13.5383 -0.2228
v 0.0000 13.5447 -0.2638
v -0.1165 13.4239 -0.1487
v 0.0000 13.4156 -0.1573
v -0.1115 13.3032 -0.1130
v 0.0000 13.2959 -0.1117
v -0.2327 12.9677 0.0350
v -0.2101 12.8395 0.0885
v -0.1826 12.6299 0.1718
v -0.3661 12.7424 0.1500
v -0.4027 12.8991 0.0885
v -0.4360 13.0169 0.0383
v -0.4604 13.1249 -0.0137
v -0.4828 13.2309 -0.0548
v -0.3860 13.6398 -1.5978
v -0.1787 13.6162 -1.5665
v 0.0000 13.5988 -1.5519
v -0.5920 13.6595 -1.5827
v -0.7790 13.6805 -1.5520
v -0.9587 13.7091 -1.5029
v -1.1301 13.7414 -1.4446
v -1.2859 13.7887 -1.3740
v -1.4178 13.8367 -1.2725
v -1.5026 13.8927 -1.1415
v -1.5373 13.9098 -0.9910
v -0.3976 13.5076 -1.6182
v -0.1739 13.4840 -1.5905
v 0.0000 13.4678 -1.5814
v -0.6334 13.5374 -1.6114
v -0.8225 13.5609 -1.5951
v -1.0261 13.5965 -1.5562
v -1.2508 13.6445 -1.5076
v -1.4700 13.7089 -1.4421
v -1.6640 13.7567 -1.3354
v -1.8305 13.8060 -1.1906
v -1.8793 13.8141 -1.0114
v -1.3763 13.5047 -1.5559
v -1.2765 13.3322 -1.6044
v -1.2074 13.1729 -1.6242
v -1.1094 12.6851 -1.6467
v -1.0652 12.5510 -1.5856
v -1.0040 12.3983 -1.4928
v -1.0679 13.4632 -1.6038
v -1.0407 13.3092 -1.6433
v -1.0054 13.1534 -1.6785
v -0.8885 12.6998 -1.6179
v -0.8634 12.5601 -1.5806
v -0.8253 12.4107 -1.5211
v -0.8298 13.4241 -1.6307
v -0.8141 13.2775 -1.6587
v -0.7949 13.1300 -1.7073
v -0.6920 12.7144 -1.5572
v -0.6752 12.5764 -1.5442
v -0.6586 12.4194 -1.5217
v -0.6079 13.3874 -1.5919
v -0.5833 13.2424 -1.5692
v -0.5690 13.1011 -1.5849
v -0.5283 12.7160 -1.5852
v -0.5189 12.5785 -1.5686
v -0.5093 12.4236 -1.5448
v -0.3955 13.3682 -1.6297
v -0.3904 13.2191 -1.6214
v -0.3834 13.0794 -1.6288
v -0.3630 12.7133 -1.5882
v -0.3615 12.5792 -1.5724
v -0.3604 12.4256 -1.5463
v -0.1915 13.3470 -1.6107
v -0.1977 13.2016 -1.6197
v -0.1974 13.0569 -1.6164
v -0.1956 12.7193 -1.5788
v -0.2015 12.5935 -1.5623
v -0.2023 12.4228 -1.5381
v 0.0000 13.3315 -1.5974
v 0.0000 13.1879 -1.6014
v 0.0000 13.0634 -1.5929
v 0.0000 12.7261 -1.5530
v 0.0000 12.6002 -1.5378
v 0.0000 12.4206 -1.5071
v -1.6517 13.5948 -1.4790
v -1.8645 13.6233 -1.3668
v -2.0026 13.6272 -1.2068
v -2.0930 13.6127 -1.0252
v -1.8285 13.4803 -1.4725
v -2.0139 13.4923 -1.3651
v -2.1405 13.4869 -1.2098
v -2.2260 13.4753 -1.0290
v -1.6225 13.4211 -1.5343
v -1.4798 13.3059 -1.5663
v -1.5226 13.1267 -1.5324
v -1.4297 12.6567 -1.3973
v -1.3746 12.5084 -1.3603
v -1.3233 12.3662 -1.3169
v -1.9453 13.3645 -1.4465
v -2.1079 13.3770 -1.3468
v -2.2433 13.3743 -1.2068
v -2.3047 13.3712 -1.0251
v -1.7718 13.3226 -1.5031
v -1.6269 13.2399 -1.5287
v -1.3846 13.1666 -1.5759
v -1.5072 12.5534 -1.2373
v -1.4610 12.4504 -1.2190
v -1.4100 12.3254 -1.1894
v -2.0849 13.1419 -1.3980
v -2.2289 13.1741 -1.3155
v -2.3498 13.1842 -1.1804
v -2.4186 13.1845 -1.0177
v -1.9438 13.0959 -1.4486
v -1.8196 13.0274 -1.4703
v -1.5913 12.7082 -1.3230
v -1.5972 12.6527 -1.2141
v -1.5175 12.5571 -1.0725
v -1.4804 12.4503 -1.0591
v -2.1444 13.0317 -1.3900
v -2.2850 13.0595 -1.3025
v -2.4009 13.0772 -1.1761
v -2.4832 13.0871 -1.0202
v -2.0049 12.9912 -1.4402
v -1.8869 12.9428 -1.4512
v -1.6628 12.6819 -1.3014
v -1.6559 12.6473 -1.1991
v -1.6472 12.6902 -1.0652
v -2.2172 12.8965 -1.3737
v -2.3477 12.9356 -1.3033
v -2.4640 12.9625 -1.1833
v -2.5287 12.9695 -1.0206
v -2.0921 12.8612 -1.4055
v -1.9823 12.8326 -1.4164
v -1.7491 12.6243 -1.2837
v -1.7344 12.6037 -1.1811
v -1.7195 12.6593 -1.0656
v -1.5733 12.7412 -0.9103
v -2.3085 12.7467 -1.3656
v -2.4268 12.7898 -1.2957
v -2.5332 12.8291 -1.1785
v -2.5914 12.8426 -1.0206
v -2.1981 12.7053 -1.3994
v -2.1010 12.6764 -1.3899
v -1.8480 12.5313 -1.2580
v -1.8222 12.5082 -1.1770
v -1.8088 12.5853 -1.0537
v -1.6444 12.7708 -0.9098
v -1.5894 12.6778 -1.0703
v -1.5484 12.6326 -1.0731
v -1.5241 12.7028 -1.3521
v -1.7330 13.1442 -1.4950
v -1.5535 12.6201 -1.2282
v -2.2995 13.2804 -1.1911
v -2.3646 13.2769 -1.0198
v -2.1763 13.2770 -1.3337
v -2.0219 13.2536 -1.4194
v -1.8681 13.2126 -1.4722
v -2.0541 13.1692 -0.5279
v -2.2211 13.2097 -0.5893
v -2.3535 13.2587 -0.8556
v -1.4534 12.8364 -0.4284
v -1.5277 12.9266 -0.4546
v -1.6193 13.0115 -0.4624
v -1.7362 13.0721 -0.4597
v -2.3195 13.2426 -0.7085
v -1.2541 12.4652 -0.2102
v -1.3210 12.6167 -0.3121
v -1.3884 12.7344 -0.3816
v -1.7219 12.9535 -1.4644
v -1.7898 12.8910 -1.4368
v -1.8911 12.7974 -1.3961
v -2.0166 12.6490 -1.3828
v -1.6251 13.0639 -1.4979
v -1.4402 12.3051 -1.0389
v -1.1808 12.3869 -1.4201
v -1.2313 12.5386 -1.4775
v -1.2743 12.6829 -1.5217
v -2.6938 12.7095 -0.8662
v -2.5525 12.6726 -0.5868
v -2.4257 12.6194 -0.5304
v -2.1552 12.5069 -0.6214
v -2.0380 12.4800 -0.7512
v -1.9799 12.4492 -0.9172
v -2.6528 12.7005 -0.7102
v -2.4240 12.5870 -1.3520
v -2.5314 12.6424 -1.2860
v -2.6344 12.6838 -1.1670
v -2.6857 12.7032 -1.0132
v -2.3225 12.5367 -1.3929
v -2.2336 12.5002 -1.3858
v -1.9805 12.3963 -1.2444
v -1.9625 12.3869 -1.1580
v -1.9497 12.4201 -1.0498
v -2.1516 12.4665 -1.3800
v -2.7976 12.5654 -0.8409
v -2.6692 12.5114 -0.5758
v -2.5520 12.4282 -0.5283
v -2.3068 12.3285 -0.6152
v -2.2313 12.2795 -0.7447
v -2.1586 12.2396 -0.9157
v -2.7627 12.5531 -0.6787
v -2.5586 12.4219 -1.3480
v -2.6624 12.4810 -1.2723
v -2.7537 12.5310 -1.1519
v -2.7970 12.5560 -0.9967
v -2.4646 12.3702 -1.3893
v -2.3802 12.3284 -1.3822
v -2.1342 12.2097 -1.2330
v -2.1194 12.2112 -1.1504
v -2.1145 12.2087 -1.0532
v -2.2969 12.2865 -1.3738
v -2.9053 12.4347 -0.8095
v -2.7831 12.3435 -0.5572
v -2.6851 12.2500 -0.5140
v -2.4605 12.1413 -0.6179
v -2.3680 12.1165 -0.7439
v -2.3086 12.0742 -0.8961
v -2.8751 12.4146 -0.6582
v -2.7035 12.2756 -1.3268
v -2.7891 12.3352 -1.2470
v -2.8793 12.3837 -1.1232
v -2.9129 12.4145 -0.9597
v -2.6144 12.2169 -1.3712
v -2.5365 12.1785 -1.3666
v -2.3019 12.0609 -1.2115
v -2.2809 12.0500 -1.1383
v -2.2737 12.0412 -1.0386
v -2.4553 12.1351 -1.3586
v -3.0057 12.3121 -0.7789
v -2.8676 12.2118 -0.5413
v -2.7749 12.1336 -0.5141
v -2.5871 11.9838 -0.6140
v -2.5092 11.9435 -0.7405
v -2.4385 11.9168 -0.8861
v -2.9627 12.2890 -0.6403
v -2.8469 12.1457 -1.2872
v -2.9157 12.2057 -1.2027
v -2.9934 12.2604 -1.0714
v -3.0151 12.2897 -0.9206
v -2.7683 12.0902 -1.3375
v -2.6935 12.0451 -1.3437
v -2.4293 11.9199 -1.2067
v -2.4070 11.9063 -1.1377
v -2.3945 11.8949 -1.0314
v -2.6047 12.0057 -1.3354
v -0.8070 12.0113 0.4755
v -0.7866 12.0090 0.4798
v -0.7687 11.9993 0.4844
v -0.7560 11.9839 0.4898
v -0.7505 11.9650 0.4933
v -0.7531 11.9455 0.4959
v -0.7636 11.9284 0.4962
v -0.7804 11.9162 0.4934
v -0.8008 11.9109 0.4890
v -0.8213 11.9132 0.4843
v -0.8392 11.9228 0.4790
v -0.8514 11.9383 0.4751
v -0.8565 11.9572 0.4725
v -0.8538 11.9767 0.4709
v -0.8433 11.9939 0.4711
v -0.8270 12.0060 0.4727
v -0.8061 11.9903 0.4822
v -0.7943 11.9889 0.4849
v -0.7839 11.9833 0.4879
v -0.7765 11.9744 0.4909
v -0.7733 11.9634 0.4931
v -0.7748 11.9520 0.4945
v -0.7809 11.9420 0.4948
v -0.7908 11.9350 0.4940
v -0.8026 11.9319 0.4914
v -0.8146 11.9332 0.4887
v -0.8250 11.9388 0.4852
v -0.8320 11.9478 0.4827
v -0.8349 11.9588 0.4807
v -0.8332 11.9702 0.4796
v -0.8271 11.9801 0.4795
v -0.8177 11.9872 0.4807
v -0.8094 12.0710 0.4562
v -0.7678 12.0662 0.4647
v -0.7312 12.0466 0.4746
v -0.7054 12.0152 0.4847
v -0.6943 11.9767 0.4930
v -0.6996 11.9369 0.4979
v -0.7207 11.9020 0.4977
v -0.7548 11.8773 0.4905
v -0.7961 11.8664 0.4806
v -0.8375 11.8712 0.4685
v -0.8743 11.8908 0.4576
v -0.8999 11.9222 0.4536
v -0.9102 11.9608 0.4498
v -0.9047 12.0005 0.4478
v -0.8834 12.0354 0.4481
v -0.8501 12.0602 0.4508
v -0.7940 12.2051 0.4049
v -0.7068 12.1966 0.4207
v -0.6303 12.1596 0.4389
v -0.5765 12.0998 0.4539
v -0.5543 12.0263 0.4745
v -0.5665 11.9502 0.4887
v -0.6116 11.8832 0.4936
v -0.6838 11.8355 0.4866
v -0.7689 11.8142 0.4587
v -0.8558 11.8228 0.4370
v -0.9266 11.8626 0.4086
v -0.9837 11.9196 0.3915
v -1.0040 11.9932 0.3842
v -0.9919 12.0693 0.3769
v -0.9483 12.1362 0.3878
v -0.8785 12.1839 0.3929
v -0.7709 12.4207 0.3054
v -0.6264 12.4176 0.3166
v -0.4880 12.3506 0.3384
v -0.3900 12.2381 0.3714
v -0.3627 12.1096 0.4102
v -0.3826 11.9873 0.4374
v -0.4471 11.8798 0.4580
v -0.5588 11.7877 0.4527
v -0.7253 11.7523 0.4204
v -0.8685 11.7648 0.3617
v -0.9984 11.8171 0.2860
v -1.0860 11.9196 0.2439
v -1.1016 12.0572 0.2317
v -1.0865 12.1791 0.2547
v -1.0195 12.2865 0.2921
v -0.9090 12.3842 0.3045
v -0.7553 12.5359 0.2509
v -0.5829 12.5216 0.2655
v -0.4250 12.4523 0.2815
v -0.2845 12.3130 0.3135
v -0.2371 12.1567 0.3538
v -0.2661 11.9947 0.3966
v -0.3671 11.8519 0.4359
v -0.4972 11.7561 0.4392
v -0.7051 11.7054 0.3896
v -0.8853 11.7240 0.3135
v -1.0231 11.7893 0.2173
v -1.1370 11.9170 0.1264
v -1.1453 12.0933 0.1270
v -1.1559 12.2896 0.1465
v -1.0689 12.4033 0.2131
v -0.9386 12.4906 0.2473
v -0.7429 12.6790 0.2014
v -0.5626 12.6614 0.2127
v -0.3838 12.5747 0.2228
v -0.1703 12.3915 0.2611
v -0.1233 12.1896 0.3238
v -0.1476 11.9850 0.3851
v -0.2724 11.7991 0.4370
v -0.4507 11.6938 0.4441
v -0.6946 11.6314 0.3856
v -0.9274 11.6424 0.2419
v -1.0618 11.7522 0.1007
v -1.1215 11.9265 -0.0144
v -1.1658 12.1412 0.0087
v -1.1947 12.3765 0.0410
v -1.1355 12.5134 0.1385
v -0.9902 12.6079 0.1885
v -0.8935 12.2735 0.3517
v -0.9839 12.2113 0.3407
v -0.8634 11.7911 0.4072
v -0.7510 11.7820 0.4420
v -0.7822 12.3011 0.3625
v -0.9608 11.8385 0.3537
v -0.6677 12.2900 0.3788
v -1.0256 11.9176 0.3336
v -0.4851 11.9692 0.4712
v -0.4689 12.0682 0.4479
v -0.5676 12.2419 0.3997
v -1.0528 12.0252 0.3129
v -0.5450 11.8819 0.4829
v -0.4980 12.1640 0.4214
v -1.0392 12.1242 0.3131
v -0.6255 11.8147 0.4771
v 0.0000 12.3795 0.2568
v 0.0000 12.1461 0.3339
v 0.0000 11.9672 0.3943
v 0.0000 11.7836 0.4506
v -0.0662 12.3818 0.2593
v -0.0609 12.1799 0.3248
v -0.0885 11.9706 0.3911
v -0.1421 11.7886 0.4442
v -4.4866 10.0340 1.8796
v -4.5790 9.9412 1.7904
v -4.6047 9.9952 1.8365
v -4.5550 10.0454 1.8760
v -4.5551 10.1409 1.7731
v -4.6165 10.0891 1.7231
v -4.5956 10.0226 1.6850
v -4.4914 10.1238 1.7832
v -4.4692 10.1833 1.6919
v -4.5762 10.0854 1.5810
v -4.5935 10.1424 1.6210
v -4.5400 10.2216 1.6341
v -4.5888 10.1694 1.5734
v -4.5626 10.0778 1.5328
v -4.4587 10.2175 1.6437
v -4.5425 10.1906 1.6831
v -4.4677 10.1123 1.7797
v -4.4646 10.0192 1.8729
v -4.5352 10.0621 1.5124
v -4.5471 10.0686 1.5741
v -4.5572 9.9987 1.6751
v -4.5521 9.9257 1.7774
v -4.4249 10.1940 1.6313
v -4.4414 10.1661 1.6839
v -4.5074 9.8599 2.0743
v -4.5497 9.9050 2.0252
v -4.5043 9.8215 2.0998
v -4.5962 9.7971 2.0183
v -4.5930 9.7662 2.0438
v -4.5384 9.7584 2.1002
v -4.5938 9.8704 1.9947
v -4.5766 9.8954 2.0097
v -4.5514 9.7672 2.1027
v -4.5712 9.8851 2.0137
v -4.5186 9.8178 2.1067
v -4.5932 9.7678 2.0575
v -4.5864 9.8583 2.0013
v -4.5921 9.7969 2.0324
v -4.5182 9.8521 2.0806
v -4.5907 10.0306 1.8613
v -4.6014 10.1245 1.7489
v -4.5745 10.2029 1.6090
v -4.5816 10.1756 1.6572
v -4.5437 9.8910 2.0316
v -4.4583 9.9447 1.7978
v -4.4663 10.0163 1.7189
v -4.4370 10.1072 1.5368
v -4.4397 10.0754 1.6058
v -4.5516 9.9206 2.0137
v -4.4927 9.8832 2.0440
v -4.5886 9.8012 1.9827
v -4.5974 9.8789 1.9851
v -4.5749 9.7710 2.0010
v -4.4838 9.8590 2.0564
v -4.5814 9.9086 1.9983
v -4.4963 9.7557 2.0680
v -4.4706 9.8227 1.9634
v -4.5863 9.9369 1.9726
v -4.4676 9.9104 1.9886
v -4.5531 9.8198 1.9188
v -4.6004 9.9079 1.9527
v -4.5773 9.8393 1.9198
v -4.4785 9.9271 1.9884
v -4.5484 9.9497 1.9884
v -4.5848 10.0705 1.6179
v -4.5961 10.1255 1.6603
v -4.5433 10.1753 1.7090
v -4.5521 10.0489 1.6145
v -4.4545 10.1488 1.7172
v -4.4781 10.1640 1.7220
v -4.5873 10.1601 1.6879
v -4.4486 10.0525 1.6524
v -4.6010 10.1057 1.7712
v -4.5563 9.9887 1.6921
v -4.6241 10.0670 1.7407
v -4.5952 10.0104 1.7003
v -4.4625 9.9929 1.7407
v -4.5999 10.0845 1.7954
v -4.4666 10.0812 1.8123
v -4.5536 9.9766 1.7067
v -4.5496 9.9739 1.9632
v -4.4812 9.9617 1.9514
v -4.5771 9.8775 1.8779
v -4.6042 9.9332 1.9266
v -4.5490 9.8654 1.8683
v -4.4686 9.9513 1.9442
v -4.5874 9.9602 1.9486
v -4.4718 9.8834 1.8941
v -4.4614 9.9795 1.7527
v -4.4646 10.0614 1.8300
v -4.5580 10.0793 1.8453
v -4.4840 10.0703 1.8411
v -4.6216 10.0468 1.7639
v -4.5583 10.1033 1.8216
v -4.5928 9.9955 1.7172
v -4.4890 10.0929 1.8201
v -4.5897 9.9791 1.7395
v -4.6141 10.0263 1.7894
v -4.5980 10.0622 1.8260
v -4.5516 9.9598 1.7275
v -4.4661 10.1242 1.7635
v -4.4885 10.1359 1.7651
v -4.5964 10.1378 1.7268
v -4.4603 10.0228 1.6995
v -4.4639 10.0064 1.7308
v -4.4664 10.0949 1.7969
v -4.4921 10.1083 1.8039
v -4.5557 10.1268 1.7997
v -4.5935 10.0420 1.6599
v -4.6054 10.1038 1.6980
v -4.5510 10.1522 1.7527
v -4.5585 10.0151 1.6513
v -4.5496 9.9996 1.9280
v -4.5807 9.8999 1.8506
v -4.5496 9.8823 1.8438
v -4.5861 9.9865 1.9139
v -4.4717 9.9019 1.8676
v -4.4855 9.9861 1.9284
v -4.6025 9.9578 1.8906
v -4.4697 9.9733 1.9226
v -4.5496 9.9851 1.9480
v -4.5796 9.8876 1.8645
v -4.5504 9.8741 1.8556
v -4.5871 9.9702 1.9343
v -4.4743 9.8943 1.8815
v -4.4840 9.9732 1.9411
v -4.6030 9.9449 1.9120
v -4.4696 9.9618 1.9341
v -4.4761 9.7772 2.0234
v -4.4715 9.8875 2.0137
v -4.5992 9.8905 1.9686
v -4.5607 9.7939 1.9567
v -4.5834 9.8194 1.9491
v -4.5846 9.9217 1.9848
v -4.5500 9.9352 2.0010
v -4.4806 9.9045 2.0122
v -4.4420 9.9698 1.8247
v -4.4463 10.0556 1.7487
v -4.4137 10.1306 1.5804
v -4.4195 10.1065 1.6414
v -4.5176 9.7812 2.1092
v -4.5289 9.7875 2.1149
v -4.4798 9.7897 2.0779
v -4.4570 9.8504 1.9756
v -4.4288 10.0914 1.6865
v -4.4430 10.0303 1.7734
v -4.4405 10.0122 1.7881
v -4.4583 9.9057 1.9135
v -4.4405 10.0620 1.7325
v -4.4460 10.0447 1.7622
v -4.4556 9.9281 1.8864
v -4.4597 9.9199 1.9007
v -4.4618 9.8172 2.0261
v -4.5021 9.8770 1.8649
v -4.4994 9.8834 1.8500
v -4.5051 9.9907 1.7060
v -4.4929 10.0072 1.6715
v -4.5124 9.7616 1.9956
v -4.4880 10.0352 1.6277
v -4.5406 9.7419 2.0415
v -4.5728 9.7559 2.0825
v -4.4779 10.0621 1.5852
v -4.5005 9.8656 1.8767
v -4.5023 9.9765 1.7189
v -4.5025 9.8053 1.9430
v -4.5021 9.9616 1.7323
v -4.4681 10.0679 1.4869
v -4.5021 9.9989 1.6930
v -4.4970 9.9204 1.7814
v -4.5693 9.7474 2.0772
v -4.5623 9.8803 2.0114
v -4.5568 9.7766 2.1027
v -4.5254 9.8128 2.1021
v -4.5834 9.7711 2.0617
v -4.5790 9.8548 2.0034
v -4.5829 9.7948 2.0379
v -4.5213 9.8413 2.0779
v -4.5434 9.8824 2.0299
v -4.5364 9.7928 2.1077
v -4.5762 9.7664 2.0812
v -4.5653 9.8211 2.0688
v -4.5615 9.7953 2.0901
v -4.5506 9.8470 1.8881
v -4.5764 9.8635 1.8935
v -4.4699 9.8635 1.9144
v -4.5487 9.9625 1.9745
v -4.6016 9.9213 1.9392
v -4.5867 9.9489 1.9600
v -4.4665 9.9346 1.9594
v -4.4788 9.9483 1.9644
v -4.4573 9.8823 1.9310
v -4.4981 9.8453 1.8971
v -4.7001 9.7722 1.7588
v -4.7795 9.6992 1.6486
v -4.8044 9.7518 1.6928
v -4.7545 9.7783 1.7515
v -4.7401 9.9216 1.6513
v -4.7981 9.8861 1.5814
v -4.7705 9.8266 1.5309
v -4.6822 9.9070 1.6570
v -4.6206 9.9967 1.5589
v -4.7241 9.9190 1.4373
v -4.7596 9.9960 1.4779
v -4.6741 10.0908 1.4874
v -4.7513 10.0509 1.4087
v -4.6834 9.9760 1.3727
v -4.5743 10.0610 1.5086
v -4.6983 10.0213 1.5413
v -4.6589 9.8959 1.6502
v -4.6765 9.7567 1.7553
v -4.6575 9.9454 1.3620
v -4.6898 9.8944 1.4259
v -4.7426 9.8060 1.5215
v -4.7434 9.6758 1.6380
v -4.5495 10.0438 1.4924
v -4.5939 9.9773 1.5419
v -4.7733 9.5925 1.9154
v -4.7890 9.6293 1.8683
v -4.7767 9.5626 1.9356
v -4.8306 9.5470 1.8281
v -4.8331 9.5058 1.8512
v -4.8074 9.4889 1.9217
v -4.8244 9.6007 1.8188
v -4.8103 9.6244 1.8394
v -4.8180 9.5015 1.9211
v -4.8054 9.6131 1.8438
v -4.7874 9.5600 1.9346
v -4.8355 9.5117 1.8651
v -4.8174 9.5944 1.8276
v -4.8321 9.5420 1.8409
v -4.7779 9.5873 1.9158
v -4.7935 9.7759 1.7228
v -4.7827 9.9133 1.6197
v -4.7286 10.0744 1.4604
v -4.7396 10.0224 1.5135
v -4.7862 9.6166 1.8702
v -4.6683 9.6929 1.6852
v -4.6405 9.8233 1.5758
v -4.5316 9.9513 1.3899
v -4.5891 9.9025 1.4712
v -4.7890 9.6438 1.8603
v -4.7566 9.6126 1.9002
v -4.8277 9.5544 1.8053
v -4.8266 9.6103 1.8102
v -4.8181 9.5176 1.8190
v -4.7487 9.5751 1.9240
v -4.8130 9.6355 1.8335
v -4.7614 9.4776 1.9013
v -4.7027 9.5617 1.8035
v -4.8122 9.6608 1.8155
v -4.7222 9.6449 1.8571
v -4.7795 9.5704 1.7508
v -4.8246 9.6386 1.7870
v -4.8071 9.5933 1.7517
v -4.7391 9.6588 1.8573
v -4.7825 9.6721 1.8411
v -4.7334 9.9004 1.4564
v -4.7681 9.9677 1.5065
v -4.7056 9.9933 1.5688
v -4.7026 9.8725 1.4468
v -4.6113 9.9569 1.5724
v -4.6377 9.9772 1.5816
v -4.7503 9.9915 1.5421
v -4.5998 9.8825 1.5017
v -4.7836 9.8864 1.6416
v -4.7457 9.7904 1.5356
v -4.7996 9.8575 1.6069
v -4.7749 9.8088 1.5501
v -4.6406 9.7874 1.6075
v -4.7838 9.8450 1.6704
v -4.6686 9.8523 1.6900
v -4.7469 9.7637 1.5612
v -4.7714 9.6966 1.8237
v -4.7296 9.6930 1.8276
v -4.7986 9.6271 1.7212
v -4.8202 9.6633 1.7605
v -4.7673 9.6082 1.7107
v -4.7099 9.6855 1.8222
v -4.8099 9.6888 1.7950
v -4.6883 9.6197 1.7538
v -4.6535 9.7367 1.6479
v -4.6692 9.8066 1.7186
v -4.7465 9.8241 1.7140
v -4.6902 9.8151 1.7239
v -4.7974 9.8236 1.6370
v -4.7460 9.8551 1.6902
v -4.7752 9.7833 1.5779
v -4.6908 9.8570 1.6949
v -4.7752 9.7469 1.6096
v -4.7994 9.7934 1.6622
v -4.7870 9.8155 1.6925
v -4.7382 9.7193 1.5983
v -4.6534 9.9108 1.6374
v -4.6769 9.9240 1.6406
v -4.7738 9.9381 1.5966
v -4.6328 9.8338 1.5627
v -4.6403 9.8070 1.5896
v -4.6628 9.8803 1.6650
v -4.6873 9.8878 1.6730
v -4.7401 9.8941 1.6684
v -4.7650 9.8463 1.5145
v -4.7892 9.9089 1.5598
v -4.7297 9.9404 1.6288
v -4.7359 9.8211 1.5072
v -4.7646 9.7319 1.7965
v -4.7928 9.6574 1.6944
v -4.7629 9.6347 1.6831
v -4.8048 9.7272 1.7651
v -4.6906 9.6527 1.7308
v -4.7194 9.7245 1.8014
v -4.8143 9.7012 1.7319
v -4.7017 9.7126 1.7986
v -4.7676 9.7144 1.8114
v -4.7959 9.6422 1.7083
v -4.7653 9.6223 1.6980
v -4.8099 9.7091 1.7803
v -4.6886 9.6368 1.7420
v -4.7246 9.7099 1.8135
v -4.8198 9.6824 1.7462
v -4.7052 9.6985 1.8098
v -4.7200 9.5076 1.8535
v -4.7325 9.6100 1.8893
v -4.8246 9.6178 1.8011
v -4.7969 9.5353 1.7891
v -4.8188 9.5678 1.7814
v -4.8113 9.6416 1.8276
v -4.7853 9.6531 1.8540
v -4.7494 9.6356 1.8798
v -4.6580 9.7117 1.7148
v -4.6355 9.8521 1.6138
v -4.4978 10.0163 1.4329
v -4.5778 9.9334 1.5063
v -4.7900 9.5154 1.9432
v -4.8025 9.5191 1.9388
v -4.7431 9.5108 1.9287
v -4.6925 9.5911 1.8331
v -4.5905 9.9126 1.5385
v -4.6332 9.8155 1.6420
v -4.6426 9.7626 1.6801
v -4.6789 9.6441 1.7856
v -4.6272 9.8651 1.6021
v -4.6343 9.8369 1.6294
v -4.6802 9.6772 1.7611
v -4.6793 9.6597 1.7731
v -4.7083 9.5379 1.8811
v -4.7126 9.6213 1.7178
v -4.7127 9.6370 1.7060
v -4.6698 9.7878 1.5579
v -4.6626 9.8138 1.5320
v -4.7475 9.5035 1.8180
v -4.6360 9.8656 1.4697
v -4.7846 9.4692 1.8655
v -4.8295 9.4953 1.8954
v -4.6207 9.8914 1.4438
v -4.7130 9.6057 1.7283
v -4.6700 9.7630 1.5766
v -4.7298 9.5520 1.7744
v -4.6790 9.7186 1.6172
v -4.5944 9.9446 1.3430
v -4.6716 9.8028 1.5446
v -4.6907 9.6766 1.6587
v -4.8210 9.4804 1.8906
v -4.8020 9.6075 1.8468
v -4.8206 9.5107 1.9179
v -4.7915 9.5497 1.9310
v -4.8325 9.5136 1.8716
v -4.8131 9.5924 1.8289
v -4.8276 9.5415 1.8510
v -4.7839 9.5779 1.9116
v -4.7854 9.6119 1.8691
v -4.8076 9.5210 1.9295
v -4.8267 9.5012 1.8977
v -4.8118 9.5603 1.8832
v -4.8175 9.5336 1.9038
v -4.7711 9.5939 1.7250
v -4.8013 9.6138 1.7325
v -4.6914 9.5998 1.7691
v -4.7775 9.6852 1.8314
v -4.8218 9.6521 1.7734
v -4.8103 9.6737 1.8064
v -4.7168 9.6715 1.8359
v -4.7335 9.6797 1.8392
v -4.6817 9.6245 1.8018
v -4.7156 9.5866 1.7433
v -4.8226 9.7221 1.4958
v -4.8837 9.6671 1.3832
v -4.9046 9.6966 1.4139
v -4.8716 9.7283 1.4764
v -4.8427 9.8604 1.4045
v -4.8799 9.8271 1.3375
v -4.8609 9.7885 1.3013
v -4.7899 9.8484 1.4282
v -4.7313 9.9288 1.3718
v -4.8076 9.8743 1.2296
v -4.8356 9.9333 1.2727
v -4.7653 10.0023 1.3196
v -4.8253 9.9850 1.2334
v -4.7411 9.9110 1.1664
v -4.6983 9.9645 1.3420
v -4.7876 9.9530 1.3417
v -4.7630 9.8329 1.4223
v -4.7941 9.7092 1.4924
v -4.7223 9.8728 1.1686
v -4.7814 9.8470 1.2239
v -4.8336 9.7654 1.2881
v -4.8551 9.6454 1.3706
v -4.6717 9.9412 1.3470
v -4.7097 9.9048 1.3664
v -4.9113 9.4810 1.6450
v -4.9184 9.5337 1.5882
v -4.9068 9.4457 1.6593
v -4.9525 9.4351 1.5480
v -4.9545 9.4048 1.5654
v -4.9218 9.3897 1.6250
v -4.9421 9.5071 1.5356
v -4.9358 9.5307 1.5577
v -4.9408 9.3956 1.6319
v -4.9324 9.5215 1.5625
v -4.9229 9.4398 1.6572
v -4.9627 9.4098 1.5785
v -4.9410 9.4994 1.5433
v -4.9622 9.4316 1.5602
v -4.9202 9.4729 1.6460
v -4.9028 9.7189 1.4449
v -4.8738 9.8505 1.3695
v -4.8076 9.9981 1.2790
v -4.8211 9.9506 1.3098
v -4.9164 9.5232 1.5913
v -4.7733 9.6529 1.4110
v -4.7362 9.7668 1.3354
v -4.6400 9.8878 1.2348
v -4.6820 9.8406 1.2786
v -4.9173 9.5473 1.5816
v -4.8864 9.5012 1.6303
v -4.9414 9.4544 1.5246
v -4.9437 9.5166 1.5284
v -4.9321 9.4245 1.5330
v -4.8743 9.4730 1.6431
v -4.9364 9.5433 1.5507
v -4.8788 9.3992 1.5989
v -4.8220 9.4920 1.5173
v -4.9324 9.5773 1.5284
v -4.8347 9.5564 1.5861
v -4.8954 9.5024 1.4722
v -4.9354 9.5548 1.5023
v -4.9179 9.5192 1.4779
v -4.8570 9.5738 1.5857
v -4.9078 9.5877 1.5556
v -4.8230 9.8549 1.2523
v -4.8459 9.9034 1.2919
v -4.8020 9.9281 1.3558
v -4.7956 9.8304 1.2407
v -4.7250 9.8927 1.3790
v -4.7514 9.9123 1.3859
v -4.8328 9.9253 1.3228
v -4.6939 9.8238 1.2898
v -4.8836 9.8294 1.3817
v -4.8361 9.7489 1.2955
v -4.8895 9.8064 1.3508
v -4.8674 9.7693 1.3108
v -4.7482 9.7439 1.3514
v -4.8856 9.8066 1.3929
v -4.7724 9.8037 1.4406
v -4.8381 9.7307 1.3062
v -4.8980 9.6219 1.5393
v -4.8477 9.6153 1.5600
v -4.9054 9.5656 1.4461
v -4.9301 9.5918 1.4794
v -4.8752 9.5509 1.4373
v -4.8205 9.6050 1.5558
v -4.9267 9.6107 1.5076
v -4.8112 9.5651 1.4701
v -4.7498 9.7320 1.3584
v -4.7750 9.7851 1.4497
v -4.8601 9.7989 1.4346
v -4.8009 9.7966 1.4571
v -4.8904 9.7856 1.3640
v -4.8592 9.8226 1.4236
v -4.8699 9.7500 1.3241
v -4.7977 9.8179 1.4466
v -4.8697 9.7303 1.3361
v -4.8916 9.7628 1.3760
v -4.8885 9.7845 1.4040
v -4.8411 9.7175 1.3163
v -4.7572 9.8496 1.4123
v -4.7840 9.8660 1.4164
v -4.8633 9.8697 1.3580
v -4.7285 9.7752 1.3234
v -4.7421 9.7604 1.3434
v -4.7674 9.8215 1.4295
v -4.7934 9.8351 1.4367
v -4.8535 9.8445 1.4146
v -4.8501 9.8117 1.2902
v -4.8706 9.8472 1.3262
v -4.8317 9.8758 1.3908
v -4.8240 9.7846 1.2763
v -4.8845 9.6622 1.5152
v -4.8984 9.6080 1.4217
v -4.8730 9.5860 1.4123
v -4.9163 9.6525 1.4773
v -4.7965 9.5924 1.4486
v -4.8409 9.6563 1.5353
v -4.9154 9.6365 1.4474
v -4.8132 9.6461 1.5339
v -4.8905 9.6407 1.5276
v -4.9026 9.5856 1.4348
v -4.8748 9.5661 1.4266
v -4.9204 9.6309 1.4939
v -4.8062 9.5761 1.4619
v -4.8453 9.6333 1.5490
v -4.9220 9.6094 1.4640
v -4.8177 9.6227 1.5459
v -4.8436 9.4361 1.5610
v -4.8521 9.5110 1.6138
v -4.9413 9.5355 1.5185
v -4.9172 9.4555 1.5074
v -4.9339 9.4835 1.5044
v -4.9343 9.5593 1.5408
v -4.9131 9.5667 1.5692
v -4.8736 9.5381 1.6084
v -4.7651 9.6716 1.4472
v -4.7327 9.7915 1.3781
v -4.6366 9.9237 1.2969
v -4.6773 9.8630 1.3220
v -4.9093 9.4048 1.6473
v -4.9299 9.4065 1.6490
v -4.8689 9.4195 1.6248
v -4.8117 9.5120 1.5492
v -4.6897 9.8456 1.3319
v -4.7433 9.7676 1.3939
v -4.7448 9.7527 1.4024
v -4.7998 9.5801 1.5067
v -4.7230 9.8020 1.3678
v -4.7395 9.7848 1.3851
v -4.7854 9.6094 1.4825
v -4.7955 9.5930 1.4979
v -4.8341 9.4601 1.5884
v -4.8288 9.5657 1.4377
v -4.8220 9.5804 1.4230
v -4.7726 9.7487 1.3043
v -4.7590 9.7661 1.2902
v -4.8684 9.4271 1.5341
v -4.7282 9.8111 1.2567
v -4.8969 9.3910 1.5707
v -4.9542 9.3901 1.6143
v -4.7154 9.8291 1.2426
v -4.8361 9.5524 1.4465
v -4.7794 9.7347 1.3150
v -4.8468 9.4829 1.4914
v -4.7803 9.7204 1.3245
v -4.6611 9.8739 1.1681
v -4.7672 9.7565 1.2974
v -4.8028 9.6402 1.3790
v -4.9403 9.3835 1.6029
v -4.9242 9.5127 1.5646
v -4.9437 9.4068 1.6280
v -4.9263 9.4456 1.6475
v -4.9619 9.4161 1.5880
v -4.9380 9.4948 1.5469
v -4.9595 9.4353 1.5686
v -4.9217 9.4695 1.6389
v -4.9145 9.5168 1.5915
v -4.9341 9.4152 1.6423
v -4.9517 9.4013 1.6132
v -4.9475 9.4519 1.6077
v -4.9506 9.4341 1.6185
v -4.8801 9.5345 1.4491
v -4.9096 9.5468 1.4585
v -4.8119 9.5425 1.4821
v -4.9023 9.6058 1.5467
v -4.9320 9.5740 1.4909
v -4.9298 9.5941 1.5181
v -4.8240 9.5867 1.5665
v -4.8509 9.5984 1.5705
v -4.8006 9.5599 1.5191
v -4.8398 9.5337 1.4562
v -4.8143 9.7049 1.2134
v -4.8485 9.6625 1.1069
v -4.8791 9.6905 1.1393
v -4.8661 9.7038 1.1854
v -4.8562 9.8081 1.1431
v -4.8704 9.7871 1.0939
v -4.8335 9.7435 1.0644
v -4.7964 9.7994 1.1854
v -4.7643 9.8764 1.1507
v -4.8019 9.8152 1.0255
v -4.8369 9.8678 1.0568
v -4.8075 9.9585 1.0810
v -4.8147 9.9303 1.0278
v -4.7775 9.8566 0.9945
v -4.7499 9.9128 1.1401
v -4.8219 9.8960 1.1042
v -4.7702 9.7837 1.1791
v -4.7917 9.6978 1.2119
v -4.7472 9.8285 0.9994
v -4.7734 9.7952 1.0231
v -4.8041 9.7267 1.0591
v -4.8264 9.6500 1.1010
v -4.7293 9.8795 1.1479
v -4.7398 9.8609 1.1515
v -4.8624 9.5309 1.2826
v -4.8772 9.5537 1.2510
v -4.8615 9.5107 1.2908
v -4.8903 9.4867 1.2096
v -4.8895 9.4705 1.2159
v -4.8807 9.4574 1.2664
v -4.8892 9.5288 1.2119
v -4.8855 9.5453 1.2290
v -4.8896 9.4629 1.2670
v -4.8855 9.5397 1.2321
v -4.8705 9.5080 1.2902
v -4.8955 9.4732 1.2229
v -4.8902 9.5256 1.2138
v -4.8959 9.4876 1.2163
v -4.8717 9.5256 1.2824
v -4.8800 9.7013 1.1637
v -4.8698 9.8028 1.1176
v -4.8197 9.9477 1.0528
v -4.8338 9.8867 1.0800
v -4.8779 9.5469 1.2529
v -4.7671 9.6552 1.1401
v -4.7429 9.7360 1.1077
v -4.6982 9.8370 1.0703
v -4.7155 9.8066 1.0819
v -4.8765 9.5656 1.2470
v -4.8492 9.5472 1.2765
v -4.8838 9.4957 1.1944
v -4.8888 9.5389 1.2047
v -4.8786 9.4773 1.1997
v -4.8424 9.5272 1.2841
v -4.8861 9.5557 1.2239
v -4.8450 9.4529 1.2555
v -4.7901 9.5390 1.1976
v -4.8914 9.5947 1.2083
v -4.8170 9.5878 1.2550
v -4.8522 9.5425 1.1524
v -4.8928 9.5793 1.1837
v -4.8705 9.5535 1.1549
v -4.8359 9.5988 1.2546
v -4.8785 9.6027 1.2329
v -4.8101 9.7985 1.0358
v -4.8427 9.8416 1.0667
v -4.8309 9.8672 1.1151
v -4.7825 9.7805 1.0313
v -4.7456 9.8402 1.1551
v -4.7700 9.8567 1.1572
v -4.8432 9.8604 1.0917
v -4.7240 9.7895 1.0840
v -4.8727 9.7811 1.1284
v -4.8105 9.7094 1.0690
v -4.8729 9.7675 1.1044
v -4.8379 9.7260 1.0753
v -4.7534 9.7011 1.1231
v -4.8736 9.7575 1.1401
v -4.7789 9.7461 1.1923
v -4.8140 9.6949 1.0777
v -4.8744 9.6467 1.2125
v -4.8288 9.6424 1.2367
v -4.8639 9.6016 1.1322
v -4.8905 9.6301 1.1639
v -4.8430 9.5904 1.1275
v -4.8087 9.6354 1.2355
v -4.8890 9.6432 1.1888
v -4.7816 9.5948 1.1700
v -4.7589 9.6840 1.1290
v -4.7840 9.7228 1.2005
v -4.8618 9.7356 1.1726
v -4.8091 9.7323 1.2026
v -4.8733 9.7449 1.1168
v -4.8591 9.7620 1.1623
v -4.8409 9.7093 1.0848
v -4.8038 9.7562 1.1961
v -4.8426 9.6889 1.0941
v -4.8748 9.7171 1.1260
v -4.8754 9.7333 1.1517
v -4.8167 9.6770 1.0878
v -4.7668 9.8030 1.1732
v -4.7917 9.8199 1.1782
v -4.8626 9.8208 1.1111
v -4.7384 9.7531 1.1002
v -4.7481 9.7176 1.1157
v -4.7748 9.7646 1.1860
v -4.8004 9.7774 1.1909
v -4.8586 9.7861 1.1528
v -4.8287 9.7612 1.0543
v -4.8638 9.8029 1.0856
v -4.8478 9.8266 1.1353
v -4.7993 9.7432 1.0501
v -4.8684 9.6756 1.1997
v -4.8567 9.6317 1.1202
v -4.8370 9.6197 1.1145
v -4.8830 9.6723 1.1772
v -4.7802 9.6237 1.1572
v -4.8212 9.6730 1.2262
v -4.8836 9.6600 1.1530
v -4.7999 9.6668 1.2231
v -4.8710 9.6620 1.2054
v -4.8601 9.6168 1.1260
v -4.8396 9.6074 1.1200
v -4.8855 9.6598 1.1827
v -4.7823 9.6088 1.1633
v -4.8253 9.6572 1.2311
v -4.8871 9.6457 1.1589
v -4.8061 9.6504 1.2287
v -4.8061 9.4828 1.2285
v -4.8282 9.5543 1.2700
v -4.8927 9.5562 1.1946
v -4.8675 9.4994 1.1787
v -4.8785 9.5166 1.1753
v -4.8916 9.5726 1.2174
v -4.8800 9.5851 1.2443
v -4.8420 9.5718 1.2660
v -4.7610 9.6664 1.1669
v -4.7400 9.7458 1.1294
v -4.6919 9.8731 1.1122
v -4.7146 9.8211 1.1046
v -4.8693 9.4712 1.2833
v -4.8798 9.4763 1.2843
v -4.8340 9.4728 1.2780
v -4.7873 9.5517 1.2229
v -4.7227 9.8016 1.1065
v -4.7488 9.7124 1.1458
v -4.7542 9.6925 1.1524
v -4.7790 9.6077 1.1982
v -4.7367 9.7636 1.1221
v -4.7444 9.7285 1.1387
v -4.7759 9.6347 1.1808
v -4.7787 9.6200 1.1888
v -4.8017 9.5014 1.2511
v -4.7967 9.6018 1.1397
v -4.7932 9.6157 1.1353
v -4.7590 9.7103 1.0957
v -4.7487 9.7440 1.0796
v -4.8245 9.4747 1.2039
v -4.7328 9.7800 1.0623
v -4.8580 9.4470 1.2279
v -4.8955 9.4597 1.2452
v -4.7239 9.7944 1.0572
v -4.7973 9.5851 1.1458
v -4.7649 9.6947 1.1023
v -4.8068 9.5306 1.1723
v -4.7719 9.6777 1.1084
v -4.7073 9.8208 1.0469
v -4.7539 9.7275 1.0871
v -4.7816 9.6467 1.1191
v -4.8870 9.4539 1.2416
v -4.8847 9.5347 1.2334
v -4.8947 9.4724 1.2658
v -4.8769 9.5024 1.2847
v -4.8954 9.4784 1.2277
v -4.8881 9.5206 1.2172
v -4.8942 9.4881 1.2216
v -4.8718 9.5203 1.2792
v -4.8765 9.5418 1.2540
v -4.8848 9.4823 1.2801
v -4.8978 9.4672 1.2468
v -4.8882 9.5049 1.2504
v -4.8912 9.4921 1.2553
v -4.8469 9.5759 1.1345
v -4.8664 9.5834 1.1404
v -4.7822 9.5787 1.1778
v -4.8757 9.6283 1.2195
v -4.8913 9.6082 1.1724
v -4.8900 9.6226 1.1972
v -4.8104 9.6182 1.2422
v -4.8313 9.6259 1.2435
v -4.7798 9.5923 1.2066
v -4.7984 9.5705 1.1515
v -3.9118 10.3034 1.5383
v -4.0829 10.2956 1.5985
v -4.0239 10.3444 1.5972
v -3.9218 10.3427 1.5638
v -3.9216 10.2647 1.5185
v -4.0823 10.2643 1.5678
v -3.8669 10.2018 1.6925
v -3.9000 10.2458 1.6713
v -3.8547 10.1673 1.7195
v -3.9988 10.2459 1.7470
v -3.9931 10.2070 1.7717
v -3.9328 10.1491 1.7759
v -3.9745 10.2686 1.7096
v -3.9384 10.2707 1.6806
v -3.9148 10.1689 1.7982
v -3.9367 10.2617 1.6873
v -3.8570 10.1797 1.7500
v -3.9670 10.2122 1.7927
v -3.9687 10.2634 1.7220
v -3.9794 10.2493 1.7559
v -3.8690 10.2036 1.7081
v -3.9627 10.3652 1.5888
v -3.8982 10.2417 1.6795
v -4.0255 10.2220 1.5194
v -3.9030 10.2540 1.6595
v -3.8690 10.2112 1.6711
v -4.0148 10.2463 1.7306
v -3.9814 10.2728 1.6986
v -4.0148 10.2077 1.7449
v -3.8620 10.1697 1.6835
v -3.9411 10.2784 1.6724
v -3.9475 10.1412 1.7422
v -3.9869 10.1587 1.6450
v -3.9481 10.2987 1.6542
v -3.8880 10.1907 1.6206
v -4.0469 10.2167 1.6799
v -3.9964 10.2862 1.6721
v -4.0419 10.2538 1.6875
v -3.8829 10.2353 1.6254
v -3.9097 10.2780 1.6347
v -3.9145 10.3004 1.6130
v -3.8951 10.2598 1.5922
v -4.0591 10.2667 1.6507
v -4.0083 10.3036 1.6477
v -4.0687 10.2350 1.6280
v -3.9033 10.2188 1.5753
v -3.9535 10.3207 1.6366
v -4.0097 10.1836 1.5793
v -4.0355 10.2372 1.4869
v -3.9308 10.2838 1.4909
v -3.9320 10.3595 1.5320
v -3.9204 10.3213 1.5105
v -4.0950 10.3161 1.5646
v -4.0349 10.3620 1.5675
v -3.9741 10.3808 1.5604
v -4.0974 10.2822 1.5364
v -3.9153 10.3271 1.5865
v -4.0696 10.2835 1.6168
v -4.0765 10.2519 1.5930
v -3.9569 10.3494 1.6130
v -4.0169 10.2003 1.5454
v -3.9049 10.2861 1.5614
v -4.0172 10.3262 1.6187
v -3.9143 10.2447 1.5427
v -3.9128 10.3126 1.6023
v -4.0648 10.2726 1.6351
v -4.0733 10.2421 1.6119
v -3.9530 10.3355 1.6282
v -4.0131 10.1910 1.5602
v -3.8995 10.2710 1.5795
v -4.0123 10.3136 1.6364
v -3.9078 10.2296 1.5617
v -3.9683 10.1442 1.6911
v -3.8736 10.1760 1.6488
v -3.9888 10.2786 1.6862
v -4.0311 10.2107 1.7155
v -4.0289 10.2489 1.7109
v -3.9445 10.2877 1.6641
v -3.9065 10.2654 1.6473
v -3.8766 10.2225 1.6473
v -3.9605 10.2264 1.5076
v -3.8815 10.1429 1.7515
v -3.8726 10.1672 1.7748
v -3.8936 10.1351 1.7151
v -3.9285 10.1535 1.6225
v -3.9713 10.2482 1.4764
v -3.9479 10.1794 1.5640
v -3.9569 10.2016 1.5330
v -3.9513 10.1873 1.5505
v -3.9117 10.1392 1.6700
v -4.0567 10.2168 1.5886
v -4.0604 10.2269 1.5726
v -4.0126 10.1791 1.7092
v -3.9931 10.1745 1.7485
v -3.9505 10.1859 1.8041
v -4.0524 10.2100 1.6040
v -4.0299 10.1891 1.6658
v -4.0803 10.2560 1.5151
v -4.0720 10.2470 1.5520
v -3.9702 10.1747 1.7801
v -3.9365 10.2550 1.6923
v -3.9084 10.1891 1.7896
v -3.8680 10.1842 1.7548
v -3.9553 10.2180 1.7868
v -3.9697 10.2599 1.7216
v -3.9709 10.2420 1.7521
v -3.8738 10.2052 1.7167
v -3.8990 10.2379 1.6805
v -3.8794 10.1813 1.7752
v -3.9439 10.2024 1.7963
v -3.9152 10.2292 1.7449
v -3.9085 10.2062 1.7776
v -4.0603 10.2264 1.6492
v -4.0513 10.2601 1.6681
v -4.0046 10.1780 1.5943
v -3.9118 10.2903 1.6240
v -4.0031 10.2951 1.6610
v -3.9507 10.3108 1.6467
v -3.8971 10.2069 1.5934
v -3.8896 10.2489 1.6067
v -3.9431 10.1704 1.5816
v -4.0447 10.2021 1.6263
v -4.5110 10.0434 1.8819
v -4.5986 9.9633 1.8129
v -4.6123 10.0547 1.7026
v -4.5160 10.1342 1.7849
v -4.5796 10.1247 1.5387
v -4.5025 10.2241 1.6454
v -4.5022 10.1926 1.6917
v -4.5916 10.1190 1.6018
v -4.5229 9.8963 2.0455
v -4.5974 9.8314 1.9996
v -4.5276 9.8778 2.0522
v -4.5895 9.8263 2.0114
v -4.6009 9.8380 1.9817
v -4.5123 9.9120 2.0280
v -4.5068 10.1727 1.7182
v -4.5960 10.1005 1.6401
v -4.6101 10.0169 1.7369
v -4.5175 10.1016 1.8274
v -4.4982 9.9428 1.9893
v -4.5996 9.9004 1.8952
v -4.4993 9.9705 1.9594
v -4.6064 9.9997 1.7590
v -4.5137 10.0790 1.8487
v -4.5980 9.8738 1.9297
v -4.6124 10.0368 1.7168
v -4.5195 10.1176 1.8077
v -4.5130 10.1460 1.7641
v -4.6060 10.0747 1.6797
v -4.5087 9.9950 1.9343
v -4.5996 9.9248 1.8662
v -4.5032 9.9822 1.9474
v -4.6004 9.9121 1.8819
v -4.5983 9.8505 1.9526
v -4.5022 9.9256 2.0097
v -4.5836 9.8233 2.0124
v -4.5280 9.8717 2.0520
v -4.5668 9.8411 2.0505
v -4.5990 9.8882 1.9106
v -4.4971 9.9598 1.9697
v -4.7246 9.7765 1.7590
v -4.7950 9.7217 1.6660
v -4.7942 9.8599 1.5535
v -4.7105 9.9159 1.6576
v -4.7048 10.0168 1.3634
v -4.6005 10.0902 1.4926
v -4.6558 10.0104 1.5593
v -4.7470 9.9576 1.4533
v -4.7748 9.6186 1.8923
v -4.8288 9.5724 1.8157
v -4.7762 9.6079 1.8927
v -4.8249 9.5728 1.8249
v -4.8302 9.5824 1.8018
v -4.7707 9.6348 1.8828
v -4.6707 9.9895 1.5787
v -4.7612 9.9338 1.4754
v -4.7912 9.8010 1.6050
v -4.7173 9.8555 1.6974
v -4.7607 9.6707 1.8504
v -4.8135 9.6434 1.7370
v -4.7544 9.6994 1.8266
v -4.7906 9.7666 1.6305
v -4.7175 9.8224 1.7214
v -4.8191 9.6130 1.7645
v -4.7977 9.8382 1.5762
v -4.7147 9.8914 1.6738
v -4.7046 9.9346 1.6380
v -4.7835 9.8771 1.5337
v -4.7460 9.7315 1.8007
v -4.8073 9.6765 1.7098
v -4.7482 9.7140 1.8154
v -4.8109 9.6591 1.7237
v -4.8265 9.5930 1.7862
v -4.7667 9.6507 1.8689
v -4.8225 9.5703 1.8308
v -4.7795 9.6028 1.8914
v -4.8069 9.5839 1.8649
v -4.8153 9.6305 1.7487
v -4.7563 9.6846 1.8386
v -4.8476 9.7297 1.4876
v -4.8966 9.6819 1.3977
v -4.8746 9.8075 1.3165
v -4.8126 9.8579 1.4207
v -4.8018 9.9840 1.1812
v -4.7107 9.9941 1.3276
v -4.7596 9.9466 1.3624
v -4.8244 9.9039 1.2428
v -4.9104 9.5143 1.6180
v -4.9488 9.4703 1.5372
v -4.9133 9.5033 1.6197
v -4.9538 9.4671 1.5448
v -4.9457 9.4820 1.5252
v -4.9037 9.5322 1.6088
v -4.7762 9.9251 1.3746
v -4.8358 9.8737 1.2652
v -4.8851 9.7672 1.3426
v -4.8193 9.8271 1.4415
v -4.8823 9.5857 1.5743
v -4.9200 9.5766 1.4585
v -4.8727 9.6220 1.5524
v -4.8839 9.7455 1.3554
v -4.8262 9.8024 1.4518
v -4.9304 9.5368 1.4876
v -4.8836 9.7888 1.3276
v -4.8150 9.8442 1.4316
v -4.8053 9.8744 1.4068
v -4.8613 9.8300 1.3039
v -4.8633 9.6616 1.5273
v -4.9090 9.6216 1.4329
v -4.8682 9.6401 1.5410
v -4.9150 9.5979 1.4466
v -4.9399 9.5107 1.5080
v -4.8915 9.5589 1.5915
v -4.9516 9.4671 1.5518
v -4.9176 9.4995 1.6155
v -4.9381 9.4787 1.5886
v -4.9235 9.5587 1.4693
v -4.8776 9.6061 1.5617
v -4.8413 9.7060 1.2039
v -4.8682 9.6794 1.1221
v -4.8622 9.7712 1.0783
v -4.8310 9.8086 1.1721
v -4.8059 9.9041 1.0111
v -4.7838 9.9593 1.1221
v -4.8012 9.8939 1.1317
v -4.8264 9.8428 1.0387
v -4.8681 9.5486 1.2683
v -4.8898 9.5094 1.2062
v -4.8718 9.5412 1.2691
v -4.8922 9.5065 1.2127
v -4.8870 9.5189 1.1947
v -4.8628 9.5625 1.2637
v -4.8099 9.8687 1.1399
v -4.8319 9.8223 1.0478
v -4.8614 9.7300 1.0987
v -4.8345 9.7606 1.1845
v -4.8593 9.6075 1.2490
v -4.8836 9.6167 1.1500
v -4.8549 9.6469 1.2287
v -4.8635 9.7048 1.1099
v -4.8370 9.7359 1.1925
v -4.8847 9.5653 1.1660
v -4.8630 9.7499 1.0903
v -4.8341 9.7863 1.1776
v -4.8255 9.8279 1.1614
v -4.8569 9.7870 1.0707
v -4.8481 9.6768 1.2161
v -4.8749 9.6465 1.1368
v -4.8513 9.6622 1.2228
v -4.8791 9.6300 1.1425
v -4.8868 9.5350 1.1772
v -4.8589 9.5842 1.2578
v -4.8914 9.5059 1.2161
v -4.8715 9.5342 1.2671
v -4.8848 9.5219 1.2422
v -4.8843 9.5995 1.1561
v -4.8578 9.6291 1.2359
v -4.4462 9.9994 1.8556
v -4.4503 10.0911 1.7704
v -4.4132 10.1682 1.6063
v -4.4232 10.1427 1.6662
v -4.5826 9.7491 2.0627
v -4.5209 9.7993 2.1151
v -4.5244 9.9203 1.7731
v -4.5307 9.9956 1.6812
v -4.4967 10.0548 1.4981
v -4.5132 10.0628 1.5730
v -4.4768 9.8194 2.0713
v -4.4593 9.8892 1.9869
v -4.4352 10.1230 1.7066
v -4.4497 10.0659 1.7992
v -4.4490 10.0473 1.8144
v -4.4595 9.9366 1.9331
v -4.4481 10.1000 1.7555
v -4.4496 10.0785 1.7858
v -4.4588 9.9592 1.9122
v -4.4602 9.9474 1.9232
v -4.5391 9.7764 1.9703
v -4.5064 9.7998 2.1067
v -4.4654 9.8657 2.0191
v -4.5236 9.8714 1.8571
v -4.5295 9.9878 1.6974
v -4.5285 10.0109 1.6585
v -4.5226 9.8776 1.8436
v -4.5250 10.0383 1.6162
v -4.5853 9.7573 2.0659
v -4.5631 9.7505 2.0189
v -4.5235 9.8626 1.8689
v -4.5237 9.8065 1.9301
v -4.5287 9.9603 1.7294
v -4.5295 9.9749 1.7104
v -4.5307 9.8027 2.1086
v -4.5823 9.7657 2.0694
v -4.5577 9.7853 2.0930
v -4.4577 9.9196 1.9489
v -4.5221 9.8442 1.8870
v -4.6599 9.7339 1.7391
v -4.6409 9.8722 1.6332
v -4.5164 10.0234 1.4710
v -4.5796 9.9541 1.5221
v -4.8301 9.4897 1.8670
v -4.7919 9.5376 1.9455
v -4.7184 9.6645 1.6401
v -4.7079 9.7967 1.5271
v -4.6321 9.9442 1.3550
v -4.6596 9.8848 1.4282
v -4.7398 9.5435 1.9310
v -4.7025 9.6213 1.8502
v -4.5964 9.9351 1.5577
v -4.6425 9.8354 1.6698
v -4.6483 9.7871 1.7033
v -4.6893 9.6671 1.8098
v -4.6339 9.8864 1.6216
v -4.6426 9.8594 1.6490
v -4.6853 9.6980 1.7841
v -4.6876 9.6839 1.7954
v -4.7702 9.5084 1.8053
v -4.7823 9.5327 1.9468
v -4.7132 9.5710 1.8906
v -4.7411 9.6178 1.7024
v -4.7082 9.7816 1.5404
v -4.7024 9.8112 1.5118
v -4.7392 9.6307 1.6888
v -4.6730 9.8584 1.4499
v -4.8328 9.4999 1.8811
v -4.8068 9.4833 1.8441
v -4.7432 9.6020 1.7140
v -4.7571 9.5572 1.7580
v -4.7102 9.7088 1.5972
v -4.7113 9.7542 1.5615
v -4.7988 9.5363 1.9371
v -4.8300 9.5038 1.8861
v -4.8199 9.5193 1.9123
v -4.6930 9.6514 1.8239
v -4.7467 9.5854 1.7283
v -4.7765 9.6938 1.4794
v -4.7451 9.8132 1.4053
v -4.6530 9.9292 1.3249
v -4.6897 9.8827 1.3500
v -4.9516 9.3886 1.5846
v -4.9261 9.4175 1.6555
v -4.8318 9.6396 1.3693
v -4.8027 9.7542 1.2853
v -4.6969 9.8702 1.1749
v -4.7484 9.8329 1.2283
v -4.8689 9.4414 1.6385
v -4.8197 9.5374 1.5760
v -4.7022 9.8674 1.3617
v -4.7553 9.7871 1.4232
v -4.7575 9.7690 1.4335
v -4.8055 9.5922 1.5379
v -4.7364 9.8269 1.3958
v -4.7508 9.8039 1.4122
v -4.7944 9.6318 1.5194
v -4.8020 9.6101 1.5290
v -4.8895 9.4317 1.5206
v -4.9050 9.4202 1.6559
v -4.8396 9.4844 1.6069
v -4.8532 9.5621 1.4284
v -4.8027 9.7443 1.2923
v -4.7929 9.7700 1.2761
v -4.8520 9.5809 1.4110
v -4.7640 9.8139 1.2435
v -4.9611 9.3931 1.5991
v -4.9109 9.3967 1.5539
v -4.8537 9.5490 1.4404
v -4.8672 9.4847 1.4811
v -4.8099 9.7180 1.3102
v -4.8050 9.7315 1.3016
v -4.9302 9.4268 1.6458
v -4.9579 9.4052 1.6042
v -4.9483 9.4196 1.6248
v -4.8083 9.5731 1.5515
v -4.8587 9.5315 1.4499
v -4.7684 9.6794 1.1942
v -4.7476 9.7616 1.1557
v -4.7090 9.8767 1.1277
v -4.7179 9.8380 1.1258
v -4.8877 9.4606 1.2250
v -4.8732 9.4890 1.2891
v -4.8024 9.6439 1.1058
v -4.7760 9.7217 1.0673
v -4.7222 9.8181 1.0162
v -4.7433 9.7863 1.0333
v -4.8376 9.5023 1.2849
v -4.7947 9.5676 1.2428
v -4.7243 9.8139 1.1290
v -4.7558 9.7304 1.1723
v -4.7615 9.7083 1.1822
v -4.7884 9.6217 1.2214
v -4.7438 9.7782 1.1456
v -4.7525 9.7469 1.1656
v -4.7813 9.6504 1.2052
v -4.7862 9.6358 1.2119
v -4.8516 9.4887 1.1900
v -4.8631 9.4900 1.2894
v -4.8123 9.5262 1.2647
v -4.8176 9.6003 1.1246
v -4.7825 9.7055 1.0760
v -4.7694 9.7381 1.0591
v -4.8135 9.6142 1.1185
v -4.7476 9.7709 1.0394
v -4.8949 9.4645 1.2311
v -4.8717 9.4640 1.2102
v -4.8212 9.5854 1.1300
v -4.8335 9.5342 1.1563
v -4.7933 9.6729 1.0941
v -4.7877 9.6907 1.0844
v -4.8810 9.4919 1.2847
v -4.8974 9.4715 1.2355
v -4.8929 9.4848 1.2584
v -4.7881 9.6041 1.2279
v -4.8245 9.5708 1.1364
v -4.5331 10.2468 1.6126
v -4.5945 10.1907 1.5402
v -4.4545 10.2340 1.6204
v -4.4158 10.2104 1.6052
v -4.5718 10.2255 1.5800
v -4.4262 10.1146 1.5172
v -4.4195 10.1377 1.5434
v -4.4506 10.0800 1.4604
v -4.6748 10.1318 1.4581
v -4.7439 10.0944 1.3750
v -4.7250 10.1111 1.4251
v -4.5051 9.9813 1.3458
v -4.4759 10.0221 1.3973
v -4.5464 9.9669 1.3049
v -4.7519 10.0473 1.2917
v -4.8159 10.0293 1.1986
v -4.8008 10.0387 1.2513
v -4.6149 9.9035 1.2039
v -4.5863 9.9315 1.2489
v -4.6482 9.8797 1.1509
v -4.7849 10.0023 1.0730
v -4.7990 9.9619 1.0010
v -4.7605 9.8790 0.9748
v -4.7248 9.8515 0.9823
v -4.8016 9.9837 1.0351
v -4.6850 9.8531 1.0541
v -4.6720 9.8741 1.0953
v -4.6956 9.8366 1.0396
v -4.5044 10.2429 1.6179
v -4.7875 9.9364 0.9918
v -4.4047 10.1728 1.5452
v -4.6951 9.8412 1.0147
v -4.5368 10.2668 1.5703
v -4.5882 10.2248 1.5215
v -4.4277 10.2628 1.5707
v -4.5690 10.2605 1.5410
v -4.3818 10.1535 1.4585
v -4.3787 10.1985 1.5223
v -4.3986 10.1150 1.3981
v -4.6798 10.1647 1.4137
v -4.7309 10.1348 1.3579
v -4.7103 10.1709 1.3735
v -4.4655 10.0540 1.2826
v -4.4331 10.0805 1.3335
v -4.5055 10.0270 1.2304
v -4.7496 10.0825 1.2405
v -4.7909 10.0708 1.1812
v -4.7733 10.0899 1.2045
v -4.5674 9.9460 1.1286
v -4.5341 9.9879 1.1747
v -4.5993 9.9088 1.0757
v -4.7699 10.0338 1.0408
v -4.7783 9.9925 0.9924
v -4.7437 9.9176 0.9533
v -4.7721 10.0266 1.0086
v -4.6912 9.8685 0.9710
v -4.6334 9.8758 1.0128
v -4.5048 10.2848 1.5598
v -4.7581 9.9892 0.9598
v -4.5721 9.9260 1.0345
v -4.4034 10.3050 1.5164
v -4.5630 10.2913 1.5038
v -4.3632 10.2135 1.4931
v -4.3556 10.1875 1.4379
v -4.3714 10.1476 1.3659
v -4.6944 10.2023 1.3397
v -4.4536 10.0909 1.2506
v -4.4110 10.1175 1.3060
v -4.4899 10.0668 1.1961
v -4.5157 10.0323 1.1408
v -4.6093 10.0005 0.8144
v -3.9974 10.5041 1.2155
v -4.0053 10.4124 1.1942
v -4.7152 10.1113 1.2534
v -4.5959 10.2222 1.4768
v -4.6050 10.3703 1.1490
v -4.4649 10.3320 1.4989
v -4.3137 10.2249 1.3996
v -4.5456 9.9758 0.8382
v -4.2893 10.3879 1.4068
v -4.3380 10.2041 1.3258
v -4.4278 10.1474 1.2132
v -4.3858 10.1735 1.2630
v -4.4685 10.1168 1.1643
v -4.5152 10.0320 1.0503
v -4.4970 10.0826 1.1111
v -4.5387 9.9684 0.9817
v -4.7334 10.1017 1.0179
v -4.7346 10.0131 0.9272
v -4.6594 9.9307 0.8942
v -4.6773 9.8940 0.9432
v -4.7404 10.0744 0.9613
v -4.0320 10.3346 1.2052
v -4.1009 10.2976 1.2407
v -4.7252 10.0589 1.2986
v -4.4269 10.4808 1.2822
v -4.6953 9.9943 0.8863
v -4.6497 10.2947 1.2412
v -4.5543 10.3526 1.3386
v -4.7135 10.1698 1.0250
v -4.0144 10.5141 1.1140
v -4.0350 10.4046 1.0953
v -4.0645 10.3284 1.1155
v -4.1445 10.2834 1.1732
v -4.2526 10.2501 1.2712
v -4.4968 10.3878 1.3910
v -4.7139 10.1397 0.9750
v -4.7122 10.0491 0.8931
v -4.7219 9.9573 0.9219
v -4.7208 10.1069 0.9266
v -4.1752 10.2862 1.2963
v -4.2342 10.2846 1.3474
v -4.7691 10.0799 1.1246
v -4.6639 10.2484 1.1907
v -4.6045 10.3207 1.2908
v -4.7140 10.2026 1.0795
v -4.0961 10.5969 1.1751
v -4.2413 10.5233 1.3125
v -4.6927 10.1828 0.9280
v -4.6993 10.1415 0.8842
v -4.5439 9.9814 1.0810
v -4.7181 10.1374 1.3123
v -4.4028 10.5991 1.0507
v -4.6840 10.2173 1.1351
v -4.7037 10.1579 1.2005
v -4.7341 10.1571 1.1406
v -4.5988 10.3790 0.8163
v -4.5443 10.4978 0.9236
v -4.4640 10.5635 1.0084
v -4.5876 10.4217 0.8496
v -4.5676 10.4618 0.8858
v -4.3142 10.6349 1.0859
v -4.6054 10.3387 0.7854
v -4.4729 10.1873 0.6450
v -4.4278 10.0969 0.7463
v -4.6070 10.2661 0.7336
v -4.1951 10.5103 1.3367
v -4.7308 10.0887 1.3359
v -4.5122 10.5314 0.9644
v -4.6534 10.2921 1.0579
v -4.4581 10.1163 0.6871
v -4.6518 10.0459 0.8236
v -4.6252 10.2485 1.3590
v -4.6859 10.1798 1.2647
v -4.7405 10.1256 1.0783
v -4.6808 10.2646 1.0120
v -4.5551 10.3987 1.1938
v -4.6294 10.3284 1.1035
v -4.5841 10.2794 1.4072
v -4.6798 10.2269 1.3163
v -4.5422 10.3274 1.4651
v -4.6858 10.2231 0.9689
v -4.5012 10.4368 1.2405
v -4.6392 10.1889 1.4164
v -4.7907 10.0221 1.1530
v -4.4633 10.1991 1.6692
v -4.5419 10.2052 1.6593
v -4.5906 10.1509 1.5981
v -4.5701 10.0880 1.5619
v -4.5399 10.0744 1.5526
v -4.4336 10.1807 1.6591
v -4.5762 10.1874 1.6340
v -4.4393 10.0903 1.5821
v -4.4158 10.1221 1.6092
v -4.4790 10.0797 1.5575
v -4.5019 10.2097 1.6667
v -4.5878 10.1183 1.5779
v -4.4166 10.1586 1.6385
v -4.5082 10.0703 1.5484
v -4.5595 9.9342 1.4217
v -4.7316 10.0559 1.4796
v -4.5774 10.0070 1.5156
v -4.6689 9.9290 1.3893
v -4.7304 9.9821 1.4219
v -4.6363 10.0456 1.5297
v -4.6030 9.9208 1.3906
v -4.5446 9.9628 1.4545
v -4.7941 9.8358 1.0128
v -4.8273 9.8973 1.0436
v -4.6380 9.9243 1.3885
v -4.5580 9.9826 1.4893
v -4.6772 9.8991 1.3371
v -4.7332 9.8548 1.2088
v -4.7537 9.8698 1.1987
v -4.6860 9.9143 1.3544
v -4.7099 9.9383 1.3590
v -4.7817 9.9705 1.3295
v -4.6646 9.8769 1.3154
v -4.7058 9.8481 1.2226
v -4.7457 9.9607 1.3510
v -4.8154 9.9324 1.2220
v -4.8160 9.9292 1.0901
v -4.7666 9.8940 1.1475
v -4.8153 9.9719 1.2942
v -4.6693 9.8543 1.2668
v -4.8280 9.9591 1.2576
v -4.7827 9.8943 1.1986
v -4.7370 9.8009 1.0259
v -4.7187 9.8575 1.1271
v -4.7089 9.8201 1.0785
v -4.8262 9.9170 1.0669
v -4.8180 9.8697 1.0248
v -4.7924 9.9255 1.1235
v -4.7054 9.9517 1.4024
v -4.7519 10.0257 1.4472
v -4.6818 10.0556 1.5128
v -4.5992 10.0254 1.5307
v -4.7659 9.8105 1.0133
v -4.7400 9.8696 1.1521
v -4.7176 9.8053 1.0518
v -4.7079 9.8392 1.1044
v -3.0903 12.1957 -0.7560
v -2.9598 12.1075 -0.5472
v -2.8646 12.0311 -0.5270
v -2.6865 11.8590 -0.6230
v -2.6108 11.8089 -0.7421
v -2.5367 11.7840 -0.8770
v -3.0445 12.1707 -0.6331
v -2.9762 12.0265 -1.2541
v -3.0317 12.0887 -1.1646
v -3.0869 12.1420 -1.0363
v -3.1021 12.1766 -0.8919
v -2.9100 11.9721 -1.2977
v -2.8368 11.9300 -1.3196
v -2.5482 11.8048 -1.1998
v -2.5146 11.7864 -1.1299
v -2.4981 11.7699 -1.0244
v -2.7443 11.8935 -1.3228
v -3.1707 12.1037 -0.7333
v -3.0363 12.0252 -0.5420
v -2.9436 11.9468 -0.5250
v -2.7599 11.7745 -0.6333
v -2.6788 11.7224 -0.7440
v -2.6104 11.6915 -0.8729
v -3.1204 12.0827 -0.6192
v -3.0963 11.9105 -1.2201
v -3.1454 11.9756 -1.1375
v -3.1907 12.0379 -1.0102
v -3.1907 12.0805 -0.8689
v -3.0387 11.8543 -1.2618
v -2.9752 11.8065 -1.2906
v -2.6615 11.7123 -1.2007
v -2.6146 11.6947 -1.1297
v -2.5882 11.6799 -1.0221
v -2.8861 11.7729 -1.2889
v -3.2346 12.0370 -0.7066
v -3.0924 11.9663 -0.5338
v -3.0038 11.8836 -0.5203
v -2.8156 11.7135 -0.6364
v -2.7300 11.6625 -0.7348
v -2.6693 11.6295 -0.8626
v -3.1784 12.0197 -0.6030
v -3.1858 11.8211 -1.1822
v -3.2275 11.8924 -1.1018
v -3.2650 11.9626 -0.9793
v -3.2602 12.0096 -0.8399
v -3.1350 11.7613 -1.2298
v -3.0754 11.7117 -1.2671
v -2.7511 11.6370 -1.1956
v -2.6966 11.6257 -1.1227
v -2.6608 11.6180 -1.0118
v -2.9846 11.6826 -1.2582
v -3.2937 11.9799 -0.6732
v -3.1455 11.9120 -0.5209
v -3.0573 11.8322 -0.5111
v -2.8681 11.6605 -0.6283
v -2.7809 11.6046 -0.7218
v -2.7295 11.5680 -0.8455
v -3.2318 11.9655 -0.5786
v -3.2640 11.7441 -1.1348
v -3.3005 11.8197 -1.0562
v -3.3266 11.8979 -0.9428
v -3.3232 11.9500 -0.8042
v -3.2144 11.6828 -1.1883
v -3.1530 11.6329 -1.2391
v -2.8364 11.5653 -1.1742
v -2.7807 11.5560 -1.0991
v -2.7368 11.5559 -0.9914
v -3.0700 11.6014 -1.2294
v -3.3511 11.9282 -0.6393
v -3.2005 11.8673 -0.4910
v -3.1084 11.7916 -0.4906
v -2.9206 11.6073 -0.6038
v -2.8468 11.5338 -0.6995
v -2.8076 11.4886 -0.8169
v -3.2888 11.9132 -0.5460
v -3.3438 11.6684 -1.0662
v -3.3775 11.7478 -0.9949
v -3.3930 11.8305 -0.8925
v -3.3842 11.8943 -0.7651
v -3.2981 11.6002 -1.1181
v -3.2411 11.5421 -1.1692
v -2.9470 11.4664 -1.1009
v -2.8805 11.4675 -1.0417
v -2.8282 11.4755 -0.9519
v -3.1658 11.5116 -1.1575
v -3.4334 11.8602 -0.5829
v -3.2656 11.8243 -0.4485
v -3.1586 11.7659 -0.4432
v -2.9628 11.5568 -0.5469
v -2.9084 11.4592 -0.6429
v -2.8909 11.3950 -0.7579
v -3.3621 11.8542 -0.4970
v -3.4504 11.5688 -0.9677
v -3.4877 11.6547 -0.9042
v -3.4985 11.7400 -0.8016
v -3.4773 11.8154 -0.6884
v -3.4023 11.4971 -1.0151
v -3.3405 11.4376 -1.0512
v -3.0491 11.3721 -0.9756
v -2.9806 11.3740 -0.9345
v -2.9256 11.3789 -0.8622
v -3.2661 11.4155 -1.0419
v -3.5343 11.7643 -0.4970
v -3.3401 11.7777 -0.3756
v -3.2324 11.7217 -0.3565
v -3.0208 11.4849 -0.4334
v -2.9737 11.3799 -0.5234
v -2.9677 11.2977 -0.6255
v -3.4482 11.7768 -0.4200
v -3.5799 11.4382 -0.8252
v -3.6180 11.5263 -0.7711
v -3.6247 11.6199 -0.6792
v -3.5945 11.7053 -0.5834
v -3.5286 11.3693 -0.8693
v -3.4597 11.3198 -0.8894
v -3.1495 11.2474 -0.8155
v -3.0808 11.2545 -0.7676
v -3.0214 11.2691 -0.7064
v -3.3841 11.2904 -0.8971
v -3.6621 11.6175 -0.3409
v -3.4608 11.6379 -0.2320
v -3.3570 11.5820 -0.2121
v -3.1564 11.3397 -0.2550
v -3.1176 11.2366 -0.3236
v -3.1154 11.1613 -0.4038
v -3.5693 11.6420 -0.2768
v -3.7351 11.2860 -0.6393
v -3.7691 11.3667 -0.5814
v -3.7603 11.4685 -0.4962
v -3.7272 11.5530 -0.4128
v -3.6808 11.2184 -0.6789
v -3.5963 11.1778 -0.6883
v -3.2906 11.1000 -0.6048
v -3.2260 11.1063 -0.5574
v -3.1655 11.1297 -0.4819
v -3.5206 11.1426 -0.6867
v -3.8200 11.4231 -0.1353
v -3.6256 11.4380 -0.0540
v -3.5319 11.3875 -0.0411
v -3.3490 11.1940 -0.0605
v -3.3130 11.1034 -0.1137
v -3.3156 11.0363 -0.1860
v -3.7246 11.4485 -0.0851
v -3.8879 11.1353 -0.4053
v -3.9165 11.2137 -0.3458
v -3.9146 11.2993 -0.2746
v -3.8846 11.3690 -0.1995
v -3.8445 11.0624 -0.4547
v -3.7529 11.0273 -0.4572
v -3.4560 10.9561 -0.3688
v -3.3966 10.9691 -0.3225
v -3.3486 10.9975 -0.2538
v -3.6774 10.9985 -0.4488
v -3.9721 11.2329 0.0959
v -3.7950 11.2427 0.1701
v -3.7083 11.2010 0.1727
v -3.5394 11.0476 0.1482
v -3.5096 10.9745 0.1034
v -3.5141 10.9133 0.0402
v -3.8898 11.2456 0.1405
v -4.0504 10.9935 -0.1692
v -4.0726 11.0637 -0.1044
v -4.0698 11.1367 -0.0385
v -4.0336 11.1952 0.0351
v -4.0120 10.9334 -0.2028
v -3.9514 10.8849 -0.2193
v -3.6439 10.8077 -0.1260
v -3.5852 10.8372 -0.0773
v -3.5341 10.8655 -0.0162
v -3.8669 10.8521 -0.2055
v -4.0805 11.0794 0.2635
v -3.9285 11.0936 0.3362
v -3.8551 11.0585 0.3541
v -3.7157 10.9325 0.3287
v -3.6878 10.8677 0.2882
v -3.6889 10.8096 0.2349
v -4.0084 11.0973 0.3073
v -4.1760 10.8993 0.0554
v -4.1835 10.9531 0.1009
v -4.1724 11.0034 0.1527
v -4.1382 11.0450 0.2091
v -4.1522 10.8435 0.0237
v -4.1174 10.7839 0.0146
v -3.8189 10.6924 0.0803
v -3.7586 10.7204 0.1243
v -3.7117 10.7571 0.1767
v -4.0465 10.7376 0.0155
v -4.1646 10.9527 0.4123
v -4.0383 10.9726 0.4814
v -3.9767 10.9492 0.5081
v -3.8604 10.8407 0.4858
v -3.8384 10.7835 0.4471
v -3.8370 10.7273 0.4004
v -4.1041 10.9718 0.4521
v -4.2745 10.8132 0.2322
v -4.2690 10.8565 0.2719
v -4.2486 10.8950 0.3184
v -4.2133 10.9262 0.3668
v -4.2615 10.7643 0.2017
v -4.2263 10.7095 0.1829
v -3.9557 10.5972 0.2444
v -3.8991 10.6268 0.2906
v -3.8562 10.6701 0.3439
v -4.1788 10.6532 0.1843
v -4.2261 10.8579 0.5278
v -4.1231 10.8769 0.5950
v -4.0647 10.8612 0.6236
v -3.9740 10.7768 0.6000
v -3.9581 10.7291 0.5644
v -3.9572 10.6759 0.5255
v -4.1772 10.8738 0.5646
v -4.3418 10.7386 0.3636
v -4.3291 10.7765 0.3999
v -4.3046 10.8099 0.4425
v -4.2710 10.8344 0.4862
v -4.3368 10.6940 0.3344
v -4.3088 10.6424 0.3138
v -4.0480 10.5238 0.3709
v -3.9992 10.5608 0.4192
v -3.9682 10.6146 0.4742
v -4.2671 10.5891 0.3095
v -4.2868 10.7851 0.6210
v -4.1933 10.8092 0.6882
v -4.1451 10.7962 0.7130
v -4.0556 10.7208 0.6784
v -4.0365 10.6788 0.6462
v -4.0320 10.6296 0.6121
v -4.2428 10.8035 0.6576
v -4.3906 10.6614 0.4650
v -4.3790 10.6983 0.4988
v -4.3549 10.7340 0.5401
v -4.3223 10.7629 0.5835
v -4.3874 10.6218 0.4374
v -4.3673 10.5769 0.4141
v -4.1108 10.4763 0.4601
v -4.0643 10.5174 0.5101
v -4.0388 10.5727 0.5653
v -4.3370 10.5312 0.4045
v -4.3813 10.6884 0.7531
v -4.2847 10.7248 0.8224
v -4.2230 10.7229 0.8424
v -4.1289 10.6482 0.7920
v -4.1068 10.6118 0.7552
v -4.0973 10.5742 0.7149
v -4.3393 10.7121 0.7899
v -4.4641 10.5450 0.6084
v -4.4538 10.5837 0.6419
v -4.4358 10.6229 0.6793
v -4.4119 10.6584 0.7169
v -4.4639 10.5071 0.5778
v -4.4497 10.4664 0.5434
v -4.1710 10.4261 0.5560
v -4.1254 10.4732 0.6115
v -4.1016 10.5277 0.6688
v -4.4237 10.4348 0.5131
v -4.3561 10.6541 0.9655
v -4.1932 10.6687 0.9909
v -4.0586 10.5020 0.9874
v -4.2790 10.6702 0.9903
v -4.5186 10.5276 0.8083
v -4.4947 10.5637 0.8455
v -4.4624 10.5964 0.8853
v -4.4167 10.6269 0.9274
v -4.5368 10.4880 0.7724
v -4.5493 10.4110 0.6973
v -4.6171 10.1366 1.4638
v -4.5916 10.1652 1.5093
v -4.7458 10.1301 1.1780
v -4.7777 10.0037 1.1008
v -4.7522 10.0645 1.0530
v -4.7540 10.0575 0.9926
v -4.5476 10.4465 0.7372
v -4.0511 10.2549 1.4453
v -3.9412 10.3027 1.4571
v -3.9425 10.3755 1.5023
v -3.9319 10.3376 1.4771
v -4.1111 10.3335 1.5240
v -4.0501 10.3885 1.5341
v -3.9871 10.3982 1.5271
v -4.1142 10.2981 1.4960
v -3.9800 10.2684 1.4371
v -4.0959 10.2716 1.4754
v -4.0604 10.2654 1.4194
v -3.9512 10.3171 1.4236
v -3.9560 10.3901 1.4627
v -3.9449 10.3521 1.4404
v -4.1274 10.3448 1.4895
v -4.0703 10.4025 1.4994
v -4.0026 10.4165 1.4886
v -4.1287 10.3100 1.4611
v -3.9844 10.2818 1.4082
v -4.1083 10.2837 1.4449
v -4.0695 10.2723 1.4015
v -3.9566 10.3279 1.3942
v -3.9655 10.4021 1.4234
v -3.9537 10.3649 1.4062
v -4.1438 10.3537 1.4611
v -4.0867 10.4188 1.4693
v -4.0138 10.4379 1.4497
v -4.1438 10.3195 1.4358
v -3.9902 10.2899 1.3887
v -4.1202 10.2922 1.4223
v -4.0783 10.2779 1.3832
v -3.9670 10.3366 1.3670
v -3.9761 10.4207 1.3866
v -3.9621 10.3783 1.3742
v -4.1625 10.3609 1.4371
v -4.1051 10.4354 1.4411
v -4.0243 10.4620 1.4095
v -4.1602 10.3252 1.4141
v -4.0012 10.2963 1.3662
v -4.1304 10.2972 1.4011
v -4.0914 10.2847 1.3613
v -3.9810 10.3424 1.3325
v -3.9851 10.4449 1.3422
v -3.9703 10.3913 1.3310
v -4.1878 10.3758 1.4175
v -4.1282 10.4540 1.4114
v -4.0441 10.4908 1.3733
v -4.1820 10.3279 1.3941
v -4.0071 10.3028 1.3472
v -4.1488 10.3026 1.3781
v -4.1328 10.2939 1.3304
v -4.0061 10.3399 1.2759
v -3.9937 10.4790 1.2860
v -3.9883 10.4045 1.2704
v -4.2364 10.3934 1.3998
v -4.1479 10.4814 1.3779
v -4.0438 10.5188 1.3207
v -4.2250 10.3349 1.3899
v -4.0650 10.2976 1.2967
v -4.1842 10.3053 1.3590
v -4.0745 10.3975 1.0004
v -4.1009 10.3333 1.0354
v -4.1824 10.2744 1.1042
v -4.3014 10.2260 1.1951
v -4.2284 10.2683 1.0438
v -4.3527 10.2158 1.1383
v -4.2761 10.2580 0.9912
v -4.4001 10.2039 1.0892
v -4.1528 10.4298 0.8093
v -4.3247 10.2421 0.9409
v -4.4295 10.1675 1.0372
v -4.1890 10.3877 0.7518
v -4.3561 10.1782 0.8877
v -4.4508 10.1119 0.9764
v -4.2336 10.3337 0.6945
v -4.4116 10.0991 0.8361
v -4.4814 10.0396 0.9083
v -4.3001 10.2551 0.6495
v -4.6170 9.8862 0.9817
v -4.6477 10.2978 0.8982
v -4.6137 10.3783 0.9726
v -4.6035 10.0932 0.7626
v -4.6609 10.1954 0.8177
v -4.5084 10.4808 1.0995
v -4.5598 10.4509 1.0547
v -4.6368 10.3436 0.9339
v -4.2414 10.2924 0.7361
v -4.5014 10.0210 0.7899
v -4.5900 10.4155 1.0116
v -4.3628 10.5689 1.1812
v -4.6589 10.2491 0.8687
v -4.0626 10.5586 1.2569
v -4.4502 10.5238 1.1441
v -4.5524 10.0438 0.7662
v -4.5991 9.9154 0.9257
v -4.2035 10.6463 1.0873
v -4.1162 10.4482 0.8727
v -4.2941 10.3376 0.5890
v -4.2196 10.3848 0.6361
v -4.4082 10.3006 0.5733
v -4.1743 10.4280 0.6945
v -4.1376 10.5131 0.8093
v -4.1481 10.4757 0.7529
v -4.1420 10.6185 0.9619
v -0.4759 13.7333 -0.5170
v -0.3610 13.8607 -0.5085
v -0.3011 14.0001 -0.4857
v -0.2502 14.1519 -0.4855
v -0.2289 14.2874 -0.4549
v -0.2498 14.3922 -0.3760
v -0.3036 14.4683 -0.2581
v -0.3488 14.4888 -0.1633
v -0.3770 14.5014 -0.0974
v -0.4025 14.5119 -0.0434
v -0.4109 14.5315 0.0036
v -0.4049 14.5562 0.0454
v -0.3194 14.6896 0.2705
v -0.2894 14.7202 0.2964
v -0.2795 14.7323 0.3036
v -0.2562 14.7567 0.3169
v -0.2496 14.7632 0.3177
v -0.2454 14.7676 0.3197
v -0.2415 14.7710 0.3214
v -0.2388 14.7736 0.3179
v -0.2367 14.7757 0.3098
v -0.2377 14.7775 0.2946
v -0.2445 14.7781 0.2730
v -0.2427 14.7711 0.2589
v -0.2448 14.7601 0.2490
v -0.2472 14.7536 0.2392
v -0.2552 14.7433 0.2167
v -0.2784 14.7392 0.1672
v -0.2994 14.7416 0.0641
v -0.3297 14.7494 -0.0905
v -0.3158 14.7511 -0.2853
v -0.2617 14.7522 -0.5001
v -0.1892 14.7580 -0.5330
v -0.1975 14.8266 -0.5350
v -0.2890 14.9077 -0.4587
v -0.3234 14.9784 -0.2833
v -0.3235 15.0120 -0.0822
v -0.2810 14.9815 0.0938
v -0.2594 14.9386 0.1989
v -0.2366 14.8948 0.2505
v -0.2286 14.8598 0.2685
v -0.2274 14.8309 0.2753
v -0.2282 14.8032 0.2796
v -0.2304 14.7893 0.2960
v -0.2315 14.7831 0.3113
v -0.2351 14.7796 0.3217
v -0.2399 14.7788 0.3266
v -0.2443 14.7792 0.3276
v -0.2490 14.7795 0.3265
v -0.2575 14.7812 0.3256
v -0.2652 14.7824 0.3223
v -0.2863 14.7949 0.3145
v -0.2997 14.8012 0.3078
v -0.6472 15.4496 -0.0419
v -0.6302 15.5217 -0.0094
v -0.6054 15.5916 0.0446
v -0.5714 15.6551 0.1137
v -0.5148 15.7138 0.1850
v -0.4384 15.7575 0.2552
v -0.3462 15.7890 0.3158
v -0.2505 15.8114 0.3647
v -0.1546 15.8229 0.4032
v -0.0610 15.8254 0.4218
v 0.0000 15.8287 0.4266
v -0.6501 13.6445 -0.4744
v -0.9280 13.6454 -0.3487
v -1.1852 13.6196 -0.2886
v -1.4188 13.5702 -0.2859
v -1.6021 13.4668 -0.3130
v -1.7392 13.3355 -0.3710
v -1.8258 13.2218 -0.4274
v -1.8772 13.1249 -0.4787
v -1.9200 13.0504 -0.5172
v -1.9623 12.9845 -0.5394
v -2.0324 12.8886 -0.5402
v -2.1481 12.7462 -0.5459
v -2.2944 12.5665 -0.5465
v -2.4296 12.3728 -0.5453
v -2.5785 12.1835 -0.5278
v -2.6782 12.0524 -0.5382
v -2.7726 11.9424 -0.5496
v -3.9116 10.9014 0.5078
v -4.0131 10.8240 0.6240
v -4.0955 10.7612 0.7047
v -4.1675 10.6887 0.8249
v -4.1171 10.5518 0.8911
v -3.7805 11.0058 0.3501
v -1.1604 13.0186 -1.6276
v -0.9682 12.9928 -1.6858
v -0.7655 12.9866 -1.6974
v -0.5545 12.9685 -1.5952
v -0.3760 12.9552 -1.6214
v -0.1894 12.9422 -1.6065
v 0.0000 12.9506 -1.5781
v -1.4576 12.9944 -1.5175
v -1.6522 12.8808 -1.4378
v -1.7339 12.8191 -1.4076
v -1.8228 12.7456 -1.3769
v -1.9354 12.6129 -1.3759
v -1.5609 12.9483 -1.4737
v -1.3267 13.0152 -1.5703
v -2.0814 12.4402 -1.3518
v -2.2309 12.2567 -1.3339
v -2.3884 12.1065 -1.3201
v -2.5233 11.9732 -1.2994
v -2.6534 11.8643 -1.2896
v -2.7783 11.7587 -1.2839
v -2.8846 11.6722 -1.2530
v -2.9813 11.5854 -1.2210
v -3.0847 11.4945 -1.1511
v -3.1899 11.3955 -1.0369
v -3.3121 11.2640 -0.8862
v -3.4452 11.1114 -0.6734
v -3.6041 10.9640 -0.4336
v -3.7887 10.8128 -0.1850
v -3.9678 10.7012 0.0298
v -4.1025 10.6129 0.1935
v -4.1994 10.5406 0.3197
v -4.2716 10.4855 0.4107
v -4.3425 10.3985 0.5049
v -4.5356 10.3496 0.6482
v -4.4576 10.0494 1.3695
v -4.5909 9.9291 1.1646
v -4.5576 9.9510 1.2085
v -4.4029 10.1319 1.4890
v -4.4930 10.0147 1.3152
v -4.5236 9.9936 1.2670
v -4.6487 9.8734 1.0595
v -4.6796 9.8537 1.0168
v -4.3929 10.2367 1.5577
v -4.4290 10.0927 1.4341
v -4.6240 9.9033 1.1189
v -4.2752 10.3186 1.4175
v -4.3422 10.3701 1.4381
v -4.3160 10.2932 1.4646
v -4.2839 10.2595 1.3754
v -4.3293 10.5092 1.3005
v -4.4162 10.3944 1.4276
v -4.2402 10.6091 1.1921
v -4.1166 10.6130 1.0650
v -4.3167 10.2027 0.6971
v -4.3451 10.1574 0.7630
v -4.2771 10.2350 0.7977
v -4.1956 10.3558 0.7915
v -4.2326 10.3026 0.8466
v -4.1595 10.3836 0.8462
v -4.1906 10.3273 0.8998
v -4.1147 10.3929 0.9091
v -4.1430 10.3367 0.9613
v -4.3492 10.2563 1.5082
v -1.1313 12.8501 -1.6220
v -0.9248 12.8403 -1.6537
v -0.7247 12.8484 -1.6244
v -0.5397 12.8426 -1.5939
v -0.3685 12.8355 -1.6077
v -0.1936 12.8330 -1.5938
v 0.0000 12.8402 -1.5708
v -1.4279 12.8408 -1.4790
v -1.6067 12.7966 -1.3946
v -1.6862 12.7515 -1.3695
v -1.7770 12.6820 -1.3489
v -1.8804 12.5794 -1.3269
v -1.5250 12.8292 -1.4299
v -2.0258 12.4238 -1.2954
v -2.1768 12.2324 -1.2824
v -2.3353 12.0803 -1.2704
v -2.4623 11.9421 -1.2586
v -4.5996 10.2209 0.6955
v -2.5877 11.8306 -1.2474
v -2.7094 11.7335 -1.2525
v -2.8128 11.6539 -1.2365
v -2.9062 11.5723 -1.2045
v -3.0171 11.4745 -1.1282
v -3.1181 11.3812 -1.0116
v -3.2260 11.2526 -0.8548
v -3.3638 11.1017 -0.6475
v -3.5259 10.9521 -0.4117
v -3.7187 10.7987 -0.1555
v -3.8896 10.6846 0.0518
v -4.0227 10.5908 0.2130
v -4.1143 10.5139 0.3376
v -4.1801 10.4610 0.4260
v -4.2469 10.3946 0.5151
v -4.6467 10.1553 0.7797
v -1.2956 12.8499 -1.5511
v -4.5097 10.3152 0.5978
v -4.6865 10.0935 0.8478
v -3.4429 11.3103 -0.0393
v -3.6285 11.1509 0.1681
v -3.2553 11.4741 -0.2222
v -3.1140 11.6127 -0.3820
v -3.0509 11.6652 -0.4824
v -3.0088 11.7011 -0.5367
v -2.9625 11.7424 -0.5583
v -2.9108 11.7922 -0.5610
v -2.8512 11.8558 -0.5559
v -4.3700 10.7037 0.6570
v -4.3379 10.7310 0.6938
v -4.4265 10.5591 0.5155
v -4.4276 10.5956 0.5442
v -4.0809 10.6380 0.7067
v -4.0992 10.6785 0.7386
v -4.4122 10.5197 0.4865
v -4.3907 10.4854 0.4645
v -4.0721 10.5953 0.6740
v -4.1448 10.4432 0.5151
v -4.2972 10.7504 0.7286
v -4.2458 10.7578 0.7586
v -4.0996 10.4894 0.5695
v -4.3972 10.6704 0.6163
v -4.1886 10.7461 0.7776
v -4.0762 10.5459 0.6278
v -4.4173 10.6326 0.5772
v -4.1390 10.7188 0.7656
v -4.3149 10.4437 0.4627
v -4.2162 10.4175 0.4772
v -4.3732 10.3459 0.5373
v -4.4685 10.3740 0.5553
v -4.4911 10.4096 0.5955
v -4.5047 10.4570 0.6365
v -4.5041 10.4986 0.6704
v -4.4933 10.5402 0.7044
v -4.4754 10.5801 0.7408
v -4.4520 10.6164 0.7773
v -4.4208 10.6480 0.8151
v -4.3771 10.6755 0.8548
v -4.3197 10.6945 0.8898
v -4.2527 10.6960 0.9085
v -4.2730 10.3729 0.5490
v -4.1952 10.4082 0.5940
v -4.1514 10.4529 0.6524
v -4.1265 10.5033 0.7099
v -4.1217 10.5479 0.7570
v -4.1328 10.5791 0.8150
v -4.1539 10.6257 0.8664
v -4.1885 10.6700 0.8983
v -1.2784 12.1976 -0.3456
v -1.3787 12.1073 -0.7917
v -1.3373 12.1128 -0.5492
v -0.9628 12.2314 -1.4497
v -0.7934 12.2462 -1.4788
v -0.6388 12.2503 -1.4956
v -0.4953 12.2491 -1.5148
v -0.3542 12.2476 -1.5301
v -0.1991 12.2423 -1.5066
v 0.0000 12.2272 -1.4769
v -1.2520 12.1964 -1.2587
v -1.3353 12.1638 -1.1434
v -1.3770 12.1324 -0.9988
v -1.1213 12.2136 -1.3580
v -1.2682 12.0308 -0.3174
v -1.3306 11.9041 -0.7447
v -1.3097 11.9291 -0.5200
v -0.9053 12.0462 -1.3661
v -0.7551 12.0627 -1.4208
v -0.6092 12.0640 -1.4488
v -0.4793 12.0613 -1.4882
v -0.3409 12.0622 -1.4986
v -0.1753 12.0636 -1.4609
v 0.0000 12.0493 -1.4360
v -1.1893 12.0012 -1.1978
v -1.2633 11.9639 -1.0859
v -1.3089 11.9325 -0.9382
v -1.0660 12.0199 -1.2924
v -1.2425 11.8143 -0.2841
v -1.2759 11.6900 -0.6899
v -1.2788 11.7111 -0.4810
v -0.8546 11.8220 -1.3101
v -0.7153 11.8434 -1.3636
v -0.5825 11.8476 -1.4089
v -0.4596 11.8494 -1.4485
v -0.3212 11.8634 -1.4499
v -0.1696 11.8601 -1.4223
v 0.0000 11.8363 -1.3765
v -1.1234 11.7660 -1.1445
v -1.2039 11.7390 -1.0367
v -1.2476 11.7142 -0.8801
v -1.0021 11.7894 -1.2353
v -1.2130 11.5642 -0.2459
v -1.2335 11.4675 -0.6218
v -1.2471 11.4926 -0.4345
v -0.7959 11.5680 -1.2689
v -0.6681 11.5896 -1.3174
v -0.5480 11.6011 -1.3565
v -0.4325 11.6095 -1.3870
v -0.2946 11.6128 -1.3773
v -0.1560 11.6264 -1.3767
v 0.0000 11.6239 -1.3523
v -1.0540 11.5182 -1.0838
v -1.1241 11.4969 -0.9294
v -1.1844 11.4726 -0.7977
v -0.9322 11.5392 -1.1885
v -1.2012 11.3206 -0.1992
v -1.1707 11.2345 -0.5704
v -1.2246 11.2607 -0.3812
v -0.7501 11.3332 -1.2329
v -0.6305 11.3455 -1.2738
v -0.5197 11.3554 -1.3048
v -0.4081 11.3666 -1.3218
v -0.2899 11.3678 -1.3341
v -0.1625 11.3593 -1.3194
v 0.0000 11.3490 -1.3144
v -0.9870 11.2795 -0.9982
v -1.0696 11.2588 -0.8707
v -1.1344 11.2404 -0.7333
v -0.8784 11.3085 -1.1503
v -1.1923 11.0730 -0.1844
v -1.1705 11.0221 -0.5525
v -1.2034 11.0367 -0.3641
v -0.7361 11.1077 -1.1833
v -0.6208 11.1271 -1.2422
v -0.5115 11.1392 -1.2827
v -0.3964 11.1400 -1.2934
v -0.2792 11.1368 -1.2917
v -0.1579 11.1242 -1.2881
v 0.0000 11.1290 -1.2689
v -0.9521 11.0563 -0.9585
v -1.0473 11.0348 -0.8415
v -1.1107 11.0171 -0.7047
v -0.8469 11.0791 -1.0778
v -1.2070 10.8379 -0.2025
v -1.1871 10.8218 -0.5756
v -1.2077 10.8252 -0.3837
v -0.7295 10.8962 -1.1535
v -0.6142 10.9194 -1.2201
v -0.5021 10.9330 -1.2577
v -0.3934 10.9357 -1.2795
v -0.2813 10.9239 -1.2849
v -0.1637 10.9189 -1.2902
v 0.0000 10.9102 -1.2789
v -0.9312 10.8494 -0.9296
v -1.0352 10.8308 -0.8286
v -1.1199 10.8161 -0.7165
v -0.8375 10.8742 -1.0455
v -1.2164 10.6666 -0.2454
v -1.1985 10.6541 -0.6102
v -1.2311 10.6659 -0.4233
v -0.7297 10.7135 -1.1239
v -0.6186 10.7387 -1.2149
v -0.5075 10.7523 -1.2643
v -0.3999 10.7535 -1.2878
v -0.2938 10.7409 -1.2980
v -0.1725 10.7266 -1.2972
v 0.0000 10.7245 -1.2932
v -0.9632 10.6814 -0.9512
v -1.0645 10.6673 -0.8574
v -1.1518 10.6554 -0.7547
v -0.8409 10.6983 -1.0365
v -1.2634 10.4034 -0.3007
v -1.2742 10.4257 -0.6641
v -1.2946 10.4157 -0.4805
v -0.4752 10.3486 0.3064
v -0.7520 10.5766 -1.1406
v -0.6324 10.5986 -1.2138
v -0.5177 10.6077 -1.2671
v -0.4104 10.6038 -1.3022
v -0.2923 10.5892 -1.3327
v -0.1686 10.5699 -1.3423
v 0.0000 10.5509 -1.3241
v -0.1187 10.3763 0.3576
v -1.1328 10.4321 -0.9315
v -1.2165 10.4305 -0.8125
v -0.9120 10.4416 -1.1092
v -1.3040 10.2760 -0.3136
v -1.3152 10.3015 -0.6963
v -1.3425 10.2890 -0.5028
v -0.2823 10.3641 0.3438
v -0.8060 10.3259 -1.2295
v -0.6706 10.3379 -1.2853
v -0.5426 10.3464 -1.3264
v -0.4205 10.3496 -1.3573
v -0.2999 10.3518 -1.3942
v -0.1624 10.3531 -1.4038
v 0.0000 10.3409 -1.3596
v -1.1663 10.3058 -0.9683
v -1.2685 10.3056 -0.8488
v -0.9414 10.3135 -1.1623
v -1.2272 12.2803 -0.1708
v -1.1887 12.0949 -0.1538
v -1.1732 11.8897 -0.1333
v -1.1199 11.3709 -0.0376
v -1.1513 11.6510 -0.0775
v 0.0000 10.4044 0.3438
v 0.0000 11.3845 0.5114
v 0.0000 10.8545 0.4312
v -0.6947 11.4505 0.4012
v -0.8987 11.4010 0.2634
v -1.0967 10.3826 0.0300
v -0.1318 10.8504 0.4379
v -0.1334 11.3654 0.5208
v -0.2948 10.8185 0.4244
v -0.6801 11.1981 0.3719
v -0.8740 11.1417 0.2454
v -1.0571 10.6548 0.0607
v -0.4798 10.7803 0.3782
v -0.1487 11.6160 0.5006
v -0.4783 11.0099 0.4304
v -0.6897 10.9022 0.3580
v -0.8740 10.8463 0.2212
v -1.0284 10.8421 0.0902
v -0.2988 11.0697 0.4723
v 0.0000 11.6102 0.4963
v -0.1350 11.1053 0.4879
v -0.6826 10.7075 0.3007
v -0.8898 10.6557 0.1904
v -1.0194 11.1173 0.1132
v 0.0000 11.1201 0.4806
v -0.4642 11.5263 0.4831
v -0.2938 11.3303 0.5144
v -0.6937 10.3570 0.2397
v -0.9179 10.3670 0.1494
v -1.0225 11.4047 0.1137
v -0.4747 11.2748 0.4792
v -0.3013 11.5806 0.5011
v -1.1191 11.0996 -0.0256
v -1.1572 10.8412 -0.0403
v -1.1964 10.6718 -0.0740
v -1.2250 10.3983 -0.1199
v -1.0366 10.4332 -1.0267
v 0.0000 10.2364 0.2971
v -0.0995 10.1922 0.3252
v -0.1418 10.0210 0.3163
v -0.1186 9.8244 0.3529
v 0.0000 9.7392 0.3272
v 0.0000 10.1697 0.2911
v -0.0587 10.1376 0.2940
v -0.0895 10.0134 0.2986
v -0.0758 9.8911 0.3062
v 0.0000 9.8201 0.3133
v 0.0000 10.1029 0.3100
v -0.0347 10.0842 0.3139
v -0.0534 10.0081 0.3050
v -0.0453 9.9346 0.2974
v 0.0000 9.8924 0.2974
v 0.0000 10.0081 0.2618
v -0.4942 10.1867 0.2838
v -0.2899 10.2064 0.3278
v -1.1168 10.2388 0.0180
v -0.7026 10.1931 0.2133
v -0.9211 10.2126 0.1280
v -1.2556 10.2616 -0.1268
v -1.3627 10.1322 -0.3253
v -1.3877 10.1641 -0.7269
v -1.4111 10.1490 -0.5232
v -1.2449 10.1720 -1.0719
v -1.3417 10.1675 -0.9091
v -0.5093 10.0043 0.2676
v -0.3107 10.0028 0.3081
v -1.1430 10.0797 0.0074
v -0.7211 10.0241 0.1975
v -0.9388 10.0467 0.1128
v -1.2975 10.1102 -0.1339
v -1.1765 10.5426 -0.7883
v -1.0943 10.5450 -0.8927
v -1.2367 10.5277 -0.2764
v -1.2564 10.5331 -0.4534
v -1.2364 10.5394 -0.6341
v -0.8845 10.5632 -1.0718
v -0.4186 10.4775 -1.3266
v -0.3010 10.4703 -1.3564
v -0.1669 10.4629 -1.3740
v 0.0000 10.4434 -1.3410
v -0.7797 10.4546 -1.1776
v -0.6529 10.4677 -1.2350
v -0.1324 10.5755 0.3844
v -0.5329 10.4799 -1.2974
v -1.2126 10.5298 -0.1007
v 0.0000 10.5956 0.3717
v -0.4827 10.5462 0.3322
v -0.2835 10.5636 0.3725
v -0.6826 10.5280 0.2699
v -0.9027 10.5108 0.1745
v -1.0830 10.5192 0.0461
v -1.0023 10.5510 -0.9900
v -1.1918 9.8938 -0.0065
v -0.3284 9.7727 0.3215
v -0.5287 9.7819 0.2633
v -1.4155 9.9995 -0.9748
v -1.3281 10.0040 -1.1698
v -1.4856 9.9800 -0.5422
v -1.4734 10.0018 -0.7612
v -1.4235 9.9560 -0.3418
v -1.3516 9.9304 -0.1492
v -0.9717 9.8505 0.0981
v -0.7429 9.8178 0.1869
v -1.0659 10.3019 -1.0611
v -1.1241 10.1649 -1.1654
v -1.1872 9.9949 -1.2902
v -0.8316 10.1804 -1.3014
v -0.6860 10.1928 -1.3609
v -0.5441 10.1964 -1.3780
v -0.4186 10.2015 -1.4065
v -0.2890 10.1970 -1.4371
v -0.1533 10.2091 -1.4380
v 0.0000 10.2033 -1.4027
v -0.8600 10.0010 -1.4309
v -0.6957 10.0063 -1.4695
v -0.5400 10.0059 -1.4756
v -0.4054 10.0061 -1.4889
v -0.2767 10.0100 -1.5040
v -0.1393 10.0120 -1.4945
v 0.0000 10.0048 -1.4972
v -0.8821 9.7740 -1.5910
v -0.6932 9.7716 -1.6080
v -0.5218 9.7678 -1.6059
v -0.3788 9.7670 -1.6075
v -0.2525 9.7618 -1.6095
v -0.1291 9.7458 -1.6120
v 0.0000 9.7444 -1.6031
v -0.9834 10.1721 -1.2450
v -1.0273 9.9924 -1.3698
v -1.2669 9.5515 -1.5404
v -0.9001 9.3082 -1.8986
v -0.6764 9.3155 -1.9156
v -0.4810 9.3130 -1.8942
v -0.3233 9.3057 -1.8459
v -0.2001 9.2999 -1.8154
v -0.1040 9.2998 -1.7968
v 0.0000 9.2855 -1.7815
v -1.0804 9.5438 -1.6477
v -1.2813 9.3025 -1.6477
v -1.0925 9.3035 -1.7970
v -0.8925 9.0370 -2.0158
v -0.6706 9.0444 -2.0297
v -0.4367 9.0521 -1.9977
v -0.2763 9.0488 -1.9377
v -0.1559 9.0387 -1.8841
v -0.0767 9.0363 -1.8630
v 0.0000 9.0386 -1.8445
v -1.2926 9.0266 -1.7508
v -0.8862 8.7605 -2.0947
v -0.6624 8.7680 -2.1151
v -0.4089 8.7597 -2.0619
v -0.2527 8.7530 -2.0166
v -0.1325 8.7451 -1.9420
v -0.0681 8.7382 -1.8788
v 0.0000 8.7315 -1.8605
v -1.1066 9.0328 -1.9257
v -1.3059 8.7485 -1.7982
v -0.8619 8.5158 -2.0669
v -0.6155 8.5251 -2.0989
v -0.3917 8.5245 -2.0661
v -0.2385 8.5166 -2.0219
v -0.1231 8.5098 -1.9365
v -0.0645 8.5109 -1.8539
v 0.0000 8.5109 -1.8357
v -1.1056 8.7529 -1.9808
v -1.3159 8.5010 -1.8074
v -0.8455 8.2844 -2.0343
v -0.5964 8.2900 -2.0497
v -0.3802 8.2855 -2.0213
v -0.2268 8.2700 -1.9678
v -0.1249 8.2568 -1.8556
v -0.0643 8.2509 -1.7751
v 0.0000 8.2624 -1.7127
v -1.0984 8.5045 -1.9796
v -1.3258 8.2780 -1.7833
v -0.8219 8.0574 -1.9720
v -0.5683 8.0422 -1.9486
v -0.3774 8.0576 -1.9108
v -0.2210 8.0317 -1.8196
v -0.1204 8.0252 -1.7025
v -0.0626 8.0168 -1.5971
v 0.0000 8.0390 -1.5221
v -1.0920 8.2767 -1.9405
v -1.3482 8.0787 -1.7349
v -0.8200 7.8016 -1.8390
v -0.5509 7.7091 -1.7096
v -0.3528 7.7766 -1.6730
v -0.2198 7.7993 -1.6396
v -0.1344 7.8312 -1.4680
v -0.0653 7.8359 -1.3634
v 0.0000 7.8665 -1.3012
v -1.0926 8.0665 -1.8838
v -1.3953 7.9013 -1.6652
v -0.9006 7.5910 -1.7486
v -0.6779 7.4950 -1.6479
v -0.2195 7.6668 -1.3940
v -0.1561 7.7284 -1.2794
v -0.0816 7.7575 -1.2001
v 0.0000 7.8013 -1.1627
v -1.1250 7.8614 -1.7940
v -1.5402 9.5563 -1.0821
v -1.4114 9.5521 -1.3280
v -1.6410 9.5423 -0.5980
v -1.6339 9.5605 -0.8339
v -1.5944 9.5209 -0.3806
v -1.4734 9.4856 -0.1962
v -1.5575 9.3116 -1.1396
v -1.4213 9.2991 -1.3931
v -1.6735 9.2947 -0.6365
v -1.6631 9.3058 -0.8787
v -1.6362 9.2741 -0.4070
v -1.5065 9.2407 -0.2107
v -1.5812 9.0330 -1.1977
v -1.4374 9.0320 -1.4650
v -1.6964 9.0300 -0.6768
v -1.6906 9.0350 -0.9267
v -1.6520 9.0078 -0.4249
v -1.5361 8.9784 -0.2078
v -1.6123 8.7587 -1.2387
v -1.4715 8.7577 -1.5226
v -1.7157 8.7414 -0.6917
v -1.7043 8.7517 -0.9574
v -1.6723 8.7245 -0.4299
v -1.5571 8.6954 -0.2036
v -1.6404 8.5070 -1.2508
v -1.4975 8.5113 -1.5371
v -1.7416 8.4762 -0.6810
v -1.7275 8.4896 -0.9583
v -1.7073 8.4652 -0.4101
v -1.5844 8.4256 -0.1786
v -1.6648 8.2833 -1.2305
v -1.5246 8.2907 -1.5219
v -1.7701 8.2661 -0.6499
v -1.7472 8.2691 -0.9347
v -1.7382 8.2608 -0.3741
v -1.6091 8.2237 -0.1524
v -1.7072 8.0934 -1.1891
v -1.5669 8.0982 -1.4808
v -1.8099 8.0924 -0.6141
v -1.7814 8.0877 -0.8981
v -1.7663 8.0885 -0.3392
v -1.6419 8.0619 -0.1303
v -1.7470 7.9328 -1.1497
v -1.6119 7.9323 -1.4312
v -1.8493 7.9275 -0.5873
v -1.8194 7.9275 -0.8655
v -0.8925 7.6195 0.0117
v -0.8356 7.7895 0.0187
v 0.0000 9.1102 0.3267
v -1.2516 9.4351 -0.0534
v -0.3717 9.1761 0.2917
v -0.5699 9.2361 0.2337
v -1.0049 9.3733 0.0552
v -0.7771 9.3050 0.1430
v 0.0000 8.7800 0.2797
v -1.2999 9.1999 -0.0525
v -0.3741 8.8665 0.2546
v -0.5754 8.9457 0.1903
v -1.0290 9.1164 0.0393
v -0.7863 9.0344 0.1245
v 0.0000 8.4792 0.2007
v -1.3417 8.9277 -0.0407
v -0.3535 8.5628 0.1920
v -0.5616 8.6552 0.1436
v -1.0548 8.8495 0.0413
v -0.7855 8.7538 0.0842
v 0.0000 8.2365 0.1154
v -1.3543 8.6504 -0.0394
v -0.3096 8.2906 0.0945
v -0.5277 8.3865 0.0616
v -1.0796 8.5827 0.0514
v -0.7933 8.4959 0.0750
v 0.0000 8.0341 0.0144
v -1.3762 8.3848 -0.0225
v -0.2640 8.0989 0.0111
v -0.4908 8.1855 -0.0110
v -1.0938 8.3318 0.0601
v -0.7861 8.2709 0.0574
v 0.0000 7.9178 -0.0754
v -1.4040 8.1917 -0.0111
v -0.2325 7.9761 -0.0712
v -0.4062 8.0222 -0.0592
v -1.0979 8.1460 0.0557
v -0.7651 8.0941 0.0382
v -1.4432 8.0350 -0.0025
v -0.4900 7.8683 -0.0929
v -1.1191 7.9902 0.0489
v -0.7853 7.9367 0.0236
v -0.1761 9.1316 0.3205
v -0.1815 8.8025 0.2722
v -0.1671 8.4953 0.1980
v -0.1503 8.2472 0.1119
v -0.1351 8.0569 0.0142
v -0.1178 7.9391 -0.0731
v -0.9854 9.6228 0.0797
v -0.7637 9.5630 0.1696
v -0.3541 9.4727 0.3173
v -0.1480 9.4445 0.3501
v 0.0000 9.4353 0.3494
v -1.2167 9.6719 -0.0311
v -0.5531 9.5113 0.2517
v 0.0000 7.8014 -0.2378
v -0.0899 7.8165 -0.2576
v 0.0000 7.7517 -0.4654
v -0.0837 7.7632 -0.4819
v 0.0000 7.7546 -0.8515
v -0.0820 7.7451 -0.8532
v 0.0000 7.7476 -1.0141
v -0.0697 7.7202 -1.0381
v -0.1843 7.8545 -0.2734
v -0.1495 7.7885 -0.4977
v -0.1605 7.7349 -0.8647
v -0.1409 7.7216 -1.0666
v -0.2522 7.8489 -0.2871
v -0.2236 7.7411 -0.5181
v -0.2086 7.6479 -0.8865
v -0.2136 7.6295 -1.1313
v -0.1153 9.5334 -1.7035
v 0.0000 9.5477 -1.6795
v -0.8902 9.5513 -1.7502
v -0.6890 9.5526 -1.7734
v -0.5024 9.5453 -1.7426
v -1.0640 9.7666 -1.5109
v -0.3507 9.5431 -1.7309
v -0.2292 9.5370 -1.7187
v -1.2393 9.7771 -1.4262
v -1.5675 9.7919 -0.7944
v -1.4973 9.7896 -1.0285
v -1.3807 9.7141 -0.1812
v -1.5096 9.7507 -0.3610
v -1.5775 9.7727 -0.5655
v -1.3755 9.7814 -1.2591
v -1.4290 7.7321 -1.6076
v -1.1706 7.6672 -1.7075
v -1.7713 7.7995 -1.1260
v -1.6376 7.7853 -1.4030
v -1.8846 7.7941 -0.5686
v -1.8515 7.7986 -0.8427
v -1.1582 7.8363 0.0428
v -0.5573 7.7373 -0.0837
v -1.4801 7.8781 0.0031
v -1.6727 7.9030 -0.1154
v -0.3241 7.7208 -0.2922
v -0.2644 7.6124 -0.5293
v -0.2585 7.5201 -0.9335
v -0.2951 7.5278 -1.1719
v -1.2046 7.6721 0.0387
v -0.6214 7.5497 -0.0838
v -1.5219 7.7251 0.0071
v -1.7067 7.7553 -0.1038
v -0.3843 7.5885 -0.2926
v -0.3149 7.4747 -0.5345
v -0.3099 7.3791 -0.9607
v -0.3719 7.4032 -1.1959
v -0.4476 7.4270 -0.2953
v -0.3767 7.3223 -0.5384
v -0.3623 7.2278 -0.9812
v -0.4363 7.2668 -1.2078
v -0.3094 7.5947 -1.4314
v -1.7985 7.9327 -0.3175
v -1.8278 7.7914 -0.3062
v -0.4295 7.4858 -1.4537
v -0.5303 7.3525 -1.4599
v -0.9815 7.4326 -1.7164
v -0.7677 7.3247 -1.6082
v -0.9509 7.4179 0.0041
v -1.4692 7.5921 -1.5892
v -1.2257 7.5186 -1.6810
v -1.7960 7.6752 -1.1155
v -1.6698 7.6541 -1.3931
v -1.9105 7.6714 -0.5581
v -1.8749 7.6751 -0.8314
v -1.2535 7.4959 0.0340
v -0.7019 7.3300 -0.0943
v -1.5593 7.5681 0.0086
v -1.7455 7.6141 -0.0962
v -0.5216 7.2207 -0.3006
v -0.4414 7.1417 -0.5394
v -0.4243 7.0707 -0.9977
v -0.4990 7.1174 -1.2162
v -1.8626 7.6590 -0.2982
v -0.5977 7.2033 -1.4632
v -1.0447 7.2394 -1.6902
v -0.8312 7.1241 -1.5867
v -1.0271 7.1806 -0.0072
v -1.5190 7.4245 -1.5780
v -1.2792 7.3439 -1.6718
v -1.8319 7.4986 -1.1090
v -1.7137 7.4802 -1.3826
v -1.9388 7.4937 -0.5591
v -1.9034 7.4949 -0.8294
v -1.3096 7.2843 0.0298
v -0.7831 7.0809 -0.1159
v -1.5955 7.3651 0.0108
v -1.7906 7.4258 -0.0954
v -0.6083 6.9752 -0.3166
v -0.5125 6.9093 -0.5480
v -0.4913 6.8908 -1.0087
v -0.5625 6.9425 -1.2213
v -1.9057 7.4757 -0.2986
v -0.6503 7.0257 -1.4526
v -1.0805 6.9449 -1.6673
v -0.8871 6.8186 -1.5673
v -1.1018 6.8830 -0.0227
v -1.5631 7.1289 -1.5528
v -1.3220 7.0448 -1.6557
v -1.8541 7.1858 -1.0975
v -1.7439 7.1726 -1.3595
v -1.9638 7.1820 -0.5725
v -1.9241 7.1824 -0.8317
v -1.3632 6.9757 0.0236
v -0.8661 6.7794 -0.1404
v -1.6335 7.0582 0.0098
v -1.8252 7.1198 -0.1121
v -0.6805 6.6846 -0.3365
v -0.5803 6.6217 -0.5641
v -0.5516 6.5922 -1.0193
v -0.6392 6.6338 -1.2240
v -1.9391 7.1632 -0.3190
v -0.7201 6.7006 -1.4265
v -1.2213 6.1768 -1.5497
v -1.0409 6.0763 -1.4807
v -1.2206 6.1710 -0.0326
v -1.6598 6.3347 -1.4455
v -1.4282 6.2686 -1.5493
v -1.9151 6.3819 -1.0437
v -1.8216 6.3810 -1.2846
v -1.9714 6.3860 -0.6124
v -1.9536 6.3781 -0.8246
v -1.4661 6.2628 0.0092
v -0.9826 6.0714 -0.1431
v -1.7080 6.3257 -0.0271
v -1.8786 6.3779 -0.1720
v -0.8508 5.9949 -0.3529
v -0.7753 5.9367 -0.5722
v -0.7332 5.8937 -0.9960
v -0.7768 5.9175 -1.1837
v -1.9731 6.3990 -0.3785
v -0.8882 5.9829 -1.3478
v -1.3185 5.7432 -1.4589
v -1.1605 5.6615 -1.4037
v -1.2915 5.7669 -0.0679
v -1.7068 5.8744 -1.3607
v -1.4985 5.8094 -1.4600
v -1.9398 5.9372 -1.0166
v -1.8495 5.9178 -1.2151
v -1.9615 5.9438 -0.6604
v -1.9568 5.9387 -0.8294
v -1.5343 5.8495 -0.0428
v -1.0410 5.6773 -0.1580
v -1.7483 5.9050 -0.0996
v -1.8827 5.9392 -0.2611
v -0.9134 5.6015 -0.3564
v -0.8527 5.5484 -0.5688
v -0.8182 5.5059 -0.9806
v -0.8486 5.5220 -1.1608
v -1.9590 5.9540 -0.4642
v -0.9768 5.5861 -1.3259
v -1.3911 5.3186 -1.4230
v -1.2314 5.2525 -1.3826
v -1.3685 5.3593 -0.1457
v -1.7426 5.4322 -1.3216
v -1.5661 5.3851 -1.4176
v -1.9162 5.5004 -1.0063
v -1.8646 5.4719 -1.1840
v -1.9593 5.5014 -0.6859
v -1.9454 5.5152 -0.8435
v -1.5871 5.4168 -0.1403
v -1.1378 5.2848 -0.2005
v -1.7637 5.4759 -0.2256
v -1.9005 5.4999 -0.3622
v -0.9907 5.2181 -0.3807
v -0.9399 5.1687 -0.5696
v -0.9125 5.1290 -0.9570
v -0.9568 5.1386 -1.1324
v -1.9532 5.5056 -0.5255
v -1.0849 5.1904 -1.2747
v -1.4171 5.0517 -1.4230
v -1.2704 4.9773 -1.3807
v -1.4153 5.1060 -0.2274
v -1.7477 5.1675 -1.3238
v -1.5804 5.1148 -1.3988
v -1.9192 5.2239 -1.0124
v -1.8644 5.1973 -1.1777
v -1.9474 5.2387 -0.7123
v -1.9469 5.2358 -0.8570
v -1.6230 5.1626 -0.2003
v -1.2238 5.0513 -0.2620
v -1.7837 5.1943 -0.3070
v -1.8953 5.2302 -0.4283
v -1.0755 4.9617 -0.4102
v -1.0090 4.9124 -0.5786
v -0.9738 4.8803 -0.9526
v -1.0272 4.8899 -1.1237
v -1.9430 5.2402 -0.5675
v -1.1363 4.9240 -1.2660
v -1.4277 4.8744 -1.4242
v -1.2863 4.8068 -1.3801
v -1.4641 4.9110 -0.2155
v -1.7463 4.9873 -1.3240
v -1.5829 4.9343 -1.3938
v -1.9367 5.0393 -1.0306
v -1.8739 5.0209 -1.1957
v -1.9567 5.0379 -0.7306
v -1.9533 5.0420 -0.8754
v -1.6301 4.9554 -0.2268
v -1.2955 4.8513 -0.2643
v -1.7708 4.9907 -0.3376
v -1.8567 5.0083 -0.4623
v -1.1392 4.7833 -0.4265
v -1.0588 4.7397 -0.5973
v -0.9987 4.7161 -0.9658
v -1.0667 4.7294 -1.1139
v -1.9194 5.0232 -0.5938
v -1.1658 4.7595 -1.2581
v -1.4420 4.7314 -1.4305
v -1.3024 4.6710 -1.3733
v -1.4743 4.7293 -0.2135
v -1.7533 4.8381 -1.3322
v -1.6073 4.7898 -1.4154
v -1.9672 4.8861 -1.0487
v -1.8837 4.8747 -1.2140
v -1.9839 4.8646 -0.7487
v -1.9784 4.8763 -0.8935
v -1.6482 4.7660 -0.2536
v -1.3364 4.6863 -0.2537
v -1.7780 4.7972 -0.3579
v -1.8748 4.8212 -0.4753
v -1.1767 4.6184 -0.4372
v -1.0909 4.5803 -0.6127
v -1.0290 4.5673 -0.9759
v -1.0967 4.5870 -1.1185
v -1.9408 4.8426 -0.6094
v -1.1848 4.6208 -1.2602
v -1.4583 4.5965 -1.4463
v -1.3231 4.5406 -1.3776
v -1.5094 4.5618 -0.2237
v -1.7627 4.7018 -1.3461
v -1.6262 4.6539 -1.4329
v -1.9814 4.7330 -1.0694
v -1.8931 4.7373 -1.2352
v -2.0075 4.6982 -0.7668
v -1.9956 4.7161 -0.9142
v -1.6830 4.5906 -0.2429
v -1.3661 4.5257 -0.2631
v -1.8134 4.6182 -0.3553
v -1.9147 4.6493 -0.4829
v -1.1944 4.4535 -0.4518
v -1.1000 4.4173 -0.6281
v -1.0652 4.4177 -0.9910
v -1.1328 4.4435 -1.1286
v -1.9664 4.6714 -0.6222
v -1.2104 4.4837 -1.2688
v -1.4894 4.4479 -1.4636
v -1.3563 4.3914 -1.3936
v -1.5452 4.3964 -0.2549
v -1.7828 4.5538 -1.3694
v -1.6530 4.5067 -1.4518
v -2.0010 4.5708 -1.0901
v -1.9137 4.5836 -1.2569
v -2.0272 4.5306 -0.7875
v -2.0224 4.5507 -0.9324
v -1.7156 4.4264 -0.2623
v -1.4024 4.3604 -0.2948
v -1.8352 4.4519 -0.3528
v -1.9203 4.4798 -0.4987
v -1.2401 4.2859 -0.4813
v -1.1304 4.2461 -0.6540
v -1.1217 4.2549 -1.0044
v -1.1692 4.2829 -1.1574
v -1.9692 4.4984 -0.6431
v -1.2394 4.3281 -1.2964
v -1.5236 4.2722 -1.5059
v -1.3846 4.2109 -1.4434
v -1.5706 4.2186 -0.2992
v -1.8325 4.3786 -1.4083
v -1.6944 4.3323 -1.4911
v -2.0599 4.4051 -1.1210
v -1.9586 4.4026 -1.2869
v -2.0644 4.3742 -0.8082
v -2.0602 4.3863 -0.9582
v -1.7362 4.2640 -0.3152
v -1.4525 4.1805 -0.3627
v -1.8467 4.2991 -0.3931
v -1.9264 4.3213 -0.5246
v -1.3063 4.1029 -0.5315
v -1.2080 4.0631 -0.6936
v -1.1811 4.0707 -1.0417
v -1.2125 4.0981 -1.1984
v -2.0030 4.3461 -0.6638
v -1.2786 4.1443 -1.3330
v -1.5645 4.0763 -1.5543
v -1.4146 4.0057 -1.4954
v -1.6280 4.0354 -0.3860
v -1.8921 4.1920 -1.4703
v -1.7295 4.1368 -1.5416
v -2.1022 4.2312 -1.1570
v -2.0238 4.2226 -1.3365
v -2.1063 4.2192 -0.8288
v -2.1128 4.2239 -0.9865
v -1.7545 4.0924 -0.3831
v -1.5136 3.9809 -0.4471
v -1.8682 4.1407 -0.4370
v -1.9667 4.1740 -0.5530
v -1.3877 3.9001 -0.5897
v -1.3019 3.8594 -0.7379
v -1.2384 3.8633 -1.0719
v -1.2673 3.8916 -1.2357
v -2.0464 4.1972 -0.6844
v -1.3172 3.9325 -1.3742
v -1.5976 3.8635 -1.6145
v -1.4459 3.7808 -1.5576
v -1.6708 3.8187 -0.4891
v -1.9389 4.0076 -1.5205
v -1.7674 3.9351 -1.5973
v -2.1796 4.0579 -1.1930
v -2.0837 4.0519 -1.3834
v -2.1561 4.0451 -0.8494
v -2.1886 4.0555 -1.0146
v -1.7820 3.8898 -0.4662
v -1.5667 3.7519 -0.5464
v -1.8956 3.9509 -0.4940
v -1.9976 3.9824 -0.5905
v -1.4540 3.6758 -0.6556
v -1.3638 3.6334 -0.7837
v -1.2733 3.6277 -1.0995
v -1.2815 3.6554 -1.2772
v -2.0883 4.0127 -0.6985
v -1.3366 3.6993 -1.4270
v -1.6260 3.6108 -1.6753
v -1.4654 3.5252 -1.6225
v -1.7176 3.5684 -0.5722
v -2.0137 3.7771 -1.5768
v -1.8212 3.6955 -1.6682
v -2.2793 3.8429 -1.2288
v -2.1751 3.8342 -1.4226
v -2.2339 3.8284 -0.8673
v -2.2913 3.8470 -1.0374
v -1.8167 3.6417 -0.5379
v -1.6238 3.5013 -0.6227
v -1.9286 3.7113 -0.5524
v -2.0391 3.7528 -0.6141
v -1.5200 3.4356 -0.7128
v -1.4179 3.3915 -0.8198
v -1.3098 3.3858 -1.1317
v -1.3088 3.4193 -1.3228
v -2.1360 3.7835 -0.7265
v -1.3585 3.4658 -1.4963
v -1.6709 3.3271 -1.7363
v -1.5146 3.2505 -1.6629
v -1.7626 3.2861 -0.6270
v -2.1060 3.4849 -1.6269
v -1.8999 3.4117 -1.7317
v -2.3819 3.5711 -1.2691
v -2.2855 3.5446 -1.4682
v -2.2997 3.5567 -0.8668
v -2.3720 3.5794 -1.0516
v -1.8554 3.3530 -0.5672
v -1.6833 3.2323 -0.6734
v -1.9623 3.4185 -0.5895
v -2.0767 3.4681 -0.6331
v -1.6012 3.1822 -0.7539
v -1.5103 3.1447 -0.8568
v -1.3629 3.1226 -1.1473
v -1.3518 3.1531 -1.3477
v -2.1804 3.5020 -0.7371
v -1.4111 3.1917 -1.5126
v -1.7518 3.0088 -1.7406
v -1.5789 2.9414 -1.6762
v -1.8089 2.9833 -0.6635
v -2.1856 3.1554 -1.6563
v -1.9742 3.0858 -1.7399
v -2.4348 3.2348 -1.2737
v -2.3528 3.2066 -1.4857
v -2.3270 3.2022 -0.8576
v -2.4217 3.2302 -1.0374
v -1.8929 3.0339 -0.6087
v -1.7383 2.9413 -0.7141
v -1.9991 3.0923 -0.6093
v -2.1099 3.1374 -0.6466
v -1.6702 2.9044 -0.7817
v -1.6050 2.8750 -0.8824
v -1.4566 2.8422 -1.1498
v -1.4301 2.8603 -1.3396
v -2.2152 3.1674 -0.7333
v -1.4717 2.8918 -1.5101
v -1.8154 2.6803 -1.6983
v -1.6678 2.6265 -1.6436
v -1.8589 2.6605 -0.7112
v -2.2008 2.8059 -1.6374
v -2.0052 2.7401 -1.6837
v -2.4414 2.8741 -1.2292
v -2.3763 2.8561 -1.4767
v -2.3476 2.8300 -0.8443
v -2.4368 2.8584 -1.0173
v -1.9326 2.6920 -0.6721
v -1.7938 2.6297 -0.7489
v -2.0304 2.7357 -0.6501
v -2.1377 2.7786 -0.6608
v -1.7433 2.6013 -0.8169
v -1.6872 2.5741 -0.9041
v -1.5914 2.5535 -1.1497
v -1.5572 2.5608 -1.3134
v -2.2416 2.8030 -0.7222
v -1.5757 2.5865 -1.4791
v -1.8984 2.3154 -1.6121
v -1.7843 2.2790 -1.5415
v -1.9270 2.2902 -0.7462
v -2.2269 2.3830 -1.5493
v -2.0591 2.3510 -1.6086
v -2.4230 2.4069 -1.2127
v -2.3593 2.4056 -1.4103
v -2.3560 2.3840 -0.8799
v -2.4218 2.3956 -1.0224
v -1.9924 2.3065 -0.7176
v -1.8696 2.2710 -0.7793
v -2.0762 2.3285 -0.7007
v -2.1693 2.3499 -0.7137
v -1.8179 2.2511 -0.8316
v -1.7630 2.2305 -0.9031
v -1.6845 2.2126 -1.1304
v -1.6831 2.2222 -1.2732
v -2.2610 2.3658 -0.7692
v -1.7179 2.2453 -1.4171
v -2.2297 0.0492 -0.8810
v -2.1640 0.0751 -0.8417
v -2.0934 0.1057 -0.8034
v -2.0250 0.1526 -0.7576
v -2.0166 0.1619 -0.5683
v -2.4532 1.2994 -1.0564
v -2.4606 1.3131 -1.1719
v -2.5051 1.0668 -1.1623
v -2.4924 1.0675 -1.0435
v -2.5382 0.9107 -1.0317
v -2.0421 1.7514 -1.5120
v -1.9281 1.7475 -1.4402
v -2.0382 1.7817 -0.7623
v -2.3010 1.7731 -1.4514
v -2.1795 1.7622 -1.5174
v -2.4377 1.7958 -1.1924
v -2.3880 1.7887 -1.3386
v -2.3254 1.8004 -0.8301
v -2.3974 1.7998 -0.9349
v -2.0970 1.7887 -0.7449
v -1.9817 1.7761 -0.7891
v -2.1666 1.7950 -0.7458
v -1.9257 1.7731 -0.8317
v -1.8697 1.7674 -0.8965
v -1.7926 1.7529 -1.0930
v -1.8008 1.7501 -1.2148
v -2.2466 1.8015 -0.7680
v -1.8511 1.7467 -1.3382
v -2.1155 1.2367 -1.4436
v -1.9940 1.2685 -1.3689
v -2.1506 1.3207 -0.7444
v -2.3495 1.2861 -1.3897
v -2.2583 1.2581 -1.4619
v -2.5904 0.7928 -1.1623
v -2.4198 1.3086 -1.2822
v -2.3889 1.3132 -0.8670
v -2.4308 1.2999 -0.9681
v -2.2095 1.3240 -0.7448
v -2.0958 1.3198 -0.7661
v -2.2700 1.3300 -0.7639
v -2.0424 1.3207 -0.7876
v -1.9905 1.3192 -0.8512
v -1.9085 1.2962 -1.0416
v -1.8947 1.2849 -1.1558
v -2.3295 1.3338 -0.7941
v -1.9288 1.2770 -1.2740
v -2.1589 1.0976 -0.6951
v -2.4123 1.0827 -0.8384
v -2.4676 1.0764 -0.9485
v -2.2214 1.0972 -0.7097
v -2.1108 1.1053 -0.7206
v -2.2852 1.1048 -0.7269
v -2.0674 1.1200 -0.7484
v -2.3444 1.1037 -0.7742
v -0.3096 15.5050 0.3131
v -0.3473 15.5059 0.3080
v -0.3824 15.5008 0.3009
v -0.4103 15.4918 0.2893
v -0.4295 15.4819 0.2785
v -0.4392 15.4726 0.2693
v -0.4438 15.4654 0.2615
v -0.4448 15.4575 0.2553
v -0.4428 15.4502 0.2543
v -0.4388 15.4429 0.2551
v -0.4250 15.4294 0.2651
v -0.4106 15.4188 0.2745
v -0.3905 15.4097 0.2861
v -0.3522 15.4026 0.3004
v -0.3109 15.4014 0.3032
v -0.2738 15.4043 0.2987
v -0.2382 15.4099 0.2923
v -0.2012 15.4183 0.2825
v -0.2701 15.4971 0.3079
v -0.2333 15.4840 0.2980
v -0.2067 15.4680 0.2971
v -0.1789 15.4502 0.2978
v -0.1717 15.4435 0.2889
v -0.1704 15.4352 0.2826
v -0.1756 15.4274 0.2819
v -0.1899 15.4576 0.2969
v -0.1553 15.4181 0.2953
v -0.2217 15.5069 0.3075
v -0.1902 15.4866 0.3049
v -0.3916 15.5256 0.2862
v -0.4544 15.4955 0.2547
v -0.4678 15.4815 0.2417
v -0.4733 15.4689 0.2319
v -0.4747 15.4568 0.2268
v -0.4741 15.4440 0.2254
v -0.4529 15.4002 0.2348
v -0.4701 15.4297 0.2227
v -0.3642 15.3613 0.2846
v -0.4037 15.3708 0.2660
v -0.3178 15.3596 0.2971
v -0.2672 15.3642 0.2983
v -0.1764 15.3984 0.2856
v -0.2245 15.3751 0.2937
v -0.4330 15.3846 0.2525
v -0.1718 15.4712 0.3036
v -0.1520 15.4322 0.3025
v -0.1606 15.4572 0.3043
v -0.1542 15.4449 0.3049
v -0.2627 15.5231 0.3080
v -0.3499 15.5328 0.3023
v -0.3073 15.5319 0.3088
v -0.4284 15.5120 0.2715
v -1.9870 0.2758 0.4500
v -1.8534 0.2904 0.4573
v -1.8132 0.1457 0.4458
v -2.0341 0.1177 0.4588
v -1.8823 0.2371 0.6400
v -1.8527 0.1568 0.7574
v -2.0413 0.1527 0.7435
v -2.0008 0.2291 0.6266
v -1.8721 0.1751 0.7734
v -2.0317 0.1764 0.7611
v -1.9959 0.2240 0.6348
v -1.8897 0.2263 0.6507
v -1.7928 0.1135 0.6355
v -2.0536 0.1149 0.6425
v -2.0038 0.2509 0.5815
v -1.8667 0.2576 0.5927
v -1.8666 0.2780 0.5403
v -1.9976 0.2663 0.5345
v -2.0562 0.1069 0.5505
v -1.7733 0.1157 0.5514
v -1.8621 0.2896 0.4907
v -2.0403 0.1162 0.4784
v -1.9896 0.2708 0.4753
v -1.8025 0.1404 0.4835
v -1.8640 0.2830 0.5146
v -2.0474 0.1083 0.5030
v -1.9967 0.2669 0.5099
v -1.7946 0.1304 0.5103
v -1.8168 0.1231 0.6878
v -2.0035 0.2405 0.6007
v -2.0526 0.1170 0.6973
v -1.8723 0.2477 0.6127
v -1.8715 0.0462 0.4490
v -1.9238 0.1089 0.7893
v -1.9231 0.1396 0.8120
v -1.8778 0.0215 0.6799
v -1.8696 0.0062 0.5514
v -1.8755 0.0287 0.4794
v -1.8705 0.0159 0.5141
v -1.9033 0.0465 0.7310
v -1.9536 0.0243 0.5092
v -1.9459 0.0287 0.4812
v -2.0033 0.0518 0.7212
v -1.9981 0.1471 0.8023
v -1.9757 0.0258 0.5510
v -2.0037 0.0258 0.6668
v -1.9384 0.0382 0.4583
v -1.9988 0.1142 0.7821
v -1.8863 0.1839 0.7807
v -2.0199 0.1860 0.7653
v -1.9905 0.2189 0.6439
v -1.8977 0.2180 0.6558
v -1.9206 0.1581 0.8020
v -1.9957 0.1623 0.7963
v -1.8139 0.2280 0.4573
v -2.0149 0.2321 0.4570
v -1.8627 0.2097 0.6904
v -2.0307 0.2026 0.6624
v -1.8752 0.2093 0.7021
v -2.0215 0.2096 0.6775
v -1.8153 0.2062 0.5966
v -2.0398 0.2236 0.5337
v -1.8075 0.2151 0.5480
v -2.0453 0.2073 0.5936
v -1.8150 0.2219 0.4904
v -2.0211 0.2303 0.4773
v -1.8089 0.2203 0.5202
v -2.0310 0.2271 0.5081
v -2.0395 0.1978 0.6215
v -1.8369 0.2012 0.6387
v -2.0067 0.2099 0.6857
v -1.8825 0.2071 0.7045
v -1.8403 0.0875 0.4516
v -2.0270 0.1326 0.7686
v -1.8936 0.1508 0.8095
v -1.9833 0.0746 0.4595
v -1.8300 0.0594 0.6508
v -1.8134 0.0610 0.5521
v -1.8369 0.0737 0.4778
v -1.8286 0.0680 0.5103
v -2.0392 0.0859 0.7059
v -1.8896 0.1204 0.7848
v -1.8588 0.0688 0.7233
v -2.0087 0.0636 0.5105
v -1.9897 0.0680 0.4815
v -2.0204 0.1590 0.7852
v -2.0258 0.0636 0.5509
v -2.0431 0.0786 0.6535
v -1.8987 0.1698 0.7895
v -2.0149 0.1743 0.7775
v -2.1196 0.2069 0.7144
v -2.0997 0.1599 0.7641
v -2.2152 0.1634 0.7589
v -2.1925 0.2125 0.7123
v -2.1065 0.1707 0.7724
v -2.2079 0.1690 0.7655
v -2.1902 0.2062 0.7166
v -2.1222 0.2010 0.7201
v -2.0770 0.1542 0.6667
v -2.2313 0.1310 0.6470
v -2.1927 0.2226 0.6784
v -2.1157 0.2246 0.6815
v -2.0808 0.1523 0.7212
v -2.1931 0.2163 0.6935
v -2.2324 0.1419 0.7069
v -2.1155 0.2172 0.6969
v -2.1294 0.1271 0.8051
v -2.1323 0.1502 0.8065
v -2.1194 0.0444 0.6458
v -2.1161 0.0778 0.7651
v -2.1846 0.0732 0.7653
v -2.1809 0.1500 0.8075
v -2.1807 0.0479 0.6423
v -2.1850 0.1274 0.8015
v -2.1136 0.1776 0.7756
v -2.2008 0.1773 0.7744
v -2.1859 0.2002 0.7222
v -2.1267 0.1963 0.7248
v -2.1297 0.1617 0.8017
v -2.1829 0.1609 0.7988
v -2.2248 0.1356 0.6018
v -2.1156 0.2468 0.6585
v -2.1920 0.2459 0.6558
v -2.0802 0.1626 0.6220
v -2.1249 0.0635 0.5769
v -2.1808 0.0709 0.5712
v -2.1039 0.1920 0.7279
v -2.2088 0.1961 0.7269
v -2.1095 0.1878 0.7329
v -2.2030 0.1934 0.7329
v -2.0949 0.2216 0.6789
v -2.2243 0.1886 0.6608
v -2.2213 0.1879 0.6910
v -2.0937 0.2066 0.6992
v -2.1931 0.1914 0.7374
v -2.1207 0.1882 0.7375
v -2.2218 0.1916 0.6334
v -2.0945 0.2253 0.6446
v -2.2102 0.1445 0.7812
v -2.1128 0.1586 0.7970
v -2.0825 0.0781 0.6462
v -2.2220 0.1074 0.7362
v -2.1064 0.1408 0.7904
v -2.0878 0.1086 0.7341
v -2.2046 0.1592 0.7888
v -2.2217 0.0840 0.6416
v -2.1187 0.1686 0.7935
v -2.1951 0.1703 0.7913
v -2.0896 0.0908 0.5877
v -2.2118 0.0926 0.5822
v -0.3489 15.1195 0.3257
v -0.0949 15.1111 0.5325
v -0.1729 15.0620 0.3894
v -0.0334 15.1100 0.5719
v -0.0648 15.1116 0.5590
v 0.0000 15.1061 0.5801
v -0.1619 15.0866 0.4351
v -0.1713 15.0709 0.4093
v -0.1216 15.1079 0.5055
v -0.2136 15.2223 0.3481
v -0.2830 15.1810 0.3495
v -0.3340 15.2071 0.3317
v -0.2425 15.2470 0.3420
v -0.0347 15.3086 0.4490
v 0.0000 15.3161 0.4621
v -0.0643 15.2944 0.4325
v -0.4973 15.1125 0.2173
v -0.5497 15.1497 0.1641
v -0.2374 15.0805 0.3555
v -0.2744 15.0256 0.3435
v -0.1710 15.0995 0.3884
v -0.0674 15.1651 0.5283
v -0.0185 14.9425 0.4653
v 0.0000 14.9392 0.4588
v -0.0889 14.9539 0.4354
v -0.0374 14.9470 0.4596
v -0.2282 15.0121 0.3591
v -0.4518 15.4227 0.2379
v -0.4406 15.4305 0.2498
v -0.4295 15.4388 0.2616
v -0.2120 15.4061 0.2878
v -0.2218 15.4196 0.2846
v -0.2067 15.3972 0.2882
v -0.1851 15.3718 0.2893
v -0.4784 15.4070 0.2128
v -0.1743 15.3554 0.3074
v -0.4995 15.3947 0.1988
v -0.1819 15.2755 0.3386
v -0.5467 15.3610 0.1523
v -0.1362 15.1716 0.4088
v -0.5763 15.3417 0.1254
v -0.1050 15.3367 0.3625
v -0.6007 15.3200 0.0916
v -0.6796 15.1637 -0.2189
v -0.1397 15.1542 0.4357
v -0.1419 15.1365 0.4526
v -0.1418 15.0830 0.4738
v -0.1446 15.1189 0.4635
v -0.6924 15.1203 -0.3889
v -0.6871 15.1265 -0.3318
v -0.5223 15.3793 0.1762
v -0.1403 15.3040 0.3471
v -0.4267 15.4388 0.2465
v -0.2270 15.4213 0.2731
v -0.4300 15.4391 0.2135
v -0.2293 15.4236 0.2438
v -0.4466 15.4220 0.2152
v -0.2123 15.3825 0.2482
v -0.4576 15.4124 0.1813
v -0.2021 15.3573 0.2134
v -0.4608 15.4062 0.1483
v -0.1980 15.3428 0.1779
v -0.4590 15.4038 0.1233
v -0.1980 15.3374 0.1502
v -0.4555 15.4041 0.1043
v -0.1987 15.3372 0.1289
v -0.4505 15.4064 0.0867
v -0.1999 15.3402 0.1091
v -0.4425 15.4106 0.0673
v -0.2028 15.3464 0.0867
v -0.4278 15.4169 0.0433
v -0.2112 15.3580 0.0583
v -0.3917 15.5098 0.0209
v -0.3796 15.5256 0.0219
v -0.2269 15.5212 0.0262
v -0.3447 15.5516 0.0254
v -0.2005 15.4584 0.0268
v -0.3232 15.5582 0.0268
v -0.4331 15.4361 0.2587
v -0.2179 15.4143 0.2867
v -0.4639 15.4151 0.2248
v -0.1971 15.3856 0.2874
v -0.1466 15.1005 0.4671
v -0.1618 15.3381 0.3215
v -0.4689 15.1611 0.2475
v 0.0000 15.1705 0.5525
v -0.1222 14.9584 0.4174
v -0.1857 15.0024 0.3712
v -0.1640 14.9677 0.3926
v -0.0604 14.9512 0.4478
v -0.1757 15.0575 0.3698
v -0.3642 14.8696 0.2774
v -0.3392 14.9219 0.3032
v -0.3301 14.7274 0.2719
v -0.3328 14.7666 0.2786
v -0.3221 14.8070 0.2934
v -0.3005 14.8461 0.3168
v -0.2012 15.0658 0.3626
v -0.2881 15.1003 0.3482
v -0.3255 15.0435 0.3221
v -0.3253 14.8585 0.2976
v -0.3851 15.0635 0.2982
v -0.5396 15.0145 0.1379
v -0.5819 15.0599 0.0804
v -0.5503 14.9579 0.0840
v -0.5905 15.0101 0.0237
v -0.3500 14.8119 0.2745
v -0.3607 14.7612 0.2548
v -0.0676 14.5007 0.3898
v -0.1362 14.5178 0.3622
v -0.1990 14.5474 0.3206
v -0.2580 14.5838 0.2829
v -0.3074 14.6231 0.2530
v 0.0000 14.4944 0.3994
v -0.3371 14.6646 0.2419
v -0.3541 14.7115 0.2434
v -0.2806 14.5063 0.2330
v -0.2198 14.4553 0.2782
v -0.1512 14.4179 0.3215
v -0.0759 14.4003 0.3427
v -0.4012 14.6803 0.1654
v -0.3717 14.6165 0.1693
v 0.0000 14.3943 0.3552
v -0.3314 14.5594 0.1943
v -0.4203 14.8194 0.2137
v -0.4183 14.7507 0.1831
v -0.5853 15.1932 0.1162
v -0.6157 15.1169 0.0292
v -0.6238 15.0735 -0.0277
v -0.6094 15.2431 0.0769
v -0.6369 15.1782 -0.0125
v -0.6478 15.1427 -0.0689
v -0.6221 15.2953 0.0503
v -0.6486 15.2424 -0.0410
v -0.6606 15.2156 -0.0969
v -0.6248 15.3475 0.0375
v -0.6539 15.3093 -0.0550
v -0.6664 15.2910 -0.1105
v -0.6232 15.3998 0.0366
v -0.6545 15.3789 -0.0547
v -0.6684 15.3692 -0.1093
v -0.3674 15.8896 0.2873
v -0.5518 15.7888 0.1282
v 0.0000 15.9381 0.3980
v -0.0605 15.9351 0.3944
v -0.1600 15.9348 0.3766
v -0.6757 15.4512 -0.1479
v -0.2608 15.9183 0.3393
v -0.4688 15.8469 0.2168
v -0.6595 15.5469 -0.1048
v -0.6371 15.6373 -0.0460
v -0.6063 15.7165 0.0376
v -0.6788 15.2726 -0.1690
v -0.6824 15.3608 -0.1638
v -0.6718 15.1885 -0.1575
v -0.6586 15.1071 -0.1299
v -0.6306 15.0288 -0.0929
v -0.5974 14.9547 -0.0446
v -0.3877 14.7560 0.2247
v -0.5558 14.8917 0.0219
v -0.2546 15.2927 0.3241
v -0.2703 14.5374 0.2587
v 0.0000 14.4387 0.3831
v -0.3779 14.6952 0.2067
v -0.2100 14.4955 0.3035
v -0.0721 14.4449 0.3689
v -0.1467 14.4609 0.3491
v -0.3546 14.6395 0.2076
v -0.3184 14.5884 0.2266
v -0.3827 14.8165 0.2514
v -0.3236 15.2797 0.3119
v -0.0717 14.3758 0.3233
v -0.1506 14.3963 0.2994
v -0.2197 14.4326 0.2571
v -0.2822 14.4836 0.2091
v -0.3420 14.5358 0.1609
v 0.0000 14.3682 0.3347
v -0.3880 14.5962 0.1299
v -0.4247 14.6659 0.1169
v -0.4555 14.7445 0.1190
v -0.5130 15.9672 0.1340
v -0.5977 15.8857 0.0341
v -0.3979 16.0211 0.2147
v -0.2794 16.0604 0.2871
v -0.6637 15.6866 -0.1400
v -0.6439 15.7885 -0.0575
v -0.6944 15.2423 -0.2687
v -0.6963 15.3469 -0.2568
v -0.6875 15.4567 -0.2339
v -0.6656 15.0413 -0.2687
v -0.6759 15.5759 -0.2038
v -0.5537 14.7468 -0.1309
v -0.5981 14.8305 -0.2046
v -0.6339 14.9280 -0.2543
v 0.0000 16.0867 0.3458
v -0.0627 16.0848 0.3419
v -0.1569 16.0785 0.3294
v -0.6824 15.1406 -0.2704
v -0.1339 15.3657 0.3264
v -0.1969 15.3141 0.3228
v -0.3270 15.2491 0.3203
v -0.2384 15.1514 0.3554
v -0.1908 15.1906 0.3581
v -0.1416 15.1940 0.3884
v -0.1531 15.2211 0.3703
v -0.1171 15.2187 0.4143
v -0.1227 15.2482 0.3915
v -0.0919 15.2391 0.4387
v -0.0942 15.2731 0.4136
v -0.2657 14.8933 0.3458
v -0.4284 15.7210 0.2659
v -0.5016 15.6818 0.2029
v -0.5562 15.6305 0.1398
v -0.5906 15.5745 0.0793
v -0.6143 15.5138 0.0323
v -0.6313 15.4516 0.0043
v -0.1529 15.7726 0.4066
v 0.0000 15.0143 -1.2839
v -0.0601 15.0150 -1.2828
v -0.1596 15.0133 -1.2784
v -0.2663 15.0030 -1.2626
v -0.3585 14.9990 -1.2103
v -0.4374 14.9935 -1.1362
v -0.4910 14.9945 -1.0208
v -0.5313 15.0046 -0.8996
v -0.5565 15.0361 -0.8077
v -0.5737 15.0704 -0.7399
v -0.5715 15.0207 -0.7071
v -0.5466 14.9790 -0.7666
v -0.4852 14.9289 -0.9969
v -0.4363 14.9289 -1.1132
v -0.3541 14.9356 -1.1982
v -0.2592 14.9463 -1.2464
v -0.1566 14.9633 -1.2599
v -0.0579 14.9705 -1.2657
v 0.0000 14.9722 -1.2681
v -0.5190 14.9384 -0.8602
v -0.3904 14.9356 0.2750
v -0.4396 14.9537 0.2393
v -0.4105 14.8789 0.2459
v -0.4561 14.8936 0.2005
v -0.4627 14.8244 0.1584
v -0.0671 14.3536 0.2934
v -0.1479 14.3723 0.2717
v -0.2223 14.4108 0.2279
v -0.2882 14.4642 0.1764
v -0.3489 14.5182 0.1288
v 0.0000 14.3445 0.3034
v -0.3992 14.5781 0.0877
v -0.4451 14.6496 0.0578
v -0.4984 14.7458 0.0309
v -0.5072 14.8445 0.0907
v -0.5038 14.9170 0.1467
v -0.4929 14.9781 0.1940
v -0.2505 15.2702 0.3338
v -0.4415 15.0863 0.2623
v -0.4001 15.1417 0.2917
v -0.1922 15.2958 0.3318
v -0.1505 15.3220 0.3330
v -0.3434 15.4200 -0.0093
v -0.2947 15.3923 -0.0045
v -0.3446 15.4549 -0.0121
v -0.3441 15.4694 -0.0111
v -0.3403 15.4960 -0.0064
v -0.3352 15.5075 -0.0033
v -0.2757 15.5060 -0.0026
v -0.3228 15.5257 0.0033
v -0.2630 15.4627 -0.0091
v -0.3174 15.5327 0.0070
v -0.2474 15.7647 0.3700
v -0.0625 15.7733 0.4267
v 0.0000 15.7757 0.4314
v -0.2605 14.9587 0.3447
v -0.3090 14.9726 0.3236
v -0.5174 15.0648 0.1750
v -0.5673 15.1067 0.1264
v -0.6047 15.1564 0.0781
v -0.6255 15.2110 0.0380
v -0.6351 15.2690 0.0080
v -0.6387 15.3285 -0.0041
v -0.6383 15.3894 -0.0057
v -0.2297 14.9435 0.3646
v -0.4158 15.0087 0.2717
v -0.3629 14.9902 0.3012
v -0.4691 15.0329 0.2308
v -0.1018 14.9100 0.4483
v -0.1311 14.6645 0.3949
v -0.0536 14.6517 0.4134
v 0.0000 14.6548 0.4164
v -0.2614 14.7508 0.3151
v -0.2715 14.7874 0.3206
v -0.1731 14.8829 0.4098
v -0.1678 14.9222 0.4026
v 0.0000 14.9178 0.4638
v -0.0185 14.9211 0.4692
v -0.0409 14.9264 0.4648
v -0.0667 14.9312 0.4533
v -0.0950 14.9341 0.4384
v -0.0928 14.9740 0.3490
v -0.0922 14.9183 0.3721
v -0.0963 14.8748 0.3761
v -0.1004 14.8293 0.3767
v -0.1453 14.8570 0.4483
v -0.1424 14.8462 0.4488
v -0.1340 14.8059 0.4386
v -0.1438 14.8728 0.4446
v -0.1480 15.1086 -0.2699
v -0.1556 15.1478 -0.0717
v -0.1108 15.1207 0.1285
v -0.1008 15.0492 0.2672
v -0.1085 14.7966 0.3915
v -0.1094 14.7869 0.4006
v -0.1381 14.8257 0.4427
v -0.1288 14.7824 0.4365
v -0.1291 14.9315 0.4217
v -0.1358 14.9016 0.4284
v -0.0904 14.8556 -0.5281
v -0.1199 14.9982 -0.4295
v -0.6387 16.1675 -0.9563
v 0.0000 16.4885 -1.1428
v -0.7466 15.7723 -0.7421
v -0.1696 16.4651 -1.1446
v -0.3043 16.4349 -1.1296
v -0.7194 15.5086 -0.7296
v -0.3790 15.9548 -1.3990
v -0.4796 15.9119 -1.3257
v -0.6808 15.7115 -0.9924
v -0.7175 15.5756 -0.7915
v -0.5616 15.8505 -1.2064
v -0.6301 15.7840 -1.0983
v 0.0000 16.0175 -1.4602
v -0.7104 15.6396 -0.8773
v -0.1389 15.9930 -1.4575
v -0.2621 15.9806 -1.4432
v -0.6917 15.4202 -0.7679
v -0.6288 15.5053 -1.0435
v -0.6826 15.4588 -0.8396
v -0.4284 15.5805 -1.3639
v -0.5082 15.5604 -1.2658
v -0.5759 15.5343 -1.1556
v 0.0000 15.6096 -1.4912
v -0.3360 15.5930 -1.4276
v -0.6705 15.4851 -0.9365
v -0.1142 15.6030 -1.4878
v -0.2278 15.5974 -1.4711
v -0.6951 15.7447 -0.2451
v -0.7490 15.8389 -0.5261
v -0.7399 15.8311 -0.4386
v -0.7274 15.8104 -0.3632
v -0.6984 15.6103 -0.2926
v -0.7400 15.7155 -0.5251
v -0.7343 15.7082 -0.4594
v -0.7213 15.6840 -0.3936
v -0.7048 15.4658 -0.3423
v -0.7322 15.6157 -0.5227
v -0.7281 15.6060 -0.4728
v -0.7192 15.5788 -0.4212
v -0.6226 15.0048 -0.5735
v -0.6058 15.0360 -0.6265
v -0.6328 15.2036 -0.7419
v -0.6108 15.1054 -0.6939
v -0.6042 15.0649 -0.6606
v -0.7037 15.3345 -0.3549
v -0.7092 15.2122 -0.4567
v -0.8224 15.5151 -0.6162
v -0.7204 15.0721 -0.4869
v -0.7852 15.5114 -0.5515
v -0.8506 15.4810 -0.6938
v -0.8566 15.4211 -0.7333
v -0.8109 15.2696 -0.7439
v -0.8355 15.3278 -0.7554
v -0.7442 15.0201 -0.5272
v -0.7084 15.1421 -0.4664
v -0.8565 15.4518 -0.7144
v -0.8531 15.3836 -0.7457
v -0.7141 15.3348 -0.4421
v -0.7514 15.4897 -0.5222
v -0.7275 15.4558 -0.4919
v -0.7227 15.4213 -0.4662
v -0.7492 15.0248 -0.5798
v -0.7432 15.0474 -0.6137
v -0.7827 15.2130 -0.7289
v -0.7617 15.1342 -0.6888
v -0.7495 15.0851 -0.6562
v -0.7123 15.2769 -0.4456
v -0.7296 15.2168 -0.4808
v -0.8420 15.4969 -0.6167
v -0.7260 15.0983 -0.5010
v -0.8050 15.4908 -0.5491
v -0.8719 15.4765 -0.6786
v -0.8793 15.4081 -0.7243
v -0.8334 15.2724 -0.7397
v -0.8535 15.3246 -0.7452
v -0.7381 15.0664 -0.5327
v -0.7316 15.1584 -0.4827
v -0.8789 15.4375 -0.7074
v -0.8725 15.3729 -0.7350
v -0.7213 15.3195 -0.4692
v -0.7783 15.4737 -0.5208
v -0.7562 15.4317 -0.4977
v -0.7397 15.4008 -0.4840
v -0.7512 15.0643 -0.5706
v -0.7565 15.0767 -0.6094
v -0.8140 15.2259 -0.7268
v -0.7891 15.1560 -0.6854
v -0.7671 15.1022 -0.6428
v -0.7199 15.2703 -0.4722
v -0.7468 15.2152 -0.4972
v -0.8365 15.4838 -0.6164
v -0.7284 15.1205 -0.5126
v -0.8089 15.4711 -0.5475
v -0.8666 15.4635 -0.6686
v -0.8691 15.3976 -0.7111
v -0.8401 15.2669 -0.7262
v -0.8577 15.3212 -0.7248
v -0.7385 15.0946 -0.5396
v -0.7410 15.1738 -0.5010
v -0.8744 15.4289 -0.6978
v -0.8637 15.3613 -0.7211
v -0.7290 15.3086 -0.4868
v -0.7818 15.4464 -0.5242
v -0.7606 15.4148 -0.5059
v -0.7484 15.3848 -0.4937
v -0.7477 15.0880 -0.5721
v -0.7591 15.0969 -0.6048
v -0.8208 15.2371 -0.7134
v -0.7939 15.1711 -0.6744
v -0.7732 15.1226 -0.6371
v -0.7280 15.2649 -0.4907
v -0.7178 15.2285 -0.5177
v -0.8126 15.4568 -0.6163
v -0.6874 15.1622 -0.5283
v -0.7712 15.4526 -0.5652
v -0.8234 15.4466 -0.6557
v -0.8403 15.3859 -0.6929
v -0.8178 15.2640 -0.6938
v -0.8285 15.3086 -0.7001
v -0.7386 15.1335 -0.5493
v -0.6989 15.1939 -0.5206
v -0.8597 15.4193 -0.6778
v -0.8415 15.3521 -0.6987
v -0.7360 15.2965 -0.5056
v -0.7557 15.4343 -0.5472
v -0.7466 15.3932 -0.5243
v -0.7425 15.3632 -0.5131
v -0.7472 15.1271 -0.5742
v -0.7587 15.1360 -0.6006
v -0.8042 15.2447 -0.6899
v -0.7851 15.1954 -0.6592
v -0.7709 15.1508 -0.6260
v -0.7257 15.2623 -0.5100
v -0.6865 15.2513 -0.5364
v -0.7933 15.3982 -0.6018
v -0.6872 15.2196 -0.5674
v -0.7588 15.4003 -0.5772
v -0.8197 15.3895 -0.6187
v -0.8354 15.3638 -0.6467
v -0.8154 15.2829 -0.6645
v -0.8254 15.3037 -0.6636
v -0.7013 15.2034 -0.5818
v -0.6811 15.2344 -0.5495
v -0.8301 15.3795 -0.6331
v -0.8358 15.3378 -0.6566
v -0.7324 15.2875 -0.5259
v -0.7414 15.3912 -0.5565
v -0.7406 15.3641 -0.5443
v -0.7344 15.3340 -0.5371
v -0.7256 15.1936 -0.5930
v -0.7676 15.1896 -0.6033
v -0.8096 15.2622 -0.6591
v -0.7899 15.2184 -0.6341
v -0.7794 15.1977 -0.6169
v -0.7109 15.2677 -0.5309
v -0.7439 15.2939 -0.5463
v -0.7800 15.2620 -0.6382
v -0.7909 15.2509 -0.6433
v -0.7399 15.3017 -0.5365
v -0.7093 15.2690 -0.5439
v -0.7651 15.2173 -0.6213
v -0.7757 15.2329 -0.6360
v -0.7995 15.2695 -0.6497
v -0.7400 15.2116 -0.6139
v -0.7142 15.2154 -0.6073
v -0.7334 15.3195 -0.5466
v -0.7332 15.3410 -0.5565
v -0.7563 15.3651 -0.5619
v -0.7314 15.2835 -0.5351
v -0.8230 15.3315 -0.6433
v -0.8162 15.3586 -0.6232
v -0.6922 15.2440 -0.5645
v -0.7053 15.2217 -0.5907
v -0.8152 15.3036 -0.6506
v -0.8087 15.2867 -0.6510
v -0.8215 15.3483 -0.6338
v -0.8083 15.3659 -0.6100
v 0.0000 15.0657 -1.3037
v -0.0640 15.0689 -1.3035
v -0.1627 15.0723 -1.2999
v -0.2706 15.0717 -1.2801
v -0.5759 16.1677 -0.0579
v -0.4583 16.2598 0.0301
v -0.3646 15.0750 -1.2300
v -0.6613 16.0474 -0.1552
v -0.7051 15.9161 -0.2389
v -0.4432 15.0720 -1.1504
v 0.0000 16.3795 0.1545
v -0.3301 16.3212 0.0941
v -0.0796 16.3743 0.1481
v -0.4987 15.0757 -1.0431
v -0.5698 15.1024 -0.8420
v -0.5867 15.1265 -0.7737
v -0.1848 16.3542 0.1346
v -0.5392 15.0810 -0.9257
v -0.7131 15.7788 -0.3012
v -0.7095 15.6502 -0.3422
v -0.7108 15.5357 -0.3803
v -0.6216 15.1535 -0.7209
v -0.7169 15.3827 -0.4497
v -0.7722 15.1736 -0.7089
v -0.7281 15.3630 -0.4725
v -0.8015 15.1909 -0.7061
v -0.7368 15.3486 -0.4870
v -0.8062 15.2000 -0.6920
v -0.7420 15.3307 -0.5059
v -0.7945 15.2174 -0.6743
v -0.7398 15.3104 -0.5280
v -0.8001 15.2405 -0.6487
v -0.7807 15.3739 -0.5743
v -0.6960 15.2313 -0.5771
v -0.7986 15.3702 -0.5952
v -0.6926 15.2569 -0.5543
v -0.7695 15.4293 -0.5718
v -0.7137 15.2655 -0.5211
v -0.6851 15.2434 -0.5249
v -0.7903 15.2057 -0.6418
v -0.7744 15.1701 -0.6205
v -0.7417 15.3756 -0.5376
v -0.7544 15.4154 -0.5553
v -0.6750 15.2212 -0.5365
v -0.8396 15.3779 -0.6671
v -0.8434 15.3462 -0.6789
v -0.7491 15.1625 -0.5749
v -0.7170 15.1743 -0.5635
v -0.7334 15.2905 -0.5181
v -0.7356 15.3461 -0.5288
v -0.8316 15.4052 -0.6519
v -0.8259 15.4171 -0.6323
v -0.8172 15.2771 -0.6812
v -0.8243 15.3033 -0.6840
v -0.8114 15.2552 -0.6766
v -0.7661 15.1604 -0.5985
v -0.6816 15.1979 -0.5504
v -0.8125 15.4290 -0.6095
v -0.7401 15.3180 -0.5202
v -0.8016 15.2307 -0.6584
v -0.7615 15.2451 -0.6210
v -0.7249 15.2647 -0.5696
v -0.7495 15.2957 -0.5666
v -0.7266 15.3051 -0.5786
v -0.7830 15.3481 -0.6091
v -0.7717 15.1434 -0.6298
v -0.7306 15.2630 -0.5033
v -0.8104 15.4685 -0.6163
v -0.7394 15.3371 -0.5755
v -0.7333 15.2777 -0.5452
v -0.8652 15.4228 -0.6854
v -0.7474 15.3726 -0.5032
v -0.7427 15.2241 -0.5137
v -0.7390 15.1161 -0.5440
v -0.7427 15.2273 -0.6173
v -0.7326 15.2299 -0.6073
v -0.8051 15.3273 -0.6323
v -0.7939 15.3429 -0.6175
v -0.7784 15.3101 -0.6363
v -0.7729 15.3513 -0.5989
v -0.7018 15.2600 -0.5738
v -0.7698 15.2999 -0.6391
v -0.7749 15.3274 -0.6235
v -0.7088 15.2694 -0.5590
v -0.7593 15.2331 -0.6240
v -0.7712 15.2461 -0.6321
v -0.7819 15.2783 -0.6446
v -0.7325 15.3051 -0.5570
v -0.7262 15.3187 -0.5694
v -0.7800 15.3224 -0.6308
v -0.7687 15.3313 -0.6152
v -0.7548 15.2373 -0.6148
v -0.7520 15.2413 -0.6080
v -0.8004 15.2145 -0.6764
v -0.7413 15.3382 -0.4975
v -0.7059 15.2528 -0.5794
v -0.7220 15.2370 -0.5976
v -0.7989 15.3056 -0.6413
v -0.7343 15.2558 -0.5815
v -0.7471 15.2466 -0.5989
v -0.7896 15.2927 -0.6443
v -0.8014 15.3359 -0.6253
v -0.7625 15.3342 -0.6058
v -0.7513 15.2878 -0.5567
v -0.7673 15.2728 -0.6343
v -0.7541 15.3467 -0.5799
v -0.7139 15.2450 -0.5872
v -0.7553 15.3370 -0.5978
v -0.7277 15.2603 -0.5751
v -0.8433 15.3571 -0.7064
v -0.7596 15.4436 -0.5405
v -0.7133 15.1493 -0.5239
v -0.7651 15.2874 -0.6396
v -0.7665 15.2579 -0.6281
v -0.7588 15.1227 -0.6021
v -0.8356 15.3082 -0.7048
v -0.8560 15.4492 -0.6603
v -0.7345 15.3011 -0.4980
v -0.7341 15.3217 -0.5846
v -0.7374 15.2746 -0.5586
v -0.7427 15.3325 -0.5880
v -0.7402 15.2515 -0.5902
v -0.8609 15.3896 -0.7005
v -0.7473 15.1141 -0.5743
v -0.8118 15.2423 -0.6909
v -0.8216 15.2632 -0.6966
v -0.7519 15.4021 -0.5149
v -0.7895 15.1908 -0.6624
v -0.7742 15.4614 -0.5582
v -0.7161 15.1829 -0.5124
v -0.7361 15.3100 -0.6050
v -0.7520 15.2851 -0.5923
v -0.7314 15.2930 -0.6010
v -0.7572 15.2732 -0.5864
v -0.7512 15.2617 -0.5836
v -0.7523 15.2790 -0.5715
v -0.7432 15.2889 -0.6248
v -0.7504 15.2784 -0.6194
v -0.7484 15.3081 -0.6233
v -0.7656 15.2654 -0.6194
v -0.7610 15.2526 -0.6142
v -0.7599 15.2700 -0.5985
v -0.7549 15.2596 -0.5946
v -0.7297 15.2978 -0.5885
v -0.7521 15.2909 -0.5769
v -0.7330 15.3134 -0.5948
v -0.7457 15.2649 -0.5737
v -0.7422 15.3089 -0.6140
v -0.7509 15.2812 -0.6038
v -0.7355 15.2901 -0.6126
v -0.7572 15.3054 -0.6315
v -0.7561 15.2763 -0.6300
v -0.7523 15.2882 -0.6322
v -0.7635 15.2689 -0.6089
v -0.7581 15.2571 -0.6053
v -0.7193 15.2635 -0.5153
v -0.7714 15.1598 -0.6250
v -0.7556 15.4246 -0.5516
v -0.8409 15.3493 -0.6890
v -0.7364 15.1524 -0.5534
v -0.7383 15.3548 -0.5214
v -0.8370 15.4141 -0.6676
v -0.8174 15.2649 -0.6874
v -0.8103 15.2465 -0.6835
v -0.7663 15.4421 -0.5705
v -0.6985 15.2358 -0.5212
v -0.7890 15.2019 -0.6555
v -0.7440 15.3850 -0.5312
v -0.6822 15.2076 -0.5284
v -0.8378 15.3849 -0.6833
v -0.7481 15.1422 -0.5738
v -0.7350 15.2932 -0.5119
v -0.8182 15.4370 -0.6480
v -0.8303 15.3020 -0.6926
v -0.7613 15.1458 -0.5998
v -0.6819 15.1826 -0.5381
v -0.8160 15.4439 -0.6119
v -0.7412 15.3243 -0.5131
v -0.7983 15.2191 -0.6683
v -0.7603 15.3326 -0.7094
v -0.7966 15.4748 -0.6600
v -0.7739 15.4908 -0.6129
v -0.7466 15.2668 -0.6991
v -0.7065 15.2129 -0.4365
v -0.7008 15.1333 -0.4505
v -0.8046 15.4499 -0.6900
v -0.7964 15.4190 -0.7005
v -0.7122 15.0604 -0.4728
v -0.7278 14.9905 -0.5206
v -0.7058 15.0374 -0.6109
v -0.6993 15.1100 -0.6177
v -0.7098 15.2888 -0.4234
v -0.7115 15.3589 -0.4188
v -0.7104 15.1515 -0.6430
v -0.7279 15.4810 -0.4864
v -0.7203 15.4508 -0.4542
v -0.7847 15.3800 -0.7095
v -0.7335 15.4935 -0.5158
v -0.7407 15.4897 -0.5556
v -0.7137 15.0072 -0.5796
v -0.7294 15.2226 -0.6786
v -0.7148 15.4120 -0.4315
v -0.7175 15.1948 -0.6633
v -0.7054 15.3369 -0.7131
v -0.7374 15.4801 -0.6562
v -0.6820 15.2682 -0.7049
v -0.7036 15.2176 -0.4082
v -0.7361 15.4222 -0.6958
v -0.6904 15.0459 -0.4581
v -0.6538 15.0616 -0.6008
v -0.7081 15.3963 -0.3903
v -0.7263 15.5266 -0.4810
v -0.7309 15.5338 -0.5685
v -0.6718 15.2196 -0.6924
v -0.7325 15.5155 -0.6329
v -0.6970 15.1270 -0.4274
v -0.7380 15.4543 -0.6796
v -0.6952 14.9928 -0.5142
v -0.6511 15.0973 -0.6262
v -0.7078 15.3076 -0.3936
v -0.6578 15.1367 -0.6517
v -0.7185 15.4997 -0.4411
v -0.7239 15.3877 -0.7067
v -0.7310 15.5370 -0.5180
v -0.6691 15.0261 -0.5554
v -0.7128 15.4587 -0.4112
v -0.6668 15.1800 -0.6749
v -1.9709 0.3051 0.3863
v -1.8277 0.3005 0.3598
v -1.7769 0.1533 0.3220
v -2.0140 0.1237 0.4003
v -1.8403 0.0429 0.2962
v -1.9350 0.0388 0.3538
v -1.7824 0.2425 0.3337
v -2.0059 0.2466 0.3965
v -1.7996 0.0815 0.2971
v -1.9691 0.0787 0.3766
v -1.9690 0.3243 0.3366
v -1.8188 0.3297 0.3055
v -1.7541 0.1661 0.2616
v -2.0085 0.1345 0.3811
v -1.8229 0.0360 0.2444
v -1.9503 0.0214 0.3023
v -1.7637 0.2590 0.2747
v -2.0070 0.2835 0.3564
v -1.7866 0.0807 0.2525
v -1.9830 0.0467 0.3392
v -1.9928 0.3494 0.2413
v -1.8121 0.3503 0.2289
v -1.7399 0.1834 0.1818
v -2.0143 0.1395 0.3532
v -1.8032 0.0321 0.1772
v -1.9998 0.0000 0.2659
v -1.7588 0.2816 0.2072
v -2.0283 0.2853 0.3124
v -1.7649 0.0890 0.1731
v -2.0086 0.0395 0.3136
v -2.2007 0.2718 0.5542
v -2.1052 0.2811 0.5583
v -2.0712 0.1733 0.5007
v -2.2306 0.1521 0.5030
v -2.1240 0.0809 0.4708
v -2.1656 0.0811 0.4707
v -2.0853 0.2446 0.5377
v -2.2264 0.2150 0.5353
v -2.0918 0.1098 0.4837
v -2.2021 0.1066 0.4835
v -2.2038 0.2860 0.4991
v -2.1062 0.3011 0.5018
v -2.0726 0.1847 0.4795
v -2.2273 0.1575 0.4775
v -2.1219 0.0793 0.4510
v -2.1626 0.0806 0.4501
v -2.0855 0.2511 0.4979
v -2.2251 0.2247 0.5011
v -2.0905 0.1102 0.4631
v -2.1986 0.1082 0.4605
v -2.1881 0.2812 0.4504
v -2.1173 0.2921 0.4496
v -2.0729 0.1927 0.4583
v -2.2166 0.1594 0.4512
v -2.1180 0.0758 0.4400
v -2.1598 0.0767 0.4344
v -2.0935 0.2646 0.4527
v -2.2098 0.2303 0.4485
v -2.0867 0.1057 0.4479
v -2.1923 0.1054 0.4362
v -2.1769 0.2820 0.3796
v -2.1125 0.2941 0.3763
v -2.0563 0.1917 0.4169
v -2.2099 0.1517 0.3987
v -2.1034 0.0551 0.3781
v -2.1530 0.0526 0.3681
v -2.0907 0.2838 0.3849
v -2.1996 0.2332 0.3884
v -2.0672 0.0668 0.3881
v -2.1928 0.0830 0.3791
v -2.1644 0.0826 0.4839
v -2.2048 0.1050 0.5040
v -2.2292 0.1481 0.5247
v -2.1843 0.2609 0.5837
v -2.1957 0.2642 -1.6161
v -2.1249 0.0821 0.4850
v -2.1191 0.2702 0.5873
v -2.0945 0.2383 0.5681
v -2.0748 0.1700 0.5359
v -2.2234 0.2111 0.5567
v -2.0906 0.1098 0.5116
v -2.1786 0.2888 0.3430
v -2.1100 0.2999 0.3382
v -2.0484 0.1832 0.4026
v -2.2084 0.1472 0.3820
v -2.2036 0.3798 -1.5859
v -2.0968 0.0377 0.3438
v -2.1544 0.0387 0.3344
v -2.0835 0.2899 0.3537
v -2.1969 0.2411 0.3659
v -2.0581 0.0551 0.3669
v -2.1830 0.0710 0.3529
v -2.1944 0.3122 0.2521
v -2.0838 0.3241 0.2607
v -2.0342 0.1692 0.3657
v -2.2064 0.1656 0.3562
v -2.1947 0.4971 -1.5516
v -2.0613 0.0111 0.2792
v -2.1724 0.0567 0.2728
v -2.0537 0.2813 0.3188
v -2.2108 0.2703 0.3087
v -2.0339 0.0444 0.3138
v -2.2013 0.0947 0.3260
v -2.2855 0.2084 0.6270
v -2.2573 0.1554 0.6769
v -2.3671 0.1627 0.6724
v -2.3415 0.2176 0.6316
v -2.2658 0.1842 0.6885
v -2.3614 0.1887 0.6893
v -2.3382 0.2023 0.6404
v -2.2929 0.2052 0.6383
v -2.2385 0.1135 0.5930
v -2.3845 0.1112 0.5885
v -2.3479 0.2304 0.5993
v -2.2840 0.2289 0.5965
v -2.2435 0.1225 0.6522
v -2.3463 0.2265 0.6119
v -2.3804 0.1249 0.6427
v -2.2832 0.2233 0.6082
v -2.2909 0.1316 0.7065
v -2.2908 0.1687 0.7163
v -2.2774 0.0519 0.5979
v -2.2792 0.0901 0.6723
v -2.3433 0.0932 0.6725
v -2.3323 0.1730 0.7205
v -2.3436 0.0498 0.5938
v -2.3376 0.1372 0.7080
v -2.2788 0.1930 0.6902
v -2.3464 0.1939 0.6877
v -2.3379 0.1987 0.6440
v -2.2967 0.2009 0.6423
v -2.2915 0.1857 0.7133
v -2.3332 0.1859 0.7137
v -2.3826 0.1163 0.5486
v -2.2863 0.2349 0.5756
v -2.3523 0.2309 0.5757
v -2.2438 0.1138 0.5632
v -2.2832 0.0480 0.5413
v -2.3428 0.0490 0.5327
v -2.2590 0.1884 0.6306
v -2.3710 0.1898 0.6395
v -2.2710 0.1947 0.6414
v -2.3635 0.1907 0.6491
v -2.2461 0.1717 0.5923
v -2.3865 0.1696 0.5924
v -2.3833 0.1707 0.6141
v -2.2493 0.1858 0.6190
v -2.3565 0.1941 0.6504
v -2.2793 0.1981 0.6494
v -2.3871 0.1718 0.5705
v -2.2488 0.1723 0.5736
v -2.3557 0.1464 0.6919
v -2.2713 0.1757 0.6988
v -2.2468 0.0833 0.5946
v -2.3687 0.1120 0.6551
v -2.2663 0.1376 0.6881
v -2.2532 0.1070 0.6548
v -2.3545 0.1821 0.7037
v -2.3700 0.0832 0.5898
v -2.2812 0.1900 0.6986
v -2.3429 0.1936 0.6985
v -2.2533 0.0796 0.5515
v -2.3696 0.0841 0.5370
v -2.3684 0.2540 0.5049
v -2.2764 0.2654 0.5092
v -2.2467 0.1421 0.4787
v -2.3837 0.1457 0.4676
v -2.2877 0.0735 0.4515
v -2.3341 0.0726 0.4471
v -2.2497 0.2050 0.4956
v -2.3846 0.2041 0.4928
v -2.2572 0.1022 0.4607
v -2.3695 0.0944 0.4554
v -2.3671 0.2528 0.4552
v -2.2753 0.2721 0.4599
v -2.2473 0.1450 0.4568
v -2.3854 0.1525 0.4424
v -2.2876 0.0770 0.4386
v -2.3328 0.0760 0.4328
v -2.2504 0.2134 0.4649
v -2.3852 0.2129 0.4623
v -2.2556 0.1059 0.4467
v -2.3689 0.0957 0.4372
v -2.3520 0.2636 0.4200
v -2.2878 0.2717 0.4202
v -2.2503 0.1457 0.4340
v -2.3835 0.1538 0.4183
v -2.2876 0.0803 0.4284
v -2.3308 0.0772 0.4203
v -2.2537 0.2147 0.4274
v -2.3790 0.2168 0.4220
v -2.2548 0.1056 0.4353
v -2.3673 0.0939 0.4173
v -2.3409 0.2583 0.3294
v -2.2778 0.2692 0.3394
v -2.2456 0.1422 0.3931
v -2.3741 0.1430 0.3471
v -2.2851 0.0562 0.3621
v -2.3230 0.0613 0.3576
v -2.2509 0.2230 0.3642
v -2.3620 0.2224 0.3361
v -2.2502 0.0919 0.3924
v -2.3557 0.0788 0.3518
v -2.3322 0.0687 0.4603
v -2.3684 0.0935 0.4772
v -2.3812 0.1386 0.4874
v -2.3550 0.2438 0.5327
v -2.2887 0.0694 0.4642
v -2.2877 0.2533 0.5342
v -2.2503 0.1923 0.5175
v -2.2484 0.1338 0.5032
v -2.3828 0.1953 0.5114
v -2.2586 0.0972 0.4774
v -2.3366 0.2634 0.2994
v -2.2771 0.2783 0.3087
v -2.2403 0.1453 0.3763
v -2.3786 0.1407 0.3306
v -2.2791 0.0403 0.3299
v -2.3252 0.0427 0.3078
v -2.2498 0.2327 0.3453
v -2.3607 0.2244 0.3116
v -2.2525 0.0847 0.3728
v -2.3613 0.0832 0.3131
v -2.3361 0.2789 0.2292
v -2.2625 0.2995 0.2398
v -2.2313 0.1658 0.3545
v -2.3764 0.1554 0.3011
v -2.2530 0.0210 0.2741
v -2.3340 0.0215 0.2273
v -2.2421 0.2613 0.3017
v -2.3672 0.2441 0.2567
v -2.2422 0.0937 0.3246
v -2.3688 0.0784 0.2717
v -2.4268 0.1971 0.5045
v -2.4074 0.1583 0.5402
v -2.5061 0.1722 0.5318
v -2.4818 0.1980 0.5056
v -2.4138 0.1762 0.5444
v -2.4994 0.1800 0.5354
v -2.4809 0.1894 0.5108
v -2.4292 0.1896 0.5096
v -2.3901 0.1241 0.4734
v -2.5255 0.1277 0.4634
v -2.4917 0.2057 0.4771
v -2.4199 0.2045 0.4781
v -2.3905 0.1239 0.5071
v -2.4891 0.2023 0.4886
v -2.5253 0.1465 0.5039
v -2.4218 0.2028 0.4884
v -2.4256 0.1432 0.5697
v -2.4311 0.1620 0.5688
v -2.4221 0.0378 0.4552
v -2.4306 0.0773 0.5463
v -2.4995 0.0844 0.5386
v -2.4833 0.1619 0.5664
v -2.4972 0.0478 0.4589
v -2.4914 0.1401 0.5649
v -2.4209 0.1788 0.5439
v -2.4906 0.1802 0.5363
v -2.4771 0.1892 0.5171
v -2.4309 0.1863 0.5164
v -2.4387 0.1721 0.5627
v -2.4754 0.1740 0.5612
v -2.5224 0.1233 0.4339
v -2.4196 0.2078 0.4634
v -2.4945 0.2108 0.4638
v -2.3937 0.1222 0.4446
v -2.4290 0.0460 0.4032
v -2.4981 0.0563 0.4021
v -2.4082 0.1774 0.5103
v -2.4992 0.1876 0.5114
v -2.4161 0.1822 0.5166
v -2.4934 0.1852 0.5169
v -2.3948 0.1744 0.4789
v -2.5228 0.1722 0.4712
v -2.5157 0.1743 0.4891
v -2.3928 0.1703 0.4935
v -2.4877 0.1837 0.5272
v -2.4221 0.1819 0.5247
v -2.5217 0.1721 0.4524
v -2.3974 0.1772 0.4651
v -2.5027 0.1582 0.5501
v -2.4183 0.1689 0.5593
v -2.3965 0.0825 0.4606
v -2.5247 0.1215 0.5233
v -2.4119 0.1493 0.5583
v -2.4049 0.0992 0.5326
v -2.4971 0.1691 0.5528
v -2.5202 0.0895 0.4610
v -2.4221 0.1768 0.5563
v -2.4914 0.1785 0.5513
v -2.4088 0.0712 0.4166
v -2.5197 0.0874 0.4194
v -2.5047 0.2344 0.3798
v -2.4166 0.2409 0.3828
v -2.3926 0.1324 0.3554
v -2.5268 0.1407 0.3553
v -2.4335 0.0606 0.3378
v -2.4941 0.0673 0.3320
v -2.4028 0.1991 0.3713
v -2.5174 0.1958 0.3762
v -2.4060 0.0855 0.3405
v -2.5212 0.1065 0.3432
v -2.5062 0.2453 0.3503
v -2.4156 0.2575 0.3480
v -2.3934 0.1321 0.3416
v -2.5307 0.1494 0.3299
v -2.4360 0.0576 0.3264
v -2.4956 0.0685 0.3224
v -2.4018 0.1979 0.3434
v -2.5193 0.2035 0.3437
v -2.4042 0.0886 0.3309
v -2.5258 0.1122 0.3198
v -2.4951 0.2421 0.3131
v -2.4271 0.2502 0.3168
v -2.3948 0.1322 0.3277
v -2.5351 0.1491 0.3090
v -2.4365 0.0557 0.3165
v -2.4912 0.0633 0.3122
v -2.4054 0.2118 0.3253
v -2.5136 0.2082 0.3132
v -2.4059 0.0772 0.3179
v -2.5256 0.1117 0.3090
v -2.4951 0.2333 0.2436
v -2.4301 0.2554 0.2543
v -2.3974 0.1293 0.3033
v -2.5310 0.1475 0.2560
v -2.4304 0.0443 0.2761
v -2.4889 0.0527 0.2596
v -2.4019 0.2210 0.2801
v -2.5156 0.1946 0.2458
v -2.4070 0.0632 0.2828
v -2.5169 0.0874 0.2577
v -2.4955 0.0599 0.3746
v -2.5180 0.0950 0.3848
v -2.5190 0.1317 0.3965
v -2.4938 0.2235 0.4115
v -2.4329 0.0537 0.3728
v -2.4252 0.2294 0.4108
v -2.4038 0.1913 0.4142
v -2.3999 0.1239 0.3924
v -2.5123 0.1905 0.4162
v -2.4114 0.0693 0.3719
v -2.4961 0.2308 0.2104
v -2.4298 0.2630 0.2226
v -2.3964 0.1228 0.2932
v -2.5282 0.1404 0.2350
v -2.4256 0.0309 0.2463
v -2.4887 0.0380 0.2301
v -2.4022 0.2195 0.2641
v -2.5179 0.1923 0.2177
v -2.4054 0.0593 0.2707
v -2.5106 0.0656 0.2265
v -2.4902 0.2723 0.1541
v -2.4167 0.2691 0.1731
v -2.3855 0.1481 0.2900
v -2.5263 0.1384 0.2089
v -2.3935 0.0157 0.2074
v -2.4912 0.0288 0.1561
v -2.3997 0.2442 0.2382
v -2.5193 0.2300 0.1703
v -2.3831 0.0813 0.2568
v -2.5125 0.0475 0.1835
v -2.5526 0.1906 0.2185
v -2.6632 0.1855 0.1658
v -2.5698 0.0615 0.1991
v -2.6600 0.0846 0.1687
v -2.5766 0.2442 0.1984
v -2.6371 0.2316 0.1729
v -2.5490 0.1265 0.2283
v -2.6729 0.1278 0.1663
v -2.5486 0.1930 0.1989
v -2.6719 0.1853 0.1224
v -2.5571 0.0538 0.1823
v -2.6507 0.0591 0.1326
v -2.5699 0.2491 0.1742
v -2.6487 0.2352 0.1324
v -2.5398 0.1295 0.2114
v -2.6815 0.1132 0.1226
v -2.5436 0.2303 0.1587
v -2.6942 0.1800 0.0596
v -2.5410 0.0444 0.1708
v -2.6370 0.0426 0.0732
v -2.5655 0.2579 0.1176
v -2.6622 0.2386 0.0629
v -2.5342 0.1385 0.2061
v -2.6921 0.1078 0.0555
v -2.3165 0.2436 0.5779
v -1.9625 0.1446 0.8077
v -1.9625 0.1030 0.7937
v -1.9553 0.0371 0.7364
v -1.9407 0.0236 0.6733
v -1.9227 0.0160 0.5512
v -1.9141 0.0141 0.5093
v -1.9107 0.0287 0.4804
v -1.9050 0.0422 0.4536
v -1.8876 0.0408 0.3235
v -1.8866 0.0287 0.2699
v -1.9015 0.0160 0.2185
v -1.9272 0.2959 0.5188
v -1.9320 0.2910 0.5426
v -1.9366 0.2690 0.5873
v -1.9615 0.1606 0.7998
v -1.9421 0.2456 0.6271
v -1.9394 0.2609 0.6040
v -1.9423 0.2337 0.6343
v -1.9569 0.1733 0.7858
v -1.9445 0.2217 0.6467
v -1.9527 0.2086 0.6955
v -1.9557 0.1860 0.7751
v -1.9091 0.4033 0.1988
v -1.9079 0.3530 0.3230
v -1.9250 0.3119 0.4612
v -1.9139 0.3319 0.3815
v -1.9271 0.3021 0.4929
v -1.9908 0.5335 -0.0406
v -1.9189 0.5009 -0.0520
v -2.2239 0.4301 -0.0552
v -2.1680 0.4586 -0.0432
v -2.4164 0.3874 -0.1085
v -2.3654 0.3912 -0.0849
v -2.6459 0.2947 -0.1575
v -2.5917 0.3447 -0.1427
v -2.5268 0.3627 -0.1280
v -2.6910 0.1988 -0.1503
v -2.6974 0.1307 -0.1608
v -2.4652 0.3820 -0.1168
v -2.3186 0.3978 -0.0677
v -2.2704 0.4191 -0.0636
v -2.1139 0.4785 -0.0393
v -2.0563 0.4909 -0.0404
v -1.9808 0.5946 -0.1988
v -1.9267 0.5419 -0.2052
v -2.2032 0.5577 -0.2419
v -2.1540 0.5758 -0.2365
v -2.3860 0.5136 -0.3089
v -2.3320 0.5159 -0.2808
v -2.5567 0.3787 -0.4130
v -2.5376 0.4254 -0.3861
v -2.4858 0.4848 -0.3587
v -2.6124 0.3082 -0.4252
v -2.6491 0.2061 -0.4383
v -2.4353 0.5028 -0.3327
v -2.2892 0.5274 -0.2610
v -2.2515 0.5382 -0.2512
v -2.0962 0.5957 -0.2296
v -2.0354 0.6069 -0.2086
v -2.1875 0.1706 -1.5945
v -1.9725 0.6749 -0.4108
v -1.9269 0.6161 -0.4209
v -2.1877 0.7058 -0.4193
v -2.1310 0.7282 -0.4166
v -2.1933 0.0947 -1.5503
v -2.3670 0.6689 -0.5029
v -2.3261 0.6749 -0.4679
v -2.5476 0.4624 -0.6712
v -2.4539 0.6128 -0.6139
v -2.6076 0.3181 -0.7297
v -2.4118 0.6498 -0.5530
v -2.2825 0.6802 -0.4446
v -2.2374 0.6858 -0.4279
v -2.0684 0.7345 -0.4164
v -2.0128 0.7137 -0.4088
v -1.9487 0.7140 -0.5897
v -2.1722 0.8427 -0.5583
v -2.1164 0.8553 -0.5809
v -2.3644 0.8009 -0.6454
v -2.3219 0.8139 -0.5918
v -2.5992 0.6818 -1.1772
v -2.5023 0.7970 -1.2647
v -2.4890 0.7496 -0.8361
v -2.5788 0.4015 -0.6986
v -2.5891 0.3868 -0.9563
v -2.4283 0.7896 -0.7137
v -2.2743 0.8185 -0.5734
v -2.2233 0.8239 -0.5637
v -2.0524 0.8504 -0.6168
v -1.9763 0.7872 -0.5927
v -1.8579 0.4216 -0.0833
v -1.8138 0.3373 -0.1026
v -1.8140 0.1259 -0.1136
v -1.8020 0.2307 -0.1154
v -1.8737 0.4674 -0.2345
v -1.8363 0.3889 -0.2541
v -1.8521 0.1987 -0.3024
v -1.8228 0.2805 -0.2851
v -1.8746 0.5349 -0.4376
v -1.8528 0.4486 -0.4628
v -1.8901 0.2797 -0.5198
v -1.8499 0.3565 -0.4905
v -1.8732 0.4614 -0.6371
v -1.9092 0.2935 -0.6945
v -1.8883 0.3913 -0.6610
v -2.6677 0.0623 -0.1604
v -2.4672 0.0440 -0.1337
v -2.5952 0.0232 -0.1568
v -2.5257 0.0346 -0.1453
v -2.6501 0.1257 -0.4461
v -2.4929 0.0577 -0.4474
v -2.6129 0.0798 -0.4480
v -2.5627 0.0497 -0.4502
v -2.6217 0.2370 -0.7544
v -2.5208 0.0479 -0.7585
v -2.6112 0.1644 -0.7731
v -2.6012 0.0905 -0.7915
v -2.5915 0.2959 -0.9854
v -2.5430 0.0716 -1.0245
v -2.5900 0.2175 -1.0056
v -2.5789 0.1410 -1.0200
v -1.9462 0.0449 -0.0758
v -2.0359 0.0218 -0.0612
v -2.1174 0.0285 -0.0538
v -2.1953 0.0384 -0.0615
v -2.2902 0.0482 -0.0737
v -2.3521 0.0506 -0.0928
v -2.4116 0.0492 -0.1144
v -1.8650 0.0824 -0.0934
v -2.5518 0.9126 -1.1586
v -2.0967 0.1229 -0.5898
v -2.1754 0.1014 -0.6139
v -2.2541 0.0823 -0.6532
v -2.3235 0.0594 -0.6861
v -1.9389 0.2073 -0.5499
v -1.9933 0.1323 -0.3341
v -2.0759 0.1034 -0.3369
v -2.1653 0.1019 -0.3450
v -2.2357 0.0926 -0.3681
v -2.3090 0.0796 -0.3907
v -1.8966 0.1440 -0.3388
v -2.4419 0.0722 -1.4580
v -2.4889 0.1868 -1.4887
v -2.5041 0.2787 -1.4594
v -2.4641 0.1171 -1.4822
v -1.9439 0.2893 -1.4201
v -1.9502 0.1679 -1.4535
v -1.9739 0.0871 -1.4126
v -1.9064 0.3249 -1.2126
v -1.8958 0.2085 -1.2308
v -1.9294 0.1427 -1.2115
v -1.9231 0.3037 -1.0105
v -1.9292 0.2053 -1.0150
v -2.0606 0.2647 -1.5713
v -2.2902 0.1084 -1.5478
v -2.2986 0.1801 -1.5884
v -2.3137 0.2703 -1.5897
v -2.0787 0.0882 -1.5085
v -2.0677 0.1688 -1.5519
v -2.4043 0.1857 -1.5679
v -2.4218 0.2758 -1.5495
v -2.3836 0.1163 -1.5315
v -1.9161 0.3985 -0.9997
v -1.9266 0.6377 -0.5990
v -1.9006 0.5555 -0.6154
v -2.3402 0.6043 -1.5152
v -2.3325 0.8335 -1.4758
v -2.3374 0.7323 -1.4922
v -2.3397 0.4911 -1.5393
v -2.3309 0.3798 -1.5646
v -2.4482 0.5930 -1.4394
v -1.9325 1.1367 -1.0055
v -2.4349 0.6996 -1.3901
v -2.4433 0.4844 -1.4838
v -2.4361 0.3807 -1.5125
v -2.4887 0.5811 -1.3344
v -0.1519 7.7575 -0.6734
v -2.5053 0.4781 -1.3905
v -2.5110 0.3791 -1.4327
v -1.9129 0.9187 -0.9527
v -1.9094 0.4919 -0.9807
v -1.9092 0.5999 -0.9617
v -1.9020 0.7083 -0.9493
v -1.8947 0.8163 -0.9442
v -1.9220 0.8001 -1.1062
v -1.9185 0.4412 -1.1837
v -1.9079 0.9133 -1.1017
v -1.9444 0.6767 -1.1251
v -1.9241 0.5612 -1.1502
v -1.9877 0.8926 -1.2587
v -1.9959 0.7798 -1.2728
v -1.9555 0.4066 -1.3853
v -1.9708 0.5319 -1.3426
v -1.9904 0.6553 -1.3029
v -2.1891 0.7620 -1.4924
v -2.0630 0.6405 -1.4312
v -2.0494 0.5161 -1.4756
v -2.0447 0.3921 -1.5196
v -2.0706 0.7699 -1.3944
v -2.0711 0.8781 -1.3767
v -2.1922 0.8616 -1.4804
v -2.0140 1.1234 -0.7849
v -2.4600 1.0745 -1.2601
v -2.4271 0.8081 -1.3664
v -2.3137 1.0558 -1.4548
v -2.0413 1.1037 -1.3654
v -1.9714 1.1169 -1.2629
v -2.1683 1.0734 -1.4551
v -1.9223 1.1285 -1.1333
v -2.3950 1.0597 -1.3708
v -2.3725 0.9297 -0.7268
v -2.1539 0.9618 -0.6438
v -2.1969 0.6098 -1.5259
v -2.4944 0.9093 -0.9006
v -2.5949 0.6816 -1.0266
v -1.9246 1.0226 -1.1133
v -2.1963 0.9607 -1.4702
v -2.4989 0.9145 -1.2651
v -2.4236 0.9225 -1.3628
v -2.3342 0.9385 -1.4596
v -2.0707 0.9858 -1.3689
v -2.5786 0.5783 -1.0490
v -2.0481 0.9941 -0.7154
v -2.1047 0.9786 -0.6764
v -1.9308 1.0292 -0.9760
v -2.2077 0.9455 -0.6421
v -2.2627 0.9372 -0.6566
v -2.3145 0.9355 -0.6725
v -1.9908 1.0041 -1.2571
v -2.4336 0.9208 -0.7917
v -2.5244 0.6388 -0.8646
v -0.0917 7.7628 -0.6608
v -2.5032 0.6882 -1.2819
v -0.2070 7.6555 -0.7074
v -0.2475 7.5481 -0.7273
v -0.2955 7.4119 -0.7422
v -0.3558 7.2613 -0.7581
v -0.4216 7.0916 -0.7712
v -0.4887 6.8807 -0.7823
v -0.5626 6.5955 -0.7971
v -0.7323 5.9002 -0.7853
v -0.8347 5.5161 -0.7762
v -0.9306 5.1395 -0.7606
v -0.9930 4.8862 -0.7506
v -1.0181 4.7182 -0.7665
v -1.0393 4.5640 -0.7848
v -1.0544 4.4072 -0.8021
v -1.0986 4.2415 -0.8264
v -1.1959 4.0628 -0.8612
v -1.2725 3.8575 -0.9091
v -1.3081 3.6221 -0.9346
v -1.3509 3.3802 -0.9638
v -1.4233 3.1255 -0.9869
v -1.5226 2.8524 -1.0016
v -1.6291 2.5569 -1.0165
v -1.7132 2.2162 -1.0042
v -2.4399 1.7983 -1.0482
v -1.8221 1.7602 -0.9851
v -1.9402 1.3104 -0.9378
v -2.5170 0.0674 -1.1958
v -2.5757 0.1261 -1.2075
v -2.6025 0.1997 -1.2013
v -2.5857 0.3845 -1.1295
v -2.6058 0.2881 -1.1738
v -1.9103 0.3596 -0.8306
v -1.9215 0.2579 -0.8535
v -1.8933 0.4445 -0.8130
v -1.8887 0.5505 -0.7923
v -1.8861 0.6467 -0.7796
v -1.9101 0.7320 -0.7768
v -1.9520 0.9101 -0.8095
v -1.9333 0.8162 -0.7855
v 0.0000 7.7482 -0.6737
v -1.9485 1.1396 -0.8969
v -1.9658 1.0251 -0.8556
v -2.5546 0.5538 -0.8878
v -2.4301 0.0625 -0.4340
v -2.3709 0.0669 -0.4144
v -2.5391 0.5748 -1.1986
v -2.5614 0.4669 -0.9206
v -2.5011 0.5383 -0.6477
v -2.5718 0.7889 -1.0144
v -2.5418 0.4779 -1.2355
v -2.5548 0.4714 -1.0859
v -2.5645 0.3847 -1.2893
v -2.5714 0.2793 -1.3312
v -2.5582 0.1842 -1.3607
v -2.5275 0.1137 -1.3618
v -2.4784 0.0626 -1.3433
v -2.4514 0.0389 -0.7382
v -2.3882 0.0476 -0.7147
v -2.4653 0.0366 -1.0071
v -2.3227 0.0360 -0.9411
v -1.9501 0.2039 -0.7319
v -2.3970 0.0240 -0.9855
v -2.2151 0.0345 -1.4746
v -2.0131 0.0347 -1.3073
v -1.9812 0.1391 -1.0095
v -2.2993 0.0460 -1.4932
v -2.0912 0.0277 -1.4306
v -2.3786 0.0591 -1.4857
v -1.9565 0.1730 -0.8757
v -2.1579 0.0108 -1.2562
v -2.0731 0.0177 -1.2000
v -1.9715 0.0763 -1.1703
v -2.4132 0.0469 -1.3438
v -2.2611 0.0148 -1.3018
v -2.3318 0.0240 -1.3220
v -2.3811 0.0216 -1.1610
v -2.4518 0.0441 -1.1787
v -2.1278 0.0435 -1.0301
v -2.2021 0.0231 -1.0808
v -2.3017 0.0150 -1.1301
v -2.0545 0.0933 -0.9725
v -2.0137 0.1382 -0.8740
v -2.1519 0.2398 0.6563
v -2.1542 0.2270 0.6806
v -2.1538 0.2198 0.6956
v -2.3115 0.0839 0.6817
v -2.3105 0.0508 0.5958
v -2.3155 0.1326 0.7146
v -2.4634 0.0512 0.3372
v -2.4626 0.0440 0.3698
v -2.4636 0.0512 0.4026
v -2.4532 0.1858 0.5303
v -2.1528 0.0672 0.5740
v -2.1446 0.0823 0.4845
v -2.1448 0.0810 0.4708
v -2.1423 0.0799 0.4503
v -2.1567 0.1264 0.8049
v -2.1509 0.0696 0.7699
v -2.1500 0.0462 0.6441
v -2.4597 0.0428 0.4571
v -2.3119 0.2314 0.5979
v -2.3112 0.2262 0.6102
v -2.4589 0.2520 0.3844
v -2.4620 0.2643 0.3504
v -2.4626 0.2618 0.3158
v -2.4631 0.0744 0.5488
v -2.4598 0.1370 0.5671
v -2.3092 0.0787 0.4244
v -2.2990 0.2951 0.2081
v -2.3092 0.2817 0.2919
v -2.3109 0.2799 0.3241
v -2.4625 0.2661 0.2057
v -2.4516 0.2856 0.1370
v -2.4417 0.0097 0.1513
v -2.3164 0.2835 0.4186
v -2.4554 0.2133 0.4908
v -2.4558 0.2190 0.4806
v -2.4571 0.2255 0.4670
v -2.4671 0.2566 0.2448
v -2.4581 0.1608 0.5677
v -2.1515 0.3005 0.4473
v -2.1548 0.3079 0.4997
v -2.1530 0.2927 0.5597
v -2.1515 0.2774 0.5863
v -2.1564 0.2131 0.7109
v -2.1566 0.2077 0.7164
v -2.1570 0.2015 0.7241
v -2.1578 0.1943 0.7398
v -2.5622 0.0268 0.1008
v -2.5882 0.0388 0.1525
v -2.4617 0.0496 0.3245
v -2.3124 0.2130 0.6295
v -2.1353 0.3360 0.2230
v -2.1412 0.3057 0.3274
v -2.1440 0.2978 0.3728
v -2.3130 0.0486 0.5370
v -2.4571 0.1731 0.5619
v -2.4549 0.1779 0.5533
v -2.4536 0.1816 0.5426
v -2.3173 0.2834 0.4572
v -2.3175 0.2719 0.5091
v -2.3180 0.2604 0.5365
v -2.1576 0.1846 0.7769
v -2.1596 0.1744 0.7959
v -2.1587 0.1596 0.7994
v -2.1574 0.1494 0.8085
v -2.1389 0.0763 0.4369
v -2.1282 0.0538 0.3728
v -2.1262 0.0381 0.3381
v -2.1298 0.0038 0.2092
v -2.4544 0.1896 0.5178
v -2.4551 0.1982 0.5142
v -2.4543 0.2048 0.5066
v -2.3105 0.0690 0.4622
v -2.3108 0.0730 0.4493
v -2.3102 0.0765 0.4358
v -2.6105 0.2607 0.1485
v -2.3145 0.1938 0.6865
v -2.3126 0.1856 0.7148
v -2.3142 0.1680 0.7211
v -2.4557 0.2365 0.4148
v -2.6094 0.2593 0.1837
v -2.6069 0.0537 0.1751
v -2.4628 0.0491 0.3160
v -2.4575 0.0530 0.2682
v -2.4557 0.0238 0.2373
v -2.2834 0.0138 0.2121
v -2.3021 0.0415 0.3190
v -2.3041 0.0587 0.3599
v -2.3146 0.1921 0.6962
v -2.3145 0.1953 0.6568
v -2.3124 0.2000 0.6417
v -2.3124 0.2037 0.6370
v -2.5635 0.1647 0.3771
v -2.5515 0.1469 0.4209
v -2.6423 0.1551 0.4087
v -2.6261 0.1685 0.3712
v -2.5597 0.1527 0.4241
v -2.6354 0.1611 0.4128
v -2.6223 0.1674 0.3759
v -2.5665 0.1634 0.3808
v -2.5280 0.1216 0.3646
v -2.6623 0.1335 0.3556
v -2.6320 0.1849 0.3602
v -2.5640 0.1846 0.3657
v -2.5378 0.1151 0.4003
v -2.6286 0.1805 0.3668
v -2.6549 0.1350 0.3794
v -2.5651 0.1802 0.3732
v -2.5726 0.1307 0.4567
v -2.5784 0.1431 0.4527
v -2.5684 0.0480 0.3381
v -2.5737 0.0738 0.4178
v -2.6422 0.0854 0.4042
v -2.6217 0.1435 0.4486
v -2.6471 0.0676 0.3428
v -2.6255 0.1298 0.4476
v -2.5653 0.1585 0.4259
v -2.6276 0.1608 0.4133
v -2.6182 0.1654 0.3804
v -2.5681 0.1617 0.3843
v -2.5800 0.1518 0.4451
v -2.6167 0.1519 0.4386
v -2.6643 0.1309 0.3420
v -2.5654 0.1950 0.3564
v -2.6342 0.1905 0.3529
v -2.5320 0.1253 0.3437
v -2.5713 0.0457 0.3280
v -2.6488 0.0683 0.3321
v -2.5556 0.1553 0.3982
v -2.6378 0.1660 0.3898
v -2.5602 0.1581 0.4013
v -2.6308 0.1644 0.3936
v -2.5339 0.1584 0.3623
v -2.6515 0.1645 0.3582
v -2.6495 0.1585 0.3725
v -2.5436 0.1546 0.3833
v -2.6255 0.1645 0.3994
v -2.5670 0.1622 0.4043
v -2.6537 0.1657 0.3464
v -2.5345 0.1619 0.3524
v -2.6424 0.1434 0.4261
v -2.5635 0.1486 0.4391
v -2.5395 0.0882 0.3462
v -2.6568 0.1080 0.3919
v -2.5559 0.1382 0.4403
v -2.5481 0.0972 0.4102
v -2.6356 0.1545 0.4281
v -2.6662 0.0953 0.3492
v -2.5703 0.1551 0.4364
v -2.6247 0.1552 0.4268
v -2.5405 0.0843 0.3380
v -2.6666 0.0965 0.3344
v -2.6316 0.2106 0.3244
v -2.5703 0.2201 0.3224
v -2.5393 0.1348 0.3040
v -2.6684 0.1451 0.3062
v -2.5705 0.0442 0.2882
v -2.6426 0.0750 0.2855
v -2.5443 0.1824 0.3113
v -2.6520 0.1874 0.3180
v -2.5460 0.0887 0.2947
v -2.6747 0.1158 0.2988
v -2.6426 0.2250 0.3089
v -2.5655 0.2298 0.3014
v -2.5433 0.1362 0.2792
v -2.6735 0.1566 0.2861
v -2.5706 0.0542 0.2557
v -2.6403 0.0826 0.2557
v -2.5477 0.1855 0.2869
v -2.6564 0.1926 0.2998
v -2.5495 0.0946 0.2690
v -2.6765 0.1185 0.2730
v -2.6445 0.2261 0.2763
v -2.5689 0.2329 0.2695
v -2.5447 0.1357 0.2698
v -2.6781 0.1544 0.2699
v -2.5739 0.0570 0.2486
v -2.6395 0.0837 0.2447
v -2.5498 0.1936 0.2705
v -2.6592 0.2008 0.2763
v -2.5524 0.0938 0.2589
v -2.6774 0.1174 0.2659
v -2.6381 0.2385 0.2448
v -2.5779 0.2366 0.2392
v -2.5465 0.1347 0.2586
v -2.6759 0.1550 0.2436
v -2.5771 0.0640 0.2382
v -2.6405 0.0856 0.2376
v -2.5501 0.1930 0.2543
v -2.6610 0.2036 0.2447
v -2.5562 0.0919 0.2472
v -2.6785 0.1193 0.2474
v -2.6503 0.0706 0.3218
v -2.6683 0.1013 0.3253
v -2.6632 0.1356 0.3311
v -2.6323 0.2036 0.3398
v -2.5732 0.0446 0.3180
v -2.5657 0.2055 0.3422
v -2.5378 0.1683 0.3350
v -2.5356 0.1266 0.3296
v -2.6523 0.1771 0.3341
v -2.5432 0.0809 0.3255
v -2.6129 0.0463 0.2863
v -2.6056 0.0370 0.3127
v -2.6043 0.0391 0.3224
v -2.5914 0.1643 0.4042
v -2.6040 0.0409 0.3295
v -2.5992 0.2210 0.3271
v -2.6041 0.2250 0.3049
v -2.6070 0.2364 0.2714
v -2.6013 0.0746 0.4168
v -2.5977 0.1239 0.4619
v -2.5905 0.1900 0.3681
v -2.5917 0.1969 0.3621
v -2.5937 0.1950 0.3533
v -2.6093 0.2472 0.2415
v -2.5981 0.1400 0.4536
v -2.6066 0.0548 0.2541
v -2.5961 0.1504 0.4438
v -2.5956 0.1580 0.4315
v -2.5953 0.1611 0.4196
v -2.5919 0.1642 0.3818
v -2.5916 0.1652 0.3769
v -2.5903 0.1667 0.3718
v -2.5975 0.2050 0.3404
v -2.6062 0.0583 0.2442
v -2.6027 0.0595 0.2374
v -2.6138 0.2726 0.0726
v -2.5813 0.0624 0.2064
v -2.6009 0.0606 0.1979
v -1.7710 0.2070 0.0332
v -1.7847 0.3054 0.0559
v -2.7019 0.1163 -0.0343
v -2.7033 0.1850 -0.0324
v -2.6648 0.2426 -0.0257
v -1.8274 0.3869 0.0686
v -1.9109 0.4552 0.0985
v -1.9927 0.4282 0.0984
v -2.0687 0.4002 0.1139
v -2.1270 0.3930 0.1100
v -2.1779 0.3776 0.1122
v -2.2385 0.3554 0.0985
v -2.2870 0.3346 0.0773
v -2.3333 0.3160 0.0663
v -2.3938 0.3244 0.0452
v -2.4381 0.3323 0.0247
v -2.4845 0.3084 0.0133
v -2.6489 0.0544 -0.0218
v -2.5739 0.0302 -0.0064
v -1.7894 0.1074 0.0298
v -1.8341 0.0572 0.0419
v -1.9239 0.0304 0.0713
v -2.0179 0.0109 0.0992
v -2.0920 0.0200 0.1144
v -2.5088 0.0321 0.0154
v -2.4590 0.0413 0.0321
v -2.3945 0.0185 0.0628
v -2.3466 0.0396 0.0767
v -2.2794 0.0379 0.0996
v -2.1534 0.0105 0.1002
v -2.5581 0.3038 -0.0028
v -2.6168 0.2838 -0.0215
v -2.0300 0.0545 -1.1236
v -0.9295 6.4360 -0.1553
v -0.7741 6.3505 -0.3568
v -0.6882 6.2892 -0.5756
v -0.6529 6.2577 -0.7954
v -0.6527 6.2525 -1.0123
v -0.7115 6.2825 -1.2060
v -0.8093 6.3426 -1.3883
v -0.9692 6.4483 -1.5251
v -1.1560 6.5617 -1.6097
v -1.3770 6.6644 -1.6151
v -1.6167 6.7344 -1.5160
v -1.7875 6.7784 -1.3337
v -1.8854 6.7830 -1.0713
v -1.9393 6.7805 -0.8255
v -1.9793 6.7912 -0.5856
v -1.9684 6.7882 -0.3404
v -1.8622 6.7597 -0.1330
v -1.6858 6.7082 0.0151
v -1.4136 6.6289 0.0277
v -1.1629 6.5367 -0.0174
v -0.3112 15.4991 0.3043
v -0.3490 15.4985 0.2987
v -0.4385 15.4606 0.2559
v -0.4343 15.4687 0.2617
v -0.4287 15.4751 0.2668
v -0.4104 15.4855 0.2781
v -0.3833 15.4926 0.2903
v -0.2723 15.4911 0.3011
v -0.1851 15.4345 0.2750
v -0.1970 15.4274 0.2676
v -0.2123 15.4236 0.2727
v -0.1934 15.4478 0.2751
v -0.2018 15.4551 0.2798
v -0.1847 15.4416 0.2772
v -0.4248 15.4352 0.2616
v -0.2424 15.4163 0.2861
v -0.2760 15.4110 0.2939
v -0.2116 15.4628 0.2831
v -0.3114 15.4074 0.3002
v -0.2353 15.4773 0.2901
v -0.3519 15.4084 0.2971
v -0.3848 15.4154 0.2838
v -0.4071 15.4245 0.2742
v -0.4342 15.4426 0.2512
v -0.4377 15.4500 0.2495
v -0.4394 15.4551 0.2512
v -0.2244 15.4205 0.2789
v -0.4296 15.4387 0.2560
v 0.3492 15.4975 0.3079
v 0.3110 15.4991 0.3111
v 0.3481 15.5141 0.3065
v 0.3095 15.5132 0.3120
v 0.3487 15.5250 0.3042
v 0.3080 15.5242 0.3107
v 0.3835 15.4918 0.3013
v 0.3849 15.5089 0.2975
v 0.3886 15.5184 0.2933
v 0.4099 15.4845 0.2898
v 0.4154 15.4986 0.2853
v 0.4230 15.5066 0.2780
v 0.4279 15.4742 0.2792
v 0.4363 15.4864 0.2731
v 0.4462 15.4922 0.2653
v 0.4337 15.4684 0.2737
v 0.4473 15.4761 0.2628
v 0.4582 15.4790 0.2517
v 0.4385 15.4613 0.2656
v 0.4521 15.4667 0.2551
v 0.4638 15.4677 0.2424
v 0.4394 15.4550 0.2584
v 0.4531 15.4573 0.2466
v 0.4645 15.4575 0.2362
v 0.4367 15.4499 0.2553
v 0.4513 15.4486 0.2466
v 0.4631 15.4460 0.2358
v 0.4336 15.4431 0.2566
v 0.4463 15.4390 0.2469
v 0.4584 15.4341 0.2343
v 0.4249 15.4353 0.2659
v 0.4313 15.4220 0.2575
v 0.4422 15.4111 0.2472
v 0.4086 15.4246 0.2772
v 0.4142 15.4103 0.2700
v 0.4237 15.3991 0.2633
v 0.3865 15.4157 0.2876
v 0.3927 15.4008 0.2826
v 0.3976 15.3877 0.2777
v 0.3597 15.3789 0.2918
v 0.3536 15.3919 0.2973
v 0.3519 15.4082 0.3019
v 0.3161 15.3772 0.3013
v 0.3097 15.3891 0.2984
v 0.3109 15.4071 0.3050
v 0.2708 15.3809 0.2998
v 0.2696 15.3916 0.2981
v 0.2760 15.4110 0.2990
v 0.2322 15.3892 0.2937
v 0.2332 15.4003 0.2935
v 0.2410 15.4154 0.2918
v 0.1856 15.4067 0.2853
v 0.1937 15.4114 0.2840
v 0.2100 15.4225 0.2798
v 0.2725 15.4903 0.3058
v 0.2682 15.5048 0.3085
v 0.2655 15.5153 0.3083
v 0.2353 15.4773 0.2953
v 0.2303 15.4908 0.3015
v 0.2265 15.4995 0.3048
v 0.2093 15.4621 0.2921
v 0.2016 15.4737 0.2995
v 0.1964 15.4811 0.3023
v 0.1817 15.4475 0.2838
v 0.1740 15.4516 0.2993
v 0.1678 15.4535 0.3010
v 0.1752 15.4412 0.2811
v 0.1676 15.4437 0.2946
v 0.1612 15.4438 0.3001
v 0.1757 15.4347 0.2785
v 0.1651 15.4349 0.2921
v 0.1583 15.4332 0.2986
v 0.1846 15.4264 0.2765
v 0.1675 15.4252 0.2891
v 0.1602 15.4221 0.2939
v 0.4442 15.3668 0.2349
v 0.4129 15.3505 0.2543
v 0.3698 15.3398 0.2782
v 0.3179 15.3373 0.2916
v 0.2625 15.3436 0.2987
v 0.2145 15.3577 0.2937
v 0.1632 15.3890 0.2894
v 0.4636 15.4984 0.2406
v 0.4784 15.4825 0.2276
v 0.4841 15.4690 0.2198
v 0.4865 15.4561 0.2157
v 0.4867 15.4418 0.2134
v 0.4841 15.4239 0.2103
v 0.4668 15.3878 0.2186
v 0.3502 15.5414 0.3002
v 0.3059 15.5410 0.3076
v 0.3950 15.5333 0.2829
v 0.4351 15.5178 0.2650
v 0.2593 15.5314 0.3110
v 0.2157 15.5153 0.3123
v 0.1821 15.4965 0.3131
v 0.1484 15.4613 0.3120
v 0.1422 15.4463 0.3117
v 0.1409 15.4307 0.3095
v 0.1454 15.4123 0.2999
v 0.1850 15.4617 0.2988
v 0.1788 15.4663 0.3010
v 0.1952 15.4524 0.2881
v 0.1603 15.4779 0.3112
v 0.1293 15.4643 0.3251
v 0.1230 15.4464 0.3233
v 0.1225 15.4277 0.3205
v 0.1299 15.4054 0.3163
v 0.1424 15.4841 0.3259
v 0.1055 15.4677 0.3453
v 0.0994 15.4460 0.3432
v 0.1003 15.4243 0.3416
v 0.1089 15.3976 0.3369
v 0.1185 15.4908 0.3466
v 0.0812 15.4745 0.3703
v 0.0757 15.4477 0.3689
v 0.0780 15.4213 0.3680
v 0.0886 15.3893 0.3609
v 0.0925 15.5002 0.3704
v 0.0645 15.3381 0.4081
v 0.0550 15.4796 0.3914
v 0.0515 15.4513 0.3908
v 0.0546 15.4202 0.3911
v 0.0666 15.3788 0.3886
v 0.0635 15.5073 0.3921
v 0.0332 15.3552 0.4282
v 0.0285 15.4854 0.4036
v 0.0271 15.4552 0.4047
v 0.0286 15.4250 0.4098
v 0.0320 15.3946 0.4148
v 0.0325 15.5140 0.4049
v 0.4629 15.3440 0.2248
v 0.4293 15.3242 0.2515
v 0.3800 15.3115 0.2793
v 0.3206 15.3105 0.3014
v 0.2588 15.3190 0.3113
v 0.2058 15.3364 0.3099
v 0.1493 15.3778 0.3064
v 0.4751 15.5051 0.2303
v 0.4933 15.4865 0.2130
v 0.5023 15.4705 0.2048
v 0.5057 15.4549 0.1999
v 0.5062 15.4373 0.1958
v 0.5048 15.4167 0.1952
v 0.4867 15.3697 0.2063
v 0.3519 15.5532 0.3025
v 0.3021 15.5542 0.3134
v 0.4008 15.5425 0.2823
v 0.4443 15.5245 0.2557
v 0.2503 15.5448 0.3206
v 0.2023 15.5266 0.3252
v 0.1654 15.5056 0.3265
v 0.5241 15.4720 0.1858
v 0.5140 15.4915 0.1965
v 0.4922 15.5138 0.2170
v 0.1712 15.1650 0.3722
v 0.0630 15.2545 0.4564
v 0.0341 15.2654 0.4715
v 0.1407 15.5165 0.3463
v 0.1115 15.5279 0.3703
v 0.0780 15.5379 0.3936
v 0.0382 15.5443 0.4052
v 0.3522 15.5739 0.3058
v 0.2928 15.5766 0.3241
v 0.4086 15.5599 0.2805
v 0.4578 15.5369 0.2467
v 0.2324 15.5658 0.3405
v 0.1783 15.5438 0.3485
v 0.3500 15.5977 0.3115
v 0.2774 15.6009 0.3382
v 0.4139 15.5837 0.2782
v 0.4688 15.5592 0.2403
v 0.2048 15.5898 0.3616
v 0.1485 15.5611 0.3697
v 0.1297 15.2784 0.3683
v 0.4495 15.2936 0.2470
v 0.2034 15.1279 0.3632
v 0.5289 15.4530 0.1801
v 0.5301 15.4313 0.1752
v 0.5283 15.4063 0.1730
v 0.5485 15.4768 0.1622
v 0.5349 15.5038 0.1783
v 0.5087 15.5315 0.2057
v 0.3942 15.2784 0.2819
v 0.4303 15.2082 0.2775
v 0.5543 15.4518 0.1542
v 0.5579 15.4233 0.1489
v 0.5538 15.3929 0.1465
v 0.5333 15.3274 0.1717
v 0.1577 15.1450 0.3858
v 0.0897 15.2086 0.4601
v 0.0637 15.2201 0.4821
v 0.0367 15.2284 0.4994
v 0.1146 15.1927 0.4363
v 0.1811 15.1107 0.3740
v 0.3400 15.6312 0.3200
v 0.2558 15.6361 0.3557
v 0.4149 15.6144 0.2792
v 0.4771 15.5870 0.2341
v 0.1615 15.6248 0.3895
v 0.1063 15.5776 0.3938
v 0.5678 15.4855 0.1366
v 0.5501 15.5197 0.1584
v 0.5244 15.5535 0.1926
v 0.4954 15.2294 0.2266
v 0.0974 15.3082 0.3865
v 0.5758 15.4514 0.1233
v 0.5823 15.4150 0.1174
v 0.5814 15.3784 0.1180
v 0.5599 15.3027 0.1457
v 0.5278 15.1905 0.1998
v 0.0493 15.5870 0.4112
v 0.3373 15.6692 0.3236
v 0.2494 15.6800 0.3658
v 0.4188 15.6495 0.2770
v 0.4833 15.6191 0.2259
v 0.1703 16.2765 0.2049
v 0.0682 15.6323 0.4157
v 0.3382 15.7087 0.3244
v 0.2470 15.7209 0.3696
v 0.4230 15.6860 0.2730
v 0.4918 15.6512 0.2156
v 0.1537 15.6821 0.4030
v 0.0669 15.6829 0.4219
v 0.1475 15.7256 0.4076
v 0.0636 15.7254 0.4262
v 0.3787 15.9509 0.2536
v 0.2693 15.9853 0.3149
v 0.4891 15.9031 0.1827
v 0.5776 15.8367 0.0871
v 0.1581 15.8779 0.3956
v 0.0601 15.8852 0.4106
v 0.4233 16.1071 0.1638
v 0.2970 16.1504 0.2321
v 0.5406 16.0395 0.0780
v 0.6219 15.9410 -0.0242
v 0.1623 16.0049 0.3532
v 0.0614 16.0154 0.3686
v 0.5859 15.4941 0.1065
v 0.5645 15.5386 0.1357
v 0.5340 15.5797 0.1774
v 0.5999 15.4527 0.0880
v 0.6036 15.4087 0.0790
v 0.6041 15.3637 0.0805
v 0.5864 15.2749 0.1140
v 0.6000 15.5045 0.0695
v 0.5766 15.5558 0.1085
v 0.5411 15.6057 0.1577
v 0.6163 15.4533 0.0437
v 0.6675 15.5603 -0.1532
v 0.6492 15.6614 -0.0922
v 0.6246 15.7512 -0.0074
v 0.6829 15.4548 -0.1966
v 0.6905 15.3546 -0.2164
v 0.6879 15.2566 -0.2251
v 0.6613 15.0720 -0.1975
v 0.6802 15.7142 -0.1892
v 0.6671 15.8326 -0.1198
v 0.6872 15.8728 -0.1785
v 0.0872 15.0454 0.5200
v 0.0788 15.0538 0.5369
v 0.0884 15.0854 0.5372
v 0.0959 15.1347 0.5195
v 0.0945 15.1589 0.5040
v 0.0938 15.1836 0.4866
v 0.1224 15.1503 0.4826
v 0.1150 15.1709 0.4572
v 0.1590 15.1178 0.4264
v 0.1592 15.1312 0.4121
v 0.1705 15.0941 0.4022
v 0.0806 14.9806 0.4321
v 0.1394 15.0063 0.4007
v 0.1360 15.0651 0.4811
v 0.1645 15.0290 0.3849
v 0.0664 15.1920 0.5081
v 0.0369 15.1976 0.5225
v 0.0674 15.1383 0.5441
v 0.0348 15.1383 0.5598
v 0.0589 15.0843 0.5617
v 0.0295 15.0814 0.5743
v 0.0645 15.0286 0.5164
v 0.0543 15.0283 0.5255
v 0.0520 15.0527 0.5556
v 0.0267 15.0504 0.5636
v 0.0524 15.0138 0.4958
v 0.0429 15.0072 0.5029
v 0.0380 15.0276 0.5297
v 0.0198 15.0241 0.5348
v 0.0520 14.9986 0.4756
v 0.0429 14.9910 0.4773
v 0.0289 15.0027 0.5017
v 0.0151 14.9980 0.5041
v 0.0577 14.9882 0.4526
v 0.0534 14.9740 0.4532
v 0.0266 14.9835 0.4766
v 0.0125 14.9786 0.4744
v 0.1582 15.0328 0.4084
v 0.1545 15.0543 0.4475
v 0.1300 15.0144 0.4107
v 0.1217 15.0388 0.4808
v 0.1292 15.0521 0.4812
v 0.1458 15.0401 0.4541
v 0.1383 15.0319 0.4583
v 0.1395 15.0264 0.4238
v 0.1512 15.0234 0.4229
v 0.0878 15.0381 0.5083
v 0.0701 15.0284 0.5086
v 0.0557 15.0204 0.4892
v 0.0575 15.0070 0.4720
v 0.0629 15.0004 0.4513
v 0.0816 14.9957 0.4337
v 0.1147 14.9923 0.4122
v 0.1137 15.0036 0.4148
v 0.1145 15.0863 0.5108
v 0.1584 15.0675 0.4427
v 0.1687 15.0486 0.4076
v 0.1226 15.1289 0.4942
v 0.1606 15.1051 0.4350
v 0.1694 15.0908 0.4143
v 0.0306 14.9663 0.4630
v 0.0139 14.9599 0.4681
v 0.1227 15.0203 0.4192
v 0.1105 15.0430 0.4653
v 0.1265 15.0347 0.4522
v 0.1263 15.0309 0.4295
v 0.0834 15.0394 0.4895
v 0.0719 15.0354 0.4889
v 0.0601 15.0312 0.4796
v 0.0575 15.0197 0.4637
v 0.0665 15.0093 0.4486
v 0.0818 15.0059 0.4353
v 0.1095 15.0117 0.4206
v 0.0719 14.9077 0.4609
v 0.0459 14.9004 0.4770
v 0.0177 14.8919 0.4746
v 0.1509 15.0042 0.3884
v 0.0824 14.9676 0.4338
v 0.1191 14.9756 0.4134
v 0.2714 14.7610 0.3109
v 0.2427 14.8273 0.3618
v 0.1012 15.0506 0.5114
v 0.0983 15.0398 0.5014
v 0.0972 15.0376 0.4871
v 0.1078 15.0661 0.5125
v 0.2662 14.8029 0.3326
v 0.2745 14.7765 0.3136
v 0.1889 14.6918 0.3654
v 0.2293 14.7231 0.3345
v 0.2121 14.9196 0.3775
v 0.2515 14.7406 0.3193
v 0.2083 14.8891 0.3834
v 0.2087 14.8573 0.3879
v 0.2499 14.8724 0.3568
v 0.2454 14.8499 0.3615
v 0.2731 14.8161 0.3297
v 0.2880 14.7763 0.3090
v 0.2886 14.7512 0.3027
v 0.1123 15.0298 0.4322
v 0.1041 15.0400 0.4645
v 0.1139 15.0375 0.4489
v 0.1180 15.0339 0.4364
v 0.0863 15.0411 0.4794
v 0.0805 15.0394 0.4755
v 0.0729 15.0361 0.4697
v 0.0718 15.0297 0.4574
v 0.0794 15.0230 0.4453
v 0.0881 15.0186 0.4370
v 0.1014 15.0239 0.4322
v 0.0945 15.0412 0.4743
v 0.0970 15.0398 0.4570
v 0.1050 15.0362 0.4445
v 0.0892 15.0412 0.4669
v 0.0856 15.0361 0.4541
v 0.0930 15.0312 0.4425
v 0.0820 15.0389 0.4628
v 0.2605 14.7150 0.3124
v 0.2348 14.6945 0.3282
v 0.1917 14.6716 0.3547
v 0.2668 14.7765 0.3156
v 0.2640 14.7649 0.3132
v 0.2484 14.7485 0.3205
v 0.2280 14.7339 0.3366
v 0.1865 14.7105 0.3732
v 0.2599 14.7957 0.3357
v 0.2391 14.8134 0.3622
v 0.1091 14.8838 0.4657
v 0.1787 14.8546 0.4239
v 0.2108 14.8346 0.3962
v 0.2343 14.8031 0.3620
v 0.2069 14.8225 0.3965
v 0.2296 14.7965 0.3636
v 0.2025 14.8123 0.3967
v 0.2209 14.7831 0.3588
v 0.1906 14.7921 0.3882
v 0.2117 14.7825 0.3492
v 0.1846 14.7823 0.3858
v 0.2073 14.7847 0.3405
v 0.1728 14.7841 0.3688
v 0.2589 14.7772 0.3175
v 0.2565 14.7698 0.3121
v 0.2538 14.7884 0.3377
v 0.2528 14.7763 0.3199
v 0.2528 14.7724 0.3142
v 0.2466 14.7843 0.3377
v 0.2463 14.7770 0.3177
v 0.2464 14.7754 0.3145
v 0.2335 14.7807 0.3356
v 0.2428 14.7784 0.3118
v 0.2439 14.7771 0.3075
v 0.2273 14.7808 0.3317
v 0.2409 14.7819 0.2994
v 0.2441 14.7796 0.2938
v 0.2221 14.7843 0.3231
v 0.2107 14.7738 0.3264
v 0.2117 14.7693 0.3374
v 0.2197 14.7555 0.3443
v 0.2240 14.7463 0.3424
v 0.2426 14.7567 0.3234
v 0.2379 14.7627 0.3253
v 0.2312 14.7717 0.3215
v 0.2294 14.7744 0.3120
v 0.2313 14.7753 0.2952
v 0.2174 14.7758 0.3044
v 0.1782 14.8425 0.4292
v 0.1755 14.8321 0.4270
v 0.1626 14.7983 0.4187
v 0.0515 14.8769 0.4958
v 0.1105 14.8686 0.4707
v 0.1088 14.8561 0.4732
v 0.1045 14.8094 0.4569
v 0.0224 14.8659 0.4978
v 0.0799 14.8862 0.4856
v 0.0806 14.8723 0.4884
v 0.0803 14.8622 0.4909
v 0.0770 14.8089 0.4661
v 0.0532 14.8633 0.4960
v 0.0533 14.8516 0.4958
v 0.0500 14.8028 0.4726
v 0.0230 14.8515 0.4995
v 0.0233 14.8418 0.4985
v 0.0198 14.7971 0.4778
v 0.1560 14.7822 0.4166
v 0.1014 14.7809 0.4455
v 0.0761 14.7803 0.4455
v 0.0466 14.7790 0.4491
v 0.0215 14.7771 0.4501
v 0.1638 14.7739 0.3589
v 0.1724 14.7675 0.3793
v 0.1824 14.7449 0.3788
v 0.1837 14.7293 0.3768
v 0.1297 14.6426 0.3835
v 0.1296 14.6811 0.4120
v 0.1107 14.7719 0.4173
v 0.1151 14.7604 0.4177
v 0.1234 14.7324 0.4257
v 0.1277 14.7082 0.4171
v 0.0534 14.6291 0.4004
v 0.0571 14.6629 0.4421
v 0.0508 14.7687 0.4348
v 0.0511 14.7575 0.4423
v 0.0528 14.7220 0.4539
v 0.0544 14.6972 0.4492
v 0.1960 14.8000 0.3907
v 0.2243 14.7890 0.3616
v 0.2391 14.7819 0.3357
v 0.2494 14.7765 0.3196
v 0.2490 14.7743 0.3172
v 0.2148 14.7633 0.3422
v 0.2339 14.7678 0.3255
v 0.1680 14.8146 0.4222
v 0.1061 14.8321 0.4645
v 0.0785 14.8336 0.4779
v 0.0515 14.8257 0.4831
v 0.0214 14.8185 0.4864
v 0.1786 14.7579 0.3822
v 0.1196 14.7473 0.4251
v 0.0517 14.7386 0.4532
v 0.0734 14.7874 0.4121
v 0.0949 14.7874 0.4077
v 0.1437 14.7859 0.3838
v 0.0508 14.7737 0.4315
v 0.1044 14.7746 0.4081
v 0.1587 14.7773 0.3434
v 0.0190 14.7858 0.4080
v 0.0423 14.7859 0.4083
v 0.2060 14.7918 0.3299
v 0.1667 14.7944 0.3547
v 0.2419 14.7877 0.2815
v 0.2496 14.7826 0.2742
v 0.2188 14.7909 0.3107
v 0.2395 14.7736 0.2717
v 0.2122 14.7721 0.2883
v 0.0726 14.7972 0.4046
v 0.0932 14.7971 0.3991
v 0.1419 14.7966 0.3740
v 0.0552 14.7698 0.4108
v 0.0960 14.7745 0.3923
v 0.1800 14.7718 0.3120
v 0.0181 14.7969 0.4071
v 0.0432 14.7966 0.4068
v 0.1935 14.8149 0.3145
v 0.1564 14.8206 0.3398
v 0.2469 14.7954 0.2637
v 0.2560 14.7845 0.2579
v 0.2095 14.8109 0.2955
v 0.2293 14.7576 0.2598
v 0.2008 14.7497 0.2715
v 0.0641 14.8322 0.3967
v 0.0863 14.8308 0.3850
v 0.1293 14.8284 0.3605
v 0.0638 14.7555 0.3884
v 0.1087 14.7590 0.3666
v 0.1714 14.7527 0.2911
v 0.0156 14.8231 0.4045
v 0.0386 14.8286 0.4017
v 0.1866 14.8551 0.3132
v 0.1537 14.8648 0.3366
v 0.2483 14.8145 0.2567
v 0.2608 14.7882 0.2460
v 0.2064 14.8473 0.2940
v 0.2287 14.7320 0.2521
v 0.1979 14.7189 0.2677
v 0.0613 14.8755 0.3971
v 0.0826 14.8764 0.3845
v 0.1253 14.8723 0.3596
v 0.0618 14.7130 0.3855
v 0.1158 14.7205 0.3544
v 0.1658 14.7184 0.2919
v 0.0153 14.8707 0.4056
v 0.0370 14.8727 0.4035
v 0.1817 14.8951 0.3095
v 0.1462 14.9036 0.3341
v 0.2529 14.8354 0.2470
v 0.2661 14.7934 0.2344
v 0.2044 14.8842 0.2898
v 0.2283 14.7138 0.2440
v 0.1950 14.6948 0.2620
v 0.0583 14.9207 0.3919
v 0.0785 14.9199 0.3805
v 0.1234 14.9162 0.3538
v 0.0588 14.6752 0.3786
v 0.1181 14.6814 0.3421
v 0.1605 14.6886 0.2879
v 0.0150 14.9146 0.4001
v 0.0355 14.9187 0.3976
v 0.1820 14.9427 0.2920
v 0.1482 14.9576 0.3132
v 0.2650 14.8616 0.2276
v 0.2779 14.7991 0.2130
v 0.2082 14.9280 0.2733
v 0.2324 14.6875 0.2204
v 0.1967 14.6581 0.2377
v 0.0576 14.9763 0.3675
v 0.0787 14.9764 0.3569
v 0.1220 14.9680 0.3262
v 0.0453 14.6190 0.3315
v 0.1245 14.6293 0.2919
v 0.1598 14.6432 0.2587
v 0.0139 14.9663 0.3734
v 0.0325 14.9725 0.3725
v 0.1958 15.0060 0.2307
v 0.1605 15.0262 0.2409
v 0.2915 14.8925 0.1801
v 0.3041 14.8117 0.1668
v 0.2273 14.9848 0.2178
v 0.2526 14.6666 0.1677
v 0.2110 14.6250 0.1799
v 0.0589 15.0541 0.2802
v 0.0864 15.0529 0.2727
v 0.1317 15.0393 0.2510
v 0.0609 14.5682 0.2474
v 0.1239 14.5915 0.2228
v 0.1707 14.6012 0.1952
v 0.0117 15.0404 0.2853
v 0.0341 15.0491 0.2842
v 0.2107 15.0665 0.1157
v 0.1826 15.0841 0.1175
v 0.3168 14.9214 0.0757
v 0.3265 14.8266 0.0656
v 0.2453 15.0415 0.1117
v 0.2722 14.6567 0.0627
v 0.2319 14.6327 0.0625
v 0.0670 15.1278 0.1347
v 0.0955 15.1258 0.1315
v 0.1498 15.1014 0.1222
v 0.0629 14.5626 0.0851
v 0.1384 14.5817 0.0787
v 0.1914 14.6083 0.0701
v 0.0131 15.1099 0.1403
v 0.0399 15.1216 0.1377
v 0.2536 15.1010 -0.0734
v 0.2237 15.1201 -0.0729
v 0.3579 14.9500 -0.0884
v 0.3636 14.8422 -0.0974
v 0.2892 15.0740 -0.0759
v 0.2959 14.6566 -0.0838
v 0.2528 14.6334 -0.0935
v 0.0861 15.1613 -0.0689
v 0.1223 15.1614 -0.0696
v 0.1889 15.1345 -0.0746
v 0.0741 14.5760 -0.0787
v 0.1495 14.5901 -0.0837
v 0.2122 14.6037 -0.0907
v 0.0145 15.1389 -0.0616
v 0.0501 15.1529 -0.0662
v 0.2481 15.0665 -0.2734
v 0.2153 15.0870 -0.2721
v 0.3602 14.9201 -0.2900
v 0.3507 14.8321 -0.2930
v 0.2866 15.0367 -0.2767
v 0.2980 14.6579 -0.2770
v 0.2775 14.5591 -0.2951
v 0.0834 15.1235 -0.2691
v 0.1179 15.1231 -0.2702
v 0.1814 15.0984 -0.2752
v 0.0824 14.4056 -0.4161
v 0.1707 14.4429 -0.3882
v 0.2452 14.4900 -0.3528
v 0.0160 15.1077 -0.2548
v 0.0501 15.1176 -0.2656
v 0.2162 14.9689 -0.4436
v 0.1812 14.9834 -0.4386
v 0.3223 14.8676 -0.4667
v 0.3085 14.8116 -0.4884
v 0.2557 14.9478 -0.4507
v 0.2150 14.6903 -0.4975
v 0.2076 14.6042 -0.4967
v 0.0687 15.0085 -0.4312
v 0.0933 15.0082 -0.4321
v 0.1460 14.9887 -0.4271
v 0.0649 14.4842 -0.4849
v 0.1129 14.5063 -0.4915
v 0.1663 14.5451 -0.4897
v 0.0169 14.9972 -0.4220
v 0.0378 15.0039 -0.4282
v 0.1512 14.8434 -0.5284
v 0.1411 14.8643 -0.5311
v 0.2283 14.8163 -0.5394
v 0.2120 14.7812 -0.5358
v 0.1668 14.8368 -0.5304
v 0.1665 14.7348 -0.5302
v 0.1497 14.7167 -0.5262
v 0.0521 14.8713 -0.5304
v 0.0733 14.8557 -0.5274
v 0.1141 14.8712 -0.5323
v 0.0445 14.6858 -0.5252
v 0.0824 14.6974 -0.5209
v 0.1233 14.7002 -0.5301
v 0.0174 14.8516 -0.5121
v 0.0315 14.8686 -0.5285
v 0.2815 14.8320 0.3266
v 0.3065 14.7720 0.2974
v 0.2584 15.8626 0.3582
v 0.3541 15.8356 0.3032
v 0.4513 15.7983 0.2392
v 0.5313 15.7487 0.1623
v 0.6451 15.5331 -0.0577
v 0.6617 15.4498 -0.0961
v 0.6221 15.6134 -0.0003
v 0.5861 15.6839 0.0789
v 0.1923 14.6400 0.3404
v 0.1292 14.6148 0.3679
v 0.0537 14.5987 0.3838
v 0.3026 14.7437 0.2932
v 0.0638 14.3356 0.2413
v 0.1443 14.3545 0.2185
v 0.1309 14.5791 0.3642
v 0.2693 14.6935 0.3042
v 0.2374 14.6689 0.3222
v 0.0584 14.5621 0.3869
v 0.1941 14.6029 0.3297
v 0.5552 14.8186 -0.0504
v 0.6007 14.8938 -0.1200
v 0.5091 14.6783 -0.0573
v 0.5729 14.9063 -0.4929
v 0.5527 14.7467 -0.3184
v 0.5123 14.6593 -0.2334
v 0.4745 14.5997 -0.1613
v 0.4429 14.5556 -0.0984
v 0.3558 14.4674 0.0111
v 0.0590 14.3351 0.1870
v 0.4884 14.7208 -0.4745
v 0.1377 14.3533 0.1582
v 0.5059 14.7727 -0.5633
v 0.4489 14.6605 -0.5083
v 0.4674 14.6957 -0.5932
v 0.4069 14.5514 -0.5565
v 0.4411 14.5947 -0.6318
v 0.4071 14.4156 -0.6156
v 0.4329 14.4661 -0.6825
v 0.4192 14.2637 -0.6877
v 0.4327 14.2898 -0.7611
v 0.4582 14.0978 -0.7691
v 0.4828 14.1345 -0.8439
v 0.5318 13.9615 -0.8392
v 0.5447 13.9738 -0.9140
v 0.4310 14.6006 -0.3235
v 0.4631 14.6579 -0.3933
v 0.3857 14.5578 -0.3869
v 0.4192 14.6016 -0.4412
v 0.3416 14.4813 -0.4624
v 0.3742 14.5253 -0.5137
v 0.3353 14.3505 -0.5260
v 0.3792 14.3808 -0.5584
v 0.3704 14.2085 -0.5645
v 0.3945 14.2344 -0.6216
v 0.4082 14.0616 -0.6335
v 0.4395 14.0787 -0.6980
v 0.4802 13.9289 -0.7084
v 0.5021 13.9406 -0.7659
v 0.4001 14.5582 -0.2634
v 0.2934 14.3236 -0.5008
v 0.3305 14.1840 -0.5272
v 0.3735 14.0390 -0.5752
v 0.4484 13.9026 -0.6365
v 0.0562 14.3420 0.0328
v 0.1238 14.3645 -0.0020
v 0.3135 14.4543 -0.1161
v 0.0520 14.3467 -0.0887
v 0.1103 14.3613 -0.1150
v 0.2707 14.4442 -0.2182
v 0.0378 14.3321 -0.2509
v 0.0815 14.3402 -0.2661
v 0.2164 14.3722 -0.3413
v 0.0286 14.2405 -0.3549
v 0.1529 14.2542 -0.3961
v 0.0653 14.2440 -0.3661
v 0.1805 13.8180 -0.3989
v 0.1924 14.2695 -0.4235
v 0.0339 14.1009 -0.3912
v 0.1589 14.1277 -0.4456
v 0.0733 14.1032 -0.4007
v 0.1375 13.9718 -0.4339
v 0.2048 14.1373 -0.4637
v 0.0466 13.9509 -0.4102
v 0.1924 13.9783 -0.4426
v 0.0918 13.9555 -0.4143
v 0.1142 14.1129 -0.4183
v 0.2482 13.9911 -0.4627
v 0.0575 13.7986 -0.4042
v 0.2462 13.8343 -0.4212
v 0.1157 13.8134 -0.4074
v 0.1098 14.2463 -0.3762
v 0.3113 13.8416 -0.4494
v 0.4881 14.7415 -0.7090
v 0.4675 14.6456 -0.7389
v 0.4483 14.5194 -0.7749
v 0.4482 14.3305 -0.8470
v 0.4962 14.1677 -0.9217
v 0.5744 14.0020 -0.9950
v 0.4861 14.7721 -0.8434
v 0.4668 14.6762 -0.8657
v 0.4445 14.5550 -0.8868
v 0.4614 14.3786 -0.9452
v 0.4985 14.2023 -1.0072
v 0.5903 14.0538 -1.0810
v 0.4612 14.7875 -0.9823
v 0.4501 14.6966 -0.9970
v 0.4497 14.5806 -1.0156
v 0.4590 14.4163 -1.0505
v 0.4897 14.2420 -1.1009
v 0.5660 14.0867 -1.1635
v 0.4265 14.7976 -1.1068
v 0.4218 14.7144 -1.1131
v 0.4175 14.6008 -1.1248
v 0.4217 14.4495 -1.1455
v 0.4460 14.2706 -1.1844
v 0.5111 14.1100 -1.2486
v 0.3563 14.8100 -1.1852
v 0.3475 14.7292 -1.1846
v 0.3433 14.6156 -1.1885
v 0.3438 14.4592 -1.2048
v 0.3453 14.2736 -1.2434
v 0.4087 14.1200 -1.3067
v 0.2494 14.8264 -1.2253
v 0.2393 14.7454 -1.2138
v 0.2339 14.6367 -1.2096
v 0.2362 14.4755 -1.2230
v 0.2494 14.2748 -1.2676
v 0.3024 14.1235 -1.3389
v 0.7020 15.2259 -0.3710
v 0.7402 15.6694 -0.6832
v 0.5408 16.2844 -1.0393
v 0.4443 16.3821 -1.0962
v 0.7313 15.8995 -0.8059
v 0.6888 16.0250 -0.8776
v 0.7329 15.5748 -0.6454
v 0.6705 15.0053 -0.4170
v 0.7011 15.3427 -0.3066
v 0.6982 15.2331 -0.3218
v 0.6663 15.0137 -0.3367
v 0.6964 15.4621 -0.2839
v 0.6848 15.5880 -0.2418
v 0.7342 15.6096 -0.5749
v 0.7278 15.5415 -0.7004
v 0.7068 15.4709 -0.7514
v 0.6488 15.2609 -0.7596
v 0.6660 15.3220 -0.7676
v 0.6385 16.2734 -0.7231
v 0.4362 16.5253 -0.7858
v 0.5444 16.4135 -0.7567
v 0.3856 16.4970 -0.1756
v 0.5636 14.9392 -0.5834
v 0.5103 14.8198 -0.6743
v 0.5104 14.8656 -0.8148
v 0.4767 14.8632 -0.9774
v 0.4283 14.8658 -1.1020
v 0.3500 14.8774 -1.1916
v 0.2538 14.8893 -1.2327
v 0.3553 14.4837 0.0563
v 0.4581 14.5821 -0.0497
v 0.5005 14.6370 -0.1106
v 0.5378 14.6938 -0.1907
v 0.5796 14.7803 -0.2736
v 0.3415 15.7481 0.3216
v 0.2912 14.6604 0.2833
v 0.2483 14.6306 0.3037
v 0.0374 15.1687 0.5437
v 0.2948 14.9094 0.3285
v 0.5352 15.2645 0.1811
v 0.5630 15.2312 0.1508
v 0.4860 15.3182 0.2141
v 0.5093 15.3502 0.1906
v 0.4706 15.2623 0.2388
v 0.5080 15.2939 0.2009
v 0.1678 15.2506 0.3555
v 0.4110 15.2453 0.2873
v 0.1176 15.3526 0.3418
v 0.6320 14.9822 -0.1663
v 0.6072 14.8681 -0.4030
v 0.6364 14.8895 -0.3323
v 0.2158 14.3828 0.1174
v 0.2231 14.3988 0.2034
v 0.4562 14.6159 0.0005
v 0.2907 14.4505 0.1490
v 0.3521 14.5018 0.0952
v 0.1472 14.3602 0.2456
v 0.0649 14.3423 0.2656
v 0.2920 14.4253 0.0635
v 0.2224 14.3900 0.1700
v 0.2946 14.4364 0.1121
v 0.2619 14.4254 -0.0757
v 0.2275 14.4200 -0.1829
v 0.1720 14.3887 -0.1469
v 0.1967 14.3937 -0.0365
v 0.3749 14.5237 -0.2094
v 0.2637 14.3073 -0.4796
v 0.2936 14.1645 -0.5032
v 0.3469 14.0192 -0.5162
v 0.4031 13.8804 -0.5768
v 0.6525 14.9907 -0.5045
v 0.5637 14.9821 -0.6552
v 0.6041 15.1874 -0.7994
v 0.5529 15.1728 -0.9624
v 0.5109 15.1663 -1.0682
v 0.4538 15.1710 -1.1726
v 0.3779 15.1733 -1.2567
v 0.2851 15.1617 -1.3135
v 0.6253 15.2584 -0.8228
v 0.5724 15.2715 -0.9881
v 0.5306 15.2783 -1.0940
v 0.4702 15.2886 -1.2006
v 0.3952 15.2964 -1.2902
v 0.3079 15.2932 -1.3590
v 0.6503 15.3332 -0.8351
v 0.6032 15.3801 -1.0250
v 0.5546 15.3997 -1.1292
v 0.4910 15.4174 -1.2345
v 0.4148 15.4323 -1.3302
v 0.3265 15.4360 -1.4027
v 0.7026 15.5195 -0.8135
v 0.6513 15.6107 -1.0268
v 0.5991 15.6580 -1.1448
v 0.5283 15.6991 -1.2528
v 0.4468 15.7323 -1.3580
v 0.3544 15.7589 -1.4291
v 0.7290 15.6181 -0.7575
v 0.7087 15.8092 -0.9182
v 0.6615 15.9125 -1.0151
v 0.5987 16.0146 -1.1194
v 0.5124 16.1122 -1.2378
v 0.4048 16.1786 -1.3009
v 0.4128 16.5588 -0.4353
v 0.5333 16.4505 -0.4533
v 0.5129 16.4117 -0.2198
v 0.6467 15.9981 -0.0894
v 0.6326 16.3096 -0.4778
v 0.7073 16.1454 -0.5056
v 0.5609 16.1104 0.0083
v 0.7067 16.1181 -0.6924
v 0.7443 15.9669 -0.6568
v 0.7429 15.7070 -0.5945
v 0.4425 16.1901 0.0954
v 0.3127 16.2454 0.1653
v 0.1595 16.1655 0.2816
v 0.0616 16.1777 0.2914
v 0.6920 16.1292 -0.3528
v 0.6182 16.2863 -0.2830
v 0.7407 15.9824 -0.5212
v 0.7306 15.9750 -0.4058
v 0.0550 14.3336 0.1189
v 0.1310 14.3542 0.0875
v 0.5362 14.8833 -0.6243
v 0.2054 14.3842 0.0505
v 0.2808 14.4215 0.0011
v 0.3390 14.4590 -0.0468
v 0.5406 14.8365 -0.5292
v 0.5394 14.7820 -0.4413
v 0.5099 14.7018 -0.3570
v 0.4398 14.5803 -0.2093
v 0.4087 14.5386 -0.1494
v 0.4738 14.6316 -0.2774
v 0.5402 14.9313 -0.7161
v 0.5853 15.1750 -0.8700
v 0.6092 15.2640 -0.9026
v 0.6409 15.3520 -0.9267
v 0.6920 15.5676 -0.9113
v 0.7314 15.7085 -0.8298
v 0.7521 15.8226 -0.6188
v 0.5975 16.2283 -0.1424
v 0.6769 16.0913 -0.2357
v 0.7222 15.9525 -0.3111
v 0.4851 16.3354 -0.0581
v 0.0651 16.2915 0.2149
v 0.3535 16.4015 0.0024
v 0.0900 14.1169 -1.3310
v 0.0540 14.8526 -1.2350
v 0.0490 14.7681 -1.2161
v 0.0941 16.4425 0.0624
v 0.1497 16.2362 -1.3532
v 0.1260 15.7958 -1.4869
v 0.0559 14.9208 -1.2471
v 0.1519 16.6447 -0.4071
v 0.1747 16.6251 -0.7923
v 0.1159 15.4285 -1.4709
v 0.1020 15.2830 -1.4202
v 0.0762 15.1586 -1.3533
v 0.1196 16.5650 -0.1299
v 0.0475 14.4929 -1.2058
v 0.0461 14.6541 -1.1947
v 0.0683 14.2796 -1.2646
v 0.3554 14.5201 -0.3389
v 0.3297 14.4958 -0.2971
v 0.3058 14.4386 -0.4369
v 0.2751 14.4140 -0.4024
v 0.1765 14.3584 -0.3165
v 0.1323 14.3475 -0.2860
v 0.1479 14.8437 -1.2321
v 0.1587 14.2830 -1.2924
v 0.2386 16.5463 -0.1389
v 0.1519 14.9077 -1.2432
v 0.1794 15.1615 -1.3453
v 0.1372 14.6446 -1.2094
v 0.1910 14.1192 -1.3327
v 0.2429 15.7803 -1.4702
v 0.2265 15.4303 -1.4538
v 0.2090 15.2868 -1.4046
v 0.2790 16.2175 -1.3398
v 0.3019 16.5919 -0.7939
v 0.1387 14.4808 -1.2204
v 0.2708 16.6218 -0.4118
v 0.1409 14.7609 -1.2176
v 0.2057 16.4291 0.0474
v 0.3487 15.4994 0.2893
v 0.3114 15.4992 0.2976
v 0.3806 15.4924 0.2763
v 0.4067 15.4835 0.2606
v 0.4238 15.4764 0.2479
v 0.4297 15.4682 0.2440
v 0.4340 15.4607 0.2412
v 0.4350 15.4551 0.2392
v 0.4342 15.4506 0.2389
v 0.4316 15.4426 0.2415
v 0.4202 15.4352 0.2515
v 0.4009 15.4254 0.2651
v 0.3807 15.4169 0.2755
v 0.3497 15.4104 0.2880
v 0.3109 15.4091 0.2932
v 0.2760 15.4118 0.2882
v 0.2438 15.4172 0.2803
v 0.2178 15.4247 0.2679
v 0.2720 15.4919 0.2963
v 0.2353 15.4773 0.2852
v 0.2194 15.4628 0.2754
v 0.2087 15.4488 0.2700
v 0.2030 15.4427 0.2693
v 0.2030 15.4359 0.2678
v 0.2108 15.4301 0.2664
v 0.2139 15.4559 0.2728
v 0.3508 15.4931 0.2620
v 0.3141 15.4926 0.2684
v 0.3846 15.4885 0.2526
v 0.4066 15.4846 0.2403
v 0.4217 15.4760 0.2281
v 0.4280 15.4695 0.2222
v 0.4322 15.4619 0.2157
v 0.4335 15.4553 0.2112
v 0.4338 15.4492 0.2085
v 0.4347 15.4444 0.2081
v 0.4254 15.4338 0.2190
v 0.4017 15.4242 0.2366
v 0.3807 15.4195 0.2466
v 0.3528 15.4144 0.2557
v 0.3103 15.4143 0.2614
v 0.2774 15.4163 0.2576
v 0.2404 15.4222 0.2474
v 0.2222 15.4251 0.2425
v 0.2706 15.4860 0.2660
v 0.2354 15.4764 0.2577
v 0.2178 15.4664 0.2484
v 0.2096 15.4503 0.2466
v 0.2048 15.4430 0.2460
v 0.2036 15.4391 0.2459
v 0.2081 15.4326 0.2449
v 0.2146 15.4580 0.2465
v 0.3512 15.5424 0.2645
v 0.3087 15.5427 0.2713
v 0.3865 15.5330 0.2531
v 0.4121 15.5198 0.2407
v 0.4298 15.5043 0.2293
v 0.4407 15.4894 0.2212
v 0.4476 15.4747 0.2149
v 0.4513 15.4607 0.2108
v 0.4524 15.4470 0.2092
v 0.4510 15.4341 0.2104
v 0.4383 15.4082 0.2232
v 0.4200 15.3896 0.2373
v 0.3939 15.3726 0.2510
v 0.3555 15.3594 0.2632
v 0.3018 15.3558 0.2692
v 0.2597 15.3625 0.2647
v 0.2294 15.3733 0.2557
v 0.1983 15.3938 0.2409
v 0.2632 15.5316 0.2708
v 0.2253 15.5119 0.2624
v 0.2005 15.4904 0.2511
v 0.1794 15.4550 0.2329
v 0.1765 15.4407 0.2274
v 0.1776 15.4273 0.2276
v 0.1838 15.4114 0.2316
v 0.1867 15.4712 0.2414
v 0.3512 15.5778 0.2269
v 0.3044 15.5804 0.2332
v 0.3895 15.5644 0.2174
v 0.4180 15.5456 0.2069
v 0.4377 15.5249 0.1969
v 0.4504 15.5046 0.1888
v 0.4582 15.4850 0.1825
v 0.4623 15.4660 0.1784
v 0.4634 15.4469 0.1767
v 0.4617 15.4287 0.1779
v 0.4495 15.3937 0.1879
v 0.4325 15.3689 0.1985
v 0.4042 15.3439 0.2104
v 0.3603 15.3236 0.2221
v 0.3007 15.3174 0.2279
v 0.2524 15.3276 0.2250
v 0.2209 15.3431 0.2188
v 0.1864 15.3745 0.2085
v 0.2545 15.5681 0.2338
v 0.2124 15.5426 0.2283
v 0.1849 15.5125 0.2195
v 0.1640 15.4613 0.2077
v 0.1625 15.4411 0.2060
v 0.1645 15.4216 0.2040
v 0.1717 15.3992 0.2036
v 0.1703 15.4848 0.2115
v 0.3484 15.5975 0.1867
v 0.3004 15.6012 0.1911
v 0.3879 15.5827 0.1801
v 0.4177 15.5618 0.1722
v 0.4388 15.5386 0.1643
v 0.4527 15.5152 0.1573
v 0.4614 15.4924 0.1517
v 0.4660 15.4697 0.1478
v 0.4672 15.4469 0.1460
v 0.4652 15.4251 0.1462
v 0.4528 15.3852 0.1523
v 0.4360 15.3576 0.1593
v 0.4069 15.3289 0.1682
v 0.3611 15.3051 0.1771
v 0.2991 15.2977 0.1830
v 0.2495 15.3093 0.1830
v 0.2176 15.3266 0.1804
v 0.1809 15.3629 0.1757
v 0.2496 15.5891 0.1920
v 0.2060 15.5620 0.1890
v 0.1768 15.5279 0.1842
v 0.1547 15.4669 0.1761
v 0.1536 15.4425 0.1739
v 0.1564 15.4191 0.1728
v 0.1647 15.3921 0.1736
v 0.1612 15.4951 0.1795
v 0.3444 15.6046 0.1550
v 0.2975 15.6080 0.1579
v 0.3837 15.5901 0.1503
v 0.4139 15.5692 0.1446
v 0.4357 15.5455 0.1385
v 0.4505 15.5210 0.1329
v 0.4598 15.4966 0.1281
v 0.4648 15.4720 0.1246
v 0.4660 15.4471 0.1226
v 0.4637 15.4237 0.1222
v 0.4508 15.3823 0.1255
v 0.4340 15.3542 0.1297
v 0.4050 15.3248 0.1356
v 0.3592 15.3003 0.1422
v 0.2976 15.2926 0.1482
v 0.2489 15.3040 0.1505
v 0.2176 15.3211 0.1506
v 0.1801 15.3582 0.1498
v 0.2482 15.5962 0.1586
v 0.2055 15.5700 0.1575
v 0.1758 15.5360 0.1555
v 0.1518 15.4713 0.1519
v 0.1505 15.4445 0.1506
v 0.1536 15.4187 0.1499
v 0.1627 15.3893 0.1496
v 0.1591 15.5018 0.1535
v 0.3403 15.6055 0.1303
v 0.1505 15.4470 0.1321
v 0.3788 15.5920 0.1273
v 0.1779 15.5397 0.1329
v 0.4312 15.5485 0.1186
v 0.4465 15.5239 0.1143
v 0.4616 15.4737 0.1072
v 0.4628 15.4480 0.1051
v 0.2484 15.3049 0.1260
v 0.4472 15.3829 0.1052
v 0.4305 15.3553 0.1072
v 0.4017 15.3261 0.1106
v 0.3563 15.3018 0.1156
v 0.2959 15.2939 0.1216
v 0.4603 15.4241 0.1042
v 0.2180 15.3213 0.1280
v 0.1807 15.3579 0.1295
v 0.4563 15.4990 0.1104
v 0.2073 15.5721 0.1331
v 0.2481 15.5968 0.1330
v 0.4090 15.5719 0.1232
v 0.1524 15.4750 0.1324
v 0.2951 15.6082 0.1322
v 0.1536 15.4199 0.1315
v 0.1629 15.3895 0.1303
v 0.1605 15.5061 0.1327
v 0.3362 15.6030 0.1080
v 0.1527 15.4498 0.1143
v 0.3733 15.5908 0.1060
v 0.1819 15.5409 0.1123
v 0.4254 15.5493 0.1001
v 0.4411 15.5253 0.0971
v 0.4566 15.4755 0.0908
v 0.4579 15.4497 0.0884
v 0.2480 15.3095 0.1032
v 0.4422 15.3860 0.0863
v 0.4256 15.3592 0.0863
v 0.3971 15.3307 0.0878
v 0.3526 15.3071 0.0913
v 0.2940 15.2993 0.0973
v 0.4554 15.4259 0.0874
v 0.2186 15.3250 0.1071
v 0.1823 15.3604 0.1103
v 0.4511 15.5008 0.0938
v 0.2102 15.5709 0.1114
v 0.2488 15.5938 0.1100
v 0.4030 15.5720 0.1033
v 0.1552 15.4781 0.1139
v 0.2931 15.6049 0.1091
v 0.1553 15.4224 0.1138
v 0.1645 15.3920 0.1120
v 0.1642 15.5089 0.1132
v 0.3320 15.5966 0.0850
v 0.1578 15.4527 0.0938
v 0.3666 15.5861 0.0837
v 0.1883 15.5396 0.0901
v 0.4173 15.5477 0.0796
v 0.4330 15.5249 0.0777
v 0.4483 15.4774 0.0720
v 0.4495 15.4521 0.0695
v 0.2488 15.3184 0.0785
v 0.4343 15.3914 0.0657
v 0.4178 15.3662 0.0640
v 0.3899 15.3391 0.0640
v 0.3477 15.3171 0.0662
v 0.2927 15.3095 0.0717
v 0.4472 15.4290 0.0682
v 0.2207 15.3324 0.0838
v 0.1859 15.3659 0.0885
v 0.4430 15.5017 0.0753
v 0.2148 15.5664 0.0883
v 0.2506 15.5870 0.0862
v 0.3950 15.5690 0.0817
v 0.1611 15.4802 0.0927
v 0.2919 15.5975 0.0852
v 0.1599 15.4262 0.0933
v 0.1688 15.3967 0.0908
v 0.1708 15.5099 0.0914
v 0.3278 15.5833 0.0576
v 0.1699 15.4556 0.0658
v 0.3580 15.5748 0.0570
v 0.2004 15.5341 0.0621
v 0.4042 15.5410 0.0537
v 0.4192 15.5209 0.0529
v 0.4329 15.4780 0.0476
v 0.4339 15.4546 0.0452
v 0.2537 15.3344 0.0494
v 0.4199 15.4000 0.0412
v 0.4041 15.3779 0.0386
v 0.3784 15.3540 0.0376
v 0.3412 15.3348 0.0391
v 0.2931 15.3278 0.0432
v 0.4320 15.4334 0.0441
v 0.2277 15.3459 0.0552
v 0.1958 15.3759 0.0598
v 0.4284 15.5002 0.0509
v 0.2241 15.5568 0.0604
v 0.2558 15.5741 0.0580
v 0.3834 15.5600 0.0552
v 0.1740 15.4809 0.0644
v 0.2925 15.5834 0.0573
v 0.1715 15.4314 0.0653
v 0.1799 15.4043 0.0623
v 0.1840 15.5080 0.0630
v 0.3378 15.4097 -0.0082
v 0.3306 15.3987 -0.0058
v 0.3237 15.3885 -0.0029
v 0.3037 15.3854 -0.0022
v 0.3452 15.4411 -0.0116
v 0.2869 15.3994 -0.0062
v 0.2758 15.4167 -0.0091
v 0.3431 15.4832 -0.0091
v 0.2835 15.5168 0.0005
v 0.2934 15.5251 0.0031
v 0.3289 15.5176 0.0000
v 0.2654 15.4777 -0.0078
v 0.3025 15.5323 0.0066
v 0.2638 15.4478 -0.0097
v 0.2684 15.4321 -0.0100
v 0.2699 15.4926 -0.0055
v 0.3455 15.4295 -0.0105
v 0.2816 15.4067 -0.0076
v 0.2344 15.3790 0.0219
v 0.3983 15.4254 0.0139
v 0.2137 15.5009 0.0257
v 0.2091 15.4164 0.0237
v 0.2016 15.4385 0.0260
v 0.2965 15.5578 0.0260
v 0.2047 15.4791 0.0260
v 0.3634 15.5402 0.0234
v 0.2694 15.5504 0.0255
v 0.2454 15.5380 0.0261
v 0.3989 15.4933 0.0191
v 0.2221 15.3934 0.0225
v 0.2475 15.3699 0.0204
v 0.4014 15.4389 0.0141
v 0.2971 15.3576 0.0145
v 0.3329 15.3631 0.0123
v 0.3595 15.3777 0.0110
v 0.3790 15.3957 0.0111
v 0.3918 15.4123 0.0129
v 0.2679 15.3620 0.0173
v 0.4026 15.4562 0.0147
v 0.4020 15.4753 0.0166
v 2.2172 13.4651 -0.8438
v 2.0698 13.4155 -0.5426
v 1.8990 13.3727 -0.4546
v 1.5915 13.2756 -0.3063
v 1.4686 13.1894 -0.2651
v 1.3826 13.0845 -0.2265
v 1.3219 12.9905 -0.1785
v 1.2747 12.8852 -0.1147
v 1.2330 12.7599 -0.0411
v 1.1837 12.6250 0.0456
v 1.7690 13.5219 -0.3998
v 1.9357 13.5703 -0.4921
v 2.0885 13.6112 -0.8362
v 1.4565 13.3921 -0.2430
v 1.3256 13.2988 -0.1908
v 1.2232 13.1906 -0.1410
v 1.1491 13.0897 -0.0837
v 1.0991 12.9840 -0.0113
v 1.0615 12.8603 0.0554
v 1.0233 12.7253 0.1222
v 1.5842 13.6573 -0.3728
v 1.7436 13.7479 -0.4791
v 1.8529 13.8074 -0.8317
v 1.2589 13.4722 -0.2104
v 1.0963 13.3686 -0.1454
v 0.9875 13.2555 -0.0856
v 0.9082 13.1508 -0.0249
v 0.8448 13.0426 0.0427
v 0.8051 12.9233 0.0987
v 0.7666 12.7822 0.1625
v 1.3198 13.7098 -0.3760
v 1.4147 13.7966 -0.5023
v 1.5132 13.8957 -0.8361
v 1.0064 13.5164 -0.2057
v 0.7773 13.4056 -0.1300
v 0.7189 13.2671 -0.0587
v 0.6663 13.1558 0.0031
v 0.6162 13.0378 0.0545
v 0.5856 12.9344 0.1004
v 0.5546 12.7822 0.1648
v 1.0353 13.7049 -0.4411
v 1.1027 13.7538 -0.5693
v 1.1767 13.8133 -0.8475
v 0.7813 13.5789 -0.2577
v 0.6124 13.5244 -0.1815
v 2.4127 13.1741 -0.8584
v 2.2644 13.1326 -0.6074
v 2.1009 13.0888 -0.5456
v 1.7773 13.0081 -0.5323
v 1.6511 12.9482 -0.5772
v 1.5485 12.8698 -0.5890
v 1.4739 12.7821 -0.5747
v 1.4139 12.6760 -0.5383
v 1.3505 12.5452 -0.4825
v 1.2720 12.3760 -0.4104
v 2.5310 12.9696 -0.8539
v 2.3714 12.9581 -0.6033
v 2.2096 12.9118 -0.5423
v 1.8841 12.8591 -0.6236
v 1.7643 12.8126 -0.7750
v 1.7209 12.7388 -0.9275
v 1.5235 12.6841 -0.9054
v 1.4857 12.5969 -0.8901
v 1.4538 12.4733 -0.8660
v 1.4227 12.2969 -0.8338
v 2.5988 12.8465 -0.8653
v 2.4517 12.8306 -0.5988
v 2.2896 12.7893 -0.5320
v 2.0070 12.7040 -0.6305
v 1.8854 12.6717 -0.7792
v 1.8107 12.6406 -0.9391
v 2.2975 13.3567 -0.8507
v 2.1700 13.3047 -0.5658
v 1.9938 13.2604 -0.4971
v 1.6844 13.1656 -0.3816
v 1.5712 13.0894 -0.3584
v 1.4871 12.9924 -0.3336
v 1.4185 12.9034 -0.2960
v 1.3588 12.8026 -0.2406
v 1.2994 12.6814 -0.1653
v 1.2372 12.5258 -0.0622
v 2.4795 13.0813 -0.8539
v 2.3071 13.0496 -0.6134
v 2.1469 13.0108 -0.5511
v 1.8164 12.9493 -0.5967
v 1.6775 12.8727 -0.7229
v 1.5653 12.8109 -0.7416
v 1.4966 12.7371 -0.7348
v 1.4473 12.6373 -0.7087
v 1.4014 12.5035 -0.6652
v 1.3602 12.3194 -0.6098
v 2.1812 13.4530 -0.6722
v 2.0454 13.6006 -0.6527
v 1.8279 13.7973 -0.6482
v 1.4854 13.8685 -0.6693
v 1.1458 13.7957 -0.7136
v 2.3698 13.1627 -0.7200
v 2.4919 12.9759 -0.7226
v 2.5560 12.8492 -0.7206
v 2.2697 13.3417 -0.6920
v 2.4234 13.0755 -0.7245
v 0.3326 13.7037 -0.3601
v 0.2468 13.6834 -0.3210
v 0.5396 13.7532 -0.5993
v 0.6061 13.7895 -0.6724
v 0.6542 13.8192 -0.7561
v 0.3405 13.7674 -1.5630
v 0.1611 13.7494 -1.5217
v 0.5183 13.7780 -1.5506
v 0.7001 13.7896 -1.5168
v 0.8818 13.8181 -1.4530
v 0.4788 13.3552 -0.1098
v 0.0706 12.5643 0.1857
v 0.1128 12.7998 0.0934
v 0.2466 13.4407 -0.1469
v 0.1160 12.9306 0.0404
v 0.1134 13.0932 -0.0319
v 1.0063 13.8233 -1.3782
v 1.1125 13.8436 -1.2985
v 1.1898 13.8645 -1.2026
v 1.2191 13.8614 -1.0899
v 1.2200 13.8618 -0.9686
v 0.9687 13.8472 -0.9424
v 0.9908 13.8725 -1.0432
v 0.9847 13.8884 -1.1375
v 0.9389 13.8853 -1.2253
v 0.8746 13.8967 -1.3096
v 0.7619 13.9156 -1.3950
v 0.5931 13.8968 -1.4705
v 0.4364 13.8942 -1.4960
v 0.1355 13.8763 -1.4598
v 0.2863 13.8894 -1.4918
v 0.2370 14.0075 -1.4154
v 0.1110 14.0000 -1.3978
v 0.3671 14.0103 -1.4267
v 0.4940 14.0071 -1.3992
v 0.6346 14.0128 -1.3239
v 0.7177 13.9944 -1.2397
v 0.7589 13.9636 -1.1557
v 0.1109 13.1985 -0.0702
v 0.7739 13.9355 -1.0711
v 0.7690 13.9202 -0.9849
v 0.7422 13.8875 -0.8985
v 0.2531 13.2146 -0.0643
v 0.2474 13.1064 -0.0283
v 0.2484 13.3206 -0.1096
v 0.4149 13.4673 -0.1618
v 0.1607 13.6735 -0.3101
v 0.4030 13.7101 -0.4400
v 0.6953 13.8478 -0.8196
v 0.5484 13.6119 -0.3808
v 0.2185 13.5610 -0.2082
v 0.4531 13.6009 -0.2798
v 0.3389 13.5811 -0.2234
v 0.7488 13.6849 -0.5601
v 0.8221 13.7213 -0.6373
v 0.8818 13.7717 -0.7440
v 0.9323 13.8189 -0.8436
v 0.0565 13.6405 -0.3376
v 0.1013 13.5383 -0.2228
v 0.1165 13.4239 -0.1487
v 0.1115 13.3032 -0.1130
v 0.2327 12.9677 0.0350
v 0.2101 12.8395 0.0885
v 0.1826 12.6299 0.1718
v 0.3661 12.7424 0.1500
v 0.4027 12.8991 0.0885
v 0.4360 13.0169 0.0383
v 0.4604 13.1249 -0.0137
v 0.4828 13.2309 -0.0548
v 0.3860 13.6398 -1.5978
v 0.1787 13.6162 -1.5665
v 0.5920 13.6595 -1.5827
v 0.7790 13.6805 -1.5520
v 0.9587 13.7091 -1.5029
v 1.1301 13.7414 -1.4446
v 1.2859 13.7887 -1.3740
v 1.4178 13.8367 -1.2725
v 1.5026 13.8927 -1.1415
v 1.5373 13.9098 -0.9910
v 0.3976 13.5076 -1.6182
v 0.1739 13.4840 -1.5905
v 0.6334 13.5374 -1.6114
v 0.8225 13.5609 -1.5951
v 1.0261 13.5965 -1.5562
v 1.2508 13.6445 -1.5076
v 1.4700 13.7089 -1.4421
v 1.6640 13.7567 -1.3354
v 1.8305 13.8060 -1.1906
v 1.8793 13.8141 -1.0114
v 1.3763 13.5047 -1.5559
v 1.2765 13.3322 -1.6044
v 1.2074 13.1729 -1.6242
v 1.1094 12.6851 -1.6467
v 1.0652 12.5510 -1.5856
v 1.0040 12.3983 -1.4928
v 1.0679 13.4632 -1.6038
v 1.0407 13.3092 -1.6433
v 1.0054 13.1534 -1.6785
v 0.8885 12.6998 -1.6179
v 0.8634 12.5601 -1.5806
v 0.8253 12.4107 -1.5211
v 0.8298 13.4241 -1.6307
v 0.8141 13.2775 -1.6587
v 0.7949 13.1300 -1.7073
v 0.6920 12.7144 -1.5572
v 0.6752 12.5764 -1.5442
v 0.6586 12.4194 -1.5217
v 0.6079 13.3874 -1.5919
v 0.5833 13.2424 -1.5692
v 0.5690 13.1011 -1.5849
v 0.5283 12.7160 -1.5852
v 0.5189 12.5785 -1.5686
v 0.5093 12.4236 -1.5448
v 0.3955 13.3682 -1.6297
v 0.3904 13.2191 -1.6214
v 0.3834 13.0794 -1.6288
v 0.3630 12.7133 -1.5882
v 0.3615 12.5792 -1.5724
v 0.3604 12.4256 -1.5463
v 0.1915 13.3470 -1.6107
v 0.1977 13.2016 -1.6197
v 0.1974 13.0569 -1.6164
v 0.1956 12.7193 -1.5788
v 0.2015 12.5935 -1.5623
v 0.2023 12.4228 -1.5381
v 1.6517 13.5948 -1.4790
v 1.8645 13.6233 -1.3668
v 2.0026 13.6272 -1.2068
v 2.0930 13.6127 -1.0252
v 1.8285 13.4803 -1.4725
v 2.0139 13.4923 -1.3651
v 2.1405 13.4869 -1.2098
v 2.2260 13.4753 -1.0290
v 1.6225 13.4211 -1.5343
v 1.4798 13.3059 -1.5663
v 1.5226 13.1267 -1.5324
v 1.4297 12.6567 -1.3973
v 1.3746 12.5084 -1.3603
v 1.3233 12.3662 -1.3169
v 1.9453 13.3645 -1.4465
v 2.1079 13.3770 -1.3468
v 2.2433 13.3743 -1.2068
v 2.3047 13.3712 -1.0251
v 1.7718 13.3226 -1.5031
v 1.6269 13.2399 -1.5287
v 1.3846 13.1666 -1.5759
v 1.5072 12.5534 -1.2373
v 1.4610 12.4504 -1.2190
v 1.4100 12.3254 -1.1894
v 2.0849 13.1419 -1.3980
v 2.2289 13.1741 -1.3155
v 2.3498 13.1842 -1.1804
v 2.4186 13.1845 -1.0177
v 1.9438 13.0959 -1.4486
v 1.8196 13.0274 -1.4703
v 1.5913 12.7082 -1.3230
v 1.5972 12.6527 -1.2141
v 1.5175 12.5571 -1.0725
v 1.4804 12.4503 -1.0591
v 2.1444 13.0317 -1.3900
v 2.2850 13.0595 -1.3025
v 2.4009 13.0772 -1.1761
v 2.4832 13.0871 -1.0202
v 2.0049 12.9912 -1.4402
v 1.8869 12.9428 -1.4512
v 1.6628 12.6819 -1.3014
v 1.6559 12.6473 -1.1991
v 1.6472 12.6902 -1.0652
v 2.2172 12.8965 -1.3737
v 2.3477 12.9356 -1.3033
v 2.4640 12.9625 -1.1833
v 2.5287 12.9695 -1.0206
v 2.0921 12.8612 -1.4055
v 1.9823 12.8326 -1.4164
v 1.7491 12.6243 -1.2837
v 1.7344 12.6037 -1.1811
v 1.7195 12.6593 -1.0656
v 1.5733 12.7412 -0.9103
v 2.3085 12.7467 -1.3656
v 2.4268 12.7898 -1.2957
v 2.5332 12.8291 -1.1785
v 2.5914 12.8426 -1.0206
v 2.1981 12.7053 -1.3994
v 2.1010 12.6764 -1.3899
v 1.8480 12.5313 -1.2580
v 1.8222 12.5082 -1.1770
v 1.8088 12.5853 -1.0537
v 1.6444 12.7708 -0.9098
v 1.5894 12.6778 -1.0703
v 1.5484 12.6326 -1.0731
v 1.5241 12.7028 -1.3521
v 1.7330 13.1442 -1.4950
v 1.5535 12.6201 -1.2282
v 2.2995 13.2804 -1.1911
v 2.3646 13.2769 -1.0198
v 2.1763 13.2770 -1.3337
v 2.0219 13.2536 -1.4194
v 1.8681 13.2126 -1.4722
v 2.0541 13.1692 -0.5279
v 2.2211 13.2097 -0.5893
v 2.3535 13.2587 -0.8556
v 1.4534 12.8364 -0.4284
v 1.5277 12.9266 -0.4546
v 1.6193 13.0115 -0.4624
v 1.7362 13.0721 -0.4597
v 2.3195 13.2426 -0.7085
v 1.2541 12.4652 -0.2102
v 1.3210 12.6167 -0.3121
v 1.3884 12.7344 -0.3816
v 1.7219 12.9535 -1.4644
v 1.7898 12.8910 -1.4368
v 1.8911 12.7974 -1.3961
v 2.0166 12.6490 -1.3828
v 1.6251 13.0639 -1.4979
v 1.4402 12.3051 -1.0389
v 1.1808 12.3869 -1.4201
v 1.2313 12.5386 -1.4775
v 1.2743 12.6829 -1.5217
v 2.6938 12.7095 -0.8662
v 2.5525 12.6726 -0.5868
v 2.4257 12.6194 -0.5304
v 2.1552 12.5069 -0.6214
v 2.0380 12.4800 -0.7512
v 1.9799 12.4492 -0.9172
v 2.6528 12.7005 -0.7102
v 2.4240 12.5870 -1.3520
v 2.5314 12.6424 -1.2860
v 2.6344 12.6838 -1.1670
v 2.6857 12.7032 -1.0132
v 2.3225 12.5367 -1.3929
v 2.2336 12.5002 -1.3858
v 1.9805 12.3963 -1.2444
v 1.9625 12.3869 -1.1580
v 1.9497 12.4201 -1.0498
v 2.1516 12.4665 -1.3800
v 2.7976 12.5654 -0.8409
v 2.6692 12.5114 -0.5758
v 2.5520 12.4282 -0.5283
v 2.3068 12.3285 -0.6152
v 2.2313 12.2795 -0.7447
v 2.1586 12.2396 -0.9157
v 2.7627 12.5531 -0.6787
v 2.5586 12.4219 -1.3480
v 2.6624 12.4810 -1.2723
v 2.7537 12.5310 -1.1519
v 2.7970 12.5560 -0.9967
v 2.4646 12.3702 -1.3893
v 2.3802 12.3284 -1.3822
v 2.1342 12.2097 -1.2330
v 2.1194 12.2112 -1.1504
v 2.1145 12.2087 -1.0532
v 2.2969 12.2865 -1.3738
v 2.9053 12.4347 -0.8095
v 2.7831 12.3435 -0.5572
v 2.6851 12.2500 -0.5140
v 2.4605 12.1413 -0.6179
v 2.3680 12.1165 -0.7439
v 2.3086 12.0742 -0.8961
v 2.8751 12.4146 -0.6582
v 2.7035 12.2756 -1.3268
v 2.7891 12.3352 -1.2470
v 2.8793 12.3837 -1.1232
v 2.9129 12.4145 -0.9597
v 2.6144 12.2169 -1.3712
v 2.5365 12.1785 -1.3666
v 2.3019 12.0609 -1.2115
v 2.2809 12.0500 -1.1383
v 2.2737 12.0412 -1.0386
v 2.4553 12.1351 -1.3586
v 3.0057 12.3121 -0.7789
v 2.8676 12.2118 -0.5413
v 2.7749 12.1336 -0.5141
v 2.5871 11.9838 -0.6140
v 2.5092 11.9435 -0.7405
v 2.4385 11.9168 -0.8861
v 2.9627 12.2890 -0.6403
v 2.8469 12.1457 -1.2872
v 2.9157 12.2057 -1.2027
v 2.9934 12.2604 -1.0714
v 3.0151 12.2897 -0.9206
v 2.7683 12.0902 -1.3375
v 2.6935 12.0451 -1.3437
v 2.4293 11.9199 -1.2067
v 2.4070 11.9063 -1.1377
v 2.3945 11.8949 -1.0314
v 2.6047 12.0057 -1.3354
v 0.8070 12.0113 0.4755
v 0.7866 12.0090 0.4798
v 0.7687 11.9993 0.4844
v 0.7560 11.9839 0.4898
v 0.7505 11.9650 0.4933
v 0.7531 11.9455 0.4959
v 0.7636 11.9284 0.4962
v 0.7804 11.9162 0.4934
v 0.8008 11.9109 0.4890
v 0.8213 11.9132 0.4843
v 0.8392 11.9228 0.4790
v 0.8514 11.9383 0.4751
v 0.8565 11.9572 0.4725
v 0.8538 11.9767 0.4709
v 0.8433 11.9939 0.4711
v 0.8270 12.0060 0.4727
v 0.8061 11.9903 0.4822
v 0.7943 11.9889 0.4849
v 0.7839 11.9833 0.4879
v 0.7765 11.9744 0.4909
v 0.7733 11.9634 0.4931
v 0.7748 11.9520 0.4945
v 0.7809 11.9420 0.4948
v 0.7908 11.9350 0.4940
v 0.8026 11.9319 0.4914
v 0.8146 11.9332 0.4887
v 0.8250 11.9388 0.4852
v 0.8320 11.9478 0.4827
v 0.8349 11.9588 0.4807
v 0.8332 11.9702 0.4796
v 0.8271 11.9801 0.4795
v 0.8177 11.9872 0.4807
v 0.8094 12.0710 0.4562
v 0.7678 12.0662 0.4647
v 0.7312 12.0466 0.4746
v 0.7054 12.0152 0.4847
v 0.6943 11.9767 0.4930
v 0.6996 11.9369 0.4979
v 0.7207 11.9020 0.4977
v 0.7548 11.8773 0.4905
v 0.7961 11.8664 0.4806
v 0.8375 11.8712 0.4685
v 0.8743 11.8908 0.4576
v 0.8999 11.9222 0.4536
v 0.9102 11.9608 0.4498
v 0.9047 12.0005 0.4478
v 0.8834 12.0354 0.4481
v 0.8501 12.0602 0.4508
v 0.7940 12.2051 0.4049
v 0.7068 12.1966 0.4207
v 0.6303 12.1596 0.4389
v 0.5765 12.0998 0.4539
v 0.5543 12.0263 0.4745
v 0.5665 11.9502 0.4887
v 0.6116 11.8832 0.4936
v 0.6838 11.8355 0.4866
v 0.7689 11.8142 0.4587
v 0.8558 11.8228 0.4370
v 0.9266 11.8626 0.4086
v 0.9837 11.9196 0.3915
v 1.0040 11.9932 0.3842
v 0.9919 12.0693 0.3769
v 0.9483 12.1362 0.3878
v 0.8785 12.1839 0.3929
v 0.7709 12.4207 0.3054
v 0.6264 12.4176 0.3166
v 0.4880 12.3506 0.3384
v 0.3900 12.2381 0.3714
v 0.3627 12.1096 0.4102
v 0.3826 11.9873 0.4374
v 0.4471 11.8798 0.4580
v 0.5588 11.7877 0.4527
v 0.7253 11.7523 0.4204
v 0.8685 11.7648 0.3617
v 0.9984 11.8171 0.2860
v 1.0860 11.9196 0.2439
v 1.1016 12.0572 0.2317
v 1.0865 12.1791 0.2547
v 1.0195 12.2865 0.2921
v 0.9090 12.3842 0.3045
v 0.7553 12.5359 0.2509
v 0.5829 12.5216 0.2655
v 0.4250 12.4523 0.2815
v 0.2845 12.3130 0.3135
v 0.2371 12.1567 0.3538
v 0.2661 11.9947 0.3966
v 0.3671 11.8519 0.4359
v 0.4972 11.7561 0.4392
v 0.7051 11.7054 0.3896
v 0.8853 11.7240 0.3135
v 1.0231 11.7893 0.2173
v 1.1370 11.9170 0.1264
v 1.1453 12.0933 0.1270
v 1.1559 12.2896 0.1465
v 1.0689 12.4033 0.2131
v 0.9386 12.4906 0.2473
v 0.7429 12.6790 0.2014
v 0.5626 12.6614 0.2127
v 0.3838 12.5747 0.2228
v 0.1703 12.3915 0.2611
v 0.1233 12.1896 0.3238
v 0.1476 11.9850 0.3851
v 0.2724 11.7991 0.4370
v 0.4507 11.6938 0.4441
v 0.6946 11.6314 0.3856
v 0.9274 11.6424 0.2419
v 1.0618 11.7522 0.1007
v 1.1215 11.9265 -0.0144
v 1.1658 12.1412 0.0087
v 1.1947 12.3765 0.0410
v 1.1355 12.5134 0.1385
v 0.9902 12.6079 0.1885
v 0.8935 12.2735 0.3517
v 0.9839 12.2113 0.3407
v 0.8634 11.7911 0.4072
v 0.7510 11.7820 0.4420
v 0.7822 12.3011 0.3625
v 0.9608 11.8385 0.3537
v 0.6677 12.2900 0.3788
v 1.0256 11.9176 0.3336
v 0.4851 11.9692 0.4712
v 0.4689 12.0682 0.4479
v 0.5676 12.2419 0.3997
v 1.0528 12.0252 0.3129
v 0.5450 11.8819 0.4829
v 0.4980 12.1640 0.4214
v 1.0392 12.1242 0.3131
v 0.6255 11.8147 0.4771
v 0.0662 12.3818 0.2593
v 0.0609 12.1799 0.3248
v 0.0885 11.9706 0.3911
v 0.1421 11.7886 0.4442
v 4.4866 10.0340 1.8796
v 4.5790 9.9412 1.7904
v 4.6047 9.9952 1.8365
v 4.5550 10.0454 1.8760
v 4.5551 10.1409 1.7731
v 4.6165 10.0891 1.7231
v 4.5956 10.0226 1.6850
v 4.4914 10.1238 1.7832
v 4.4692 10.1833 1.6919
v 4.5762 10.0854 1.5810
v 4.5935 10.1424 1.6210
v 4.5400 10.2216 1.6341
v 4.5888 10.1694 1.5734
v 4.5626 10.0778 1.5328
v 4.4587 10.2175 1.6437
v 4.5425 10.1906 1.6831
v 4.4677 10.1123 1.7797
v 4.4646 10.0192 1.8729
v 4.5352 10.0621 1.5124
v 4.5471 10.0686 1.5741
v 4.5572 9.9987 1.6751
v 4.5521 9.9257 1.7774
v 4.4249 10.1940 1.6313
v 4.4414 10.1661 1.6839
v 4.5074 9.8599 2.0743
v 4.5497 9.9050 2.0252
v 4.5043 9.8215 2.0998
v 4.5962 9.7971 2.0183
v 4.5930 9.7662 2.0438
v 4.5384 9.7584 2.1002
v 4.5938 9.8704 1.9947
v 4.5766 9.8954 2.0097
v 4.5514 9.7672 2.1027
v 4.5712 9.8851 2.0137
v 4.5186 9.8178 2.1067
v 4.5932 9.7678 2.0575
v 4.5864 9.8583 2.0013
v 4.5921 9.7969 2.0324
v 4.5182 9.8521 2.0806
v 4.5907 10.0306 1.8613
v 4.6014 10.1245 1.7489
v 4.5745 10.2029 1.6090
v 4.5816 10.1756 1.6572
v 4.5437 9.8910 2.0316
v 4.4583 9.9447 1.7978
v 4.4663 10.0163 1.7189
v 4.4370 10.1072 1.5368
v 4.4397 10.0754 1.6058
v 4.5516 9.9206 2.0137
v 4.4927 9.8832 2.0440
v 4.5886 9.8012 1.9827
v 4.5974 9.8789 1.9851
v 4.5749 9.7710 2.0010
v 4.4838 9.8590 2.0564
v 4.5814 9.9086 1.9983
v 4.4963 9.7557 2.0680
v 4.4706 9.8227 1.9634
v 4.5863 9.9369 1.9726
v 4.4676 9.9104 1.9886
v 4.5531 9.8198 1.9188
v 4.6004 9.9079 1.9527
v 4.5773 9.8393 1.9198
v 4.4785 9.9271 1.9884
v 4.5484 9.9497 1.9884
v 4.5848 10.0705 1.6179
v 4.5961 10.1255 1.6603
v 4.5433 10.1753 1.7090
v 4.5521 10.0489 1.6145
v 4.4545 10.1488 1.7172
v 4.4781 10.1640 1.7220
v 4.5873 10.1601 1.6879
v 4.4486 10.0525 1.6524
v 4.6010 10.1057 1.7712
v 4.5563 9.9887 1.6921
v 4.6241 10.0670 1.7407
v 4.5952 10.0104 1.7003
v 4.4625 9.9929 1.7407
v 4.5999 10.0845 1.7954
v 4.4666 10.0812 1.8123
v 4.5536 9.9766 1.7067
v 4.5496 9.9739 1.9632
v 4.4812 9.9617 1.9514
v 4.5771 9.8775 1.8779
v 4.6042 9.9332 1.9266
v 4.5490 9.8654 1.8683
v 4.4686 9.9513 1.9442
v 4.5874 9.9602 1.9486
v 4.4718 9.8834 1.8941
v 4.4614 9.9795 1.7527
v 4.4646 10.0614 1.8300
v 4.5580 10.0793 1.8453
v 4.4840 10.0703 1.8411
v 4.6216 10.0468 1.7639
v 4.5583 10.1033 1.8216
v 4.5928 9.9955 1.7172
v 4.4890 10.0929 1.8201
v 4.5897 9.9791 1.7395
v 4.6141 10.0263 1.7894
v 4.5980 10.0622 1.8260
v 4.5516 9.9598 1.7275
v 4.4661 10.1242 1.7635
v 4.4885 10.1359 1.7651
v 4.5964 10.1378 1.7268
v 4.4603 10.0228 1.6995
v 4.4639 10.0064 1.7308
v 4.4664 10.0949 1.7969
v 4.4921 10.1083 1.8039
v 4.5557 10.1268 1.7997
v 4.5935 10.0420 1.6599
v 4.6054 10.1038 1.6980
v 4.5510 10.1522 1.7527
v 4.5585 10.0151 1.6513
v 4.5496 9.9996 1.9280
v 4.5807 9.8999 1.8506
v 4.5496 9.8823 1.8438
v 4.5861 9.9865 1.9139
v 4.4717 9.9019 1.8676
v 4.4855 9.9861 1.9284
v 4.6025 9.9578 1.8906
v 4.4697 9.9733 1.9226
v 4.5496 9.9851 1.9480
v 4.5796 9.8876 1.8645
v 4.5504 9.8741 1.8556
v 4.5871 9.9702 1.9343
v 4.4743 9.8943 1.8815
v 4.4840 9.9732 1.9411
v 4.6030 9.9449 1.9120
v 4.4696 9.9618 1.9341
v 4.4761 9.7772 2.0234
v 4.4715 9.8875 2.0137
v 4.5992 9.8905 1.9686
v 4.5607 9.7939 1.9567
v 4.5834 9.8194 1.9491
v 4.5846 9.9217 1.9848
v 4.5500 9.9352 2.0010
v 4.4806 9.9045 2.0122
v 4.4420 9.9698 1.8247
v 4.4463 10.0556 1.7487
v 4.4137 10.1306 1.5804
v 4.4195 10.1065 1.6414
v 4.5176 9.7812 2.1092
v 4.5289 9.7875 2.1149
v 4.4798 9.7897 2.0779
v 4.4570 9.8504 1.9756
v 4.4288 10.0914 1.6865
v 4.4430 10.0303 1.7734
v 4.4405 10.0122 1.7881
v 4.4583 9.9057 1.9135
v 4.4405 10.0620 1.7325
v 4.4460 10.0447 1.7622
v 4.4556 9.9281 1.8864
v 4.4597 9.9199 1.9007
v 4.4618 9.8172 2.0261
v 4.5021 9.8770 1.8649
v 4.4994 9.8834 1.8500
v 4.5051 9.9907 1.7060
v 4.4929 10.0072 1.6715
v 4.5124 9.7616 1.9956
v 4.4880 10.0352 1.6277
v 4.5406 9.7419 2.0415
v 4.5728 9.7559 2.0825
v 4.4779 10.0621 1.5852
v 4.5005 9.8656 1.8767
v 4.5023 9.9765 1.7189
v 4.5025 9.8053 1.9430
v 4.5021 9.9616 1.7323
v 4.4681 10.0679 1.4869
v 4.5021 9.9989 1.6930
v 4.4970 9.9204 1.7814
v 4.5693 9.7474 2.0772
v 4.5623 9.8803 2.0114
v 4.5568 9.7766 2.1027
v 4.5254 9.8128 2.1021
v 4.5834 9.7711 2.0617
v 4.5790 9.8548 2.0034
v 4.5829 9.7948 2.0379
v 4.5213 9.8413 2.0779
v 4.5434 9.8824 2.0299
v 4.5364 9.7928 2.1077
v 4.5762 9.7664 2.0812
v 4.5653 9.8211 2.0688
v 4.5615 9.7953 2.0901
v 4.5506 9.8470 1.8881
v 4.5764 9.8635 1.8935
v 4.4699 9.8635 1.9144
v 4.5487 9.9625 1.9745
v 4.6016 9.9213 1.9392
v 4.5867 9.9489 1.9600
v 4.4665 9.9346 1.9594
v 4.4788 9.9483 1.9644
v 4.4573 9.8823 1.9310
v 4.4981 9.8453 1.8971
v 4.7001 9.7722 1.7588
v 4.7795 9.6992 1.6486
v 4.8044 9.7518 1.6928
v 4.7545 9.7783 1.7515
v 4.7401 9.9216 1.6513
v 4.7981 9.8861 1.5814
v 4.7705 9.8266 1.5309
v 4.6822 9.9070 1.6570
v 4.6206 9.9967 1.5589
v 4.7241 9.9190 1.4373
v 4.7596 9.9960 1.4779
v 4.6741 10.0908 1.4874
v 4.7513 10.0509 1.4087
v 4.6834 9.9760 1.3727
v 4.5743 10.0610 1.5086
v 4.6983 10.0213 1.5413
v 4.6589 9.8959 1.6502
v 4.6765 9.7567 1.7553
v 4.6575 9.9454 1.3620
v 4.6898 9.8944 1.4259
v 4.7426 9.8060 1.5215
v 4.7434 9.6758 1.6380
v 4.5495 10.0438 1.4924
v 4.5939 9.9773 1.5419
v 4.7733 9.5925 1.9154
v 4.7890 9.6293 1.8683
v 4.7767 9.5626 1.9356
v 4.8306 9.5470 1.8281
v 4.8331 9.5058 1.8512
v 4.8074 9.4889 1.9217
v 4.8244 9.6007 1.8188
v 4.8103 9.6244 1.8394
v 4.8180 9.5015 1.9211
v 4.8054 9.6131 1.8438
v 4.7874 9.5600 1.9346
v 4.8355 9.5117 1.8651
v 4.8174 9.5944 1.8276
v 4.8321 9.5420 1.8409
v 4.7779 9.5873 1.9158
v 4.7935 9.7759 1.7228
v 4.7827 9.9133 1.6197
v 4.7286 10.0744 1.4604
v 4.7396 10.0224 1.5135
v 4.7862 9.6166 1.8702
v 4.6683 9.6929 1.6852
v 4.6405 9.8233 1.5758
v 4.5316 9.9513 1.3899
v 4.5891 9.9025 1.4712
v 4.7890 9.6438 1.8603
v 4.7566 9.6126 1.9002
v 4.8277 9.5544 1.8053
v 4.8266 9.6103 1.8102
v 4.8181 9.5176 1.8190
v 4.7487 9.5751 1.9240
v 4.8130 9.6355 1.8335
v 4.7614 9.4776 1.9013
v 4.7027 9.5617 1.8035
v 4.8122 9.6608 1.8155
v 4.7222 9.6449 1.8571
v 4.7795 9.5704 1.7508
v 4.8246 9.6386 1.7870
v 4.8071 9.5933 1.7517
v 4.7391 9.6588 1.8573
v 4.7825 9.6721 1.8411
v 4.7334 9.9004 1.4564
v 4.7681 9.9677 1.5065
v 4.7056 9.9933 1.5688
v 4.7026 9.8725 1.4468
v 4.6113 9.9569 1.5724
v 4.6377 9.9772 1.5816
v 4.7503 9.9915 1.5421
v 4.5998 9.8825 1.5017
v 4.7836 9.8864 1.6416
v 4.7457 9.7904 1.5356
v 4.7996 9.8575 1.6069
v 4.7749 9.8088 1.5501
v 4.6406 9.7874 1.6075
v 4.7838 9.8450 1.6704
v 4.6686 9.8523 1.6900
v 4.7469 9.7637 1.5612
v 4.7714 9.6966 1.8237
v 4.7296 9.6930 1.8276
v 4.7986 9.6271 1.7212
v 4.8202 9.6633 1.7605
v 4.7673 9.6082 1.7107
v 4.7099 9.6855 1.8222
v 4.8099 9.6888 1.7950
v 4.6883 9.6197 1.7538
v 4.6535 9.7367 1.6479
v 4.6692 9.8066 1.7186
v 4.7465 9.8241 1.7140
v 4.6902 9.8151 1.7239
v 4.7974 9.8236 1.6370
v 4.7460 9.8551 1.6902
v 4.7752 9.7833 1.5779
v 4.6908 9.8570 1.6949
v 4.7752 9.7469 1.6096
v 4.7994 9.7934 1.6622
v 4.7870 9.8155 1.6925
v 4.7382 9.7193 1.5983
v 4.6534 9.9108 1.6374
v 4.6769 9.9240 1.6406
v 4.7738 9.9381 1.5966
v 4.6328 9.8338 1.5627
v 4.6403 9.8070 1.5896
v 4.6628 9.8803 1.6650
v 4.6873 9.8878 1.6730
v 4.7401 9.8941 1.6684
v 4.7650 9.8463 1.5145
v 4.7892 9.9089 1.5598
v 4.7297 9.9404 1.6288
v 4.7359 9.8211 1.5072
v 4.7646 9.7319 1.7965
v 4.7928 9.6574 1.6944
v 4.7629 9.6347 1.6831
v 4.8048 9.7272 1.7651
v 4.6906 9.6527 1.7308
v 4.7194 9.7245 1.8014
v 4.8143 9.7012 1.7319
v 4.7017 9.7126 1.7986
v 4.7676 9.7144 1.8114
v 4.7959 9.6422 1.7083
v 4.7653 9.6223 1.6980
v 4.8099 9.7091 1.7803
v 4.6886 9.6368 1.7420
v 4.7246 9.7099 1.8135
v 4.8198 9.6824 1.7462
v 4.7052 9.6985 1.8098
v 4.7200 9.5076 1.8535
v 4.7325 9.6100 1.8893
v 4.8246 9.6178 1.8011
v 4.7969 9.5353 1.7891
v 4.8188 9.5678 1.7814
v 4.8113 9.6416 1.8276
v 4.7853 9.6531 1.8540
v 4.7494 9.6356 1.8798
v 4.6580 9.7117 1.7148
v 4.6355 9.8521 1.6138
v 4.4978 10.0163 1.4329
v 4.5778 9.9334 1.5063
v 4.7900 9.5154 1.9432
v 4.8025 9.5191 1.9388
v 4.7431 9.5108 1.9287
v 4.6925 9.5911 1.8331
v 4.5905 9.9126 1.5385
v 4.6332 9.8155 1.6420
v 4.6426 9.7626 1.6801
v 4.6789 9.6441 1.7856
v 4.6272 9.8651 1.6021
v 4.6343 9.8369 1.6294
v 4.6802 9.6772 1.7611
v 4.6793 9.6597 1.7731
v 4.7083 9.5379 1.8811
v 4.7126 9.6213 1.7178
v 4.7127 9.6370 1.7060
v 4.6698 9.7878 1.5579
v 4.6626 9.8138 1.5320
v 4.7475 9.5035 1.8180
v 4.6360 9.8656 1.4697
v 4.7846 9.4692 1.8655
v 4.8295 9.4953 1.8954
v 4.6207 9.8914 1.4438
v 4.7130 9.6057 1.7283
v 4.6700 9.7630 1.5766
v 4.7298 9.5520 1.7744
v 4.6790 9.7186 1.6172
v 4.5944 9.9446 1.3430
v 4.6716 9.8028 1.5446
v 4.6907 9.6766 1.6587
v 4.8210 9.4804 1.8906
v 4.8020 9.6075 1.8468
v 4.8206 9.5107 1.9179
v 4.7915 9.5497 1.9310
v 4.8325 9.5136 1.8716
v 4.8131 9.5924 1.8289
v 4.8276 9.5415 1.8510
v 4.7839 9.5779 1.9116
v 4.7854 9.6119 1.8691
v 4.8076 9.5210 1.9295
v 4.8267 9.5012 1.8977
v 4.8118 9.5603 1.8832
v 4.8175 9.5336 1.9038
v 4.7711 9.5939 1.7250
v 4.8013 9.6138 1.7325
v 4.6914 9.5998 1.7691
v 4.7775 9.6852 1.8314
v 4.8218 9.6521 1.7734
v 4.8103 9.6737 1.8064
v 4.7168 9.6715 1.8359
v 4.7335 9.6797 1.8392
v 4.6817 9.6245 1.8018
v 4.7156 9.5866 1.7433
v 4.8226 9.7221 1.4958
v 4.8837 9.6671 1.3832
v 4.9046 9.6966 1.4139
v 4.8716 9.7283 1.4764
v 4.8427 9.8604 1.4045
v 4.8799 9.8271 1.3375
v 4.8609 9.7885 1.3013
v 4.7899 9.8484 1.4282
v 4.7313 9.9288 1.3718
v 4.8076 9.8743 1.2296
v 4.8356 9.9333 1.2727
v 4.7653 10.0023 1.3196
v 4.8253 9.9850 1.2334
v 4.7411 9.9110 1.1664
v 4.6983 9.9645 1.3420
v 4.7876 9.9530 1.3417
v 4.7630 9.8329 1.4223
v 4.7941 9.7092 1.4924
v 4.7223 9.8728 1.1686
v 4.7814 9.8470 1.2239
v 4.8336 9.7654 1.2881
v 4.8551 9.6454 1.3706
v 4.6717 9.9412 1.3470
v 4.7097 9.9048 1.3664
v 4.9113 9.4810 1.6450
v 4.9184 9.5337 1.5882
v 4.9068 9.4457 1.6593
v 4.9525 9.4351 1.5480
v 4.9545 9.4048 1.5654
v 4.9218 9.3897 1.6250
v 4.9421 9.5071 1.5356
v 4.9358 9.5307 1.5577
v 4.9408 9.3956 1.6319
v 4.9324 9.5215 1.5625
v 4.9229 9.4398 1.6572
v 4.9627 9.4098 1.5785
v 4.9410 9.4994 1.5433
v 4.9622 9.4316 1.5602
v 4.9202 9.4729 1.6460
v 4.9028 9.7189 1.4449
v 4.8738 9.8505 1.3695
v 4.8076 9.9981 1.2790
v 4.8211 9.9506 1.3098
v 4.9164 9.5232 1.5913
v 4.7733 9.6529 1.4110
v 4.7362 9.7668 1.3354
v 4.6400 9.8878 1.2348
v 4.6820 9.8406 1.2786
v 4.9173 9.5473 1.5816
v 4.8864 9.5012 1.6303
v 4.9414 9.4544 1.5246
v 4.9437 9.5166 1.5284
v 4.9321 9.4245 1.5330
v 4.8743 9.4730 1.6431
v 4.9364 9.5433 1.5507
v 4.8788 9.3992 1.5989
v 4.8220 9.4920 1.5173
v 4.9324 9.5773 1.5284
v 4.8347 9.5564 1.5861
v 4.8954 9.5024 1.4722
v 4.9354 9.5548 1.5023
v 4.9179 9.5192 1.4779
v 4.8570 9.5738 1.5857
v 4.9078 9.5877 1.5556
v 4.8230 9.8549 1.2523
v 4.8459 9.9034 1.2919
v 4.8020 9.9281 1.3558
v 4.7956 9.8304 1.2407
v 4.7250 9.8927 1.3790
v 4.7514 9.9123 1.3859
v 4.8328 9.9253 1.3228
v 4.6939 9.8238 1.2898
v 4.8836 9.8294 1.3817
v 4.8361 9.7489 1.2955
v 4.8895 9.8064 1.3508
v 4.8674 9.7693 1.3108
v 4.7482 9.7439 1.3514
v 4.8856 9.8066 1.3929
v 4.7724 9.8037 1.4406
v 4.8381 9.7307 1.3062
v 4.8980 9.6219 1.5393
v 4.8477 9.6153 1.5600
v 4.9054 9.5656 1.4461
v 4.9301 9.5918 1.4794
v 4.8752 9.5509 1.4373
v 4.8205 9.6050 1.5558
v 4.9267 9.6107 1.5076
v 4.8112 9.5651 1.4701
v 4.7498 9.7320 1.3584
v 4.7750 9.7851 1.4497
v 4.8601 9.7989 1.4346
v 4.8009 9.7966 1.4571
v 4.8904 9.7856 1.3640
v 4.8592 9.8226 1.4236
v 4.8699 9.7500 1.3241
v 4.7977 9.8179 1.4466
v 4.8697 9.7303 1.3361
v 4.8916 9.7628 1.3760
v 4.8885 9.7845 1.4040
v 4.8411 9.7175 1.3163
v 4.7572 9.8496 1.4123
v 4.7840 9.8660 1.4164
v 4.8633 9.8697 1.3580
v 4.7285 9.7752 1.3234
v 4.7421 9.7604 1.3434
v 4.7674 9.8215 1.4295
v 4.7934 9.8351 1.4367
v 4.8535 9.8445 1.4146
v 4.8501 9.8117 1.2902
v 4.8706 9.8472 1.3262
v 4.8317 9.8758 1.3908
v 4.8240 9.7846 1.2763
v 4.8845 9.6622 1.5152
v 4.8984 9.6080 1.4217
v 4.8730 9.5860 1.4123
v 4.9163 9.6525 1.4773
v 4.7965 9.5924 1.4486
v 4.8409 9.6563 1.5353
v 4.9154 9.6365 1.4474
v 4.8132 9.6461 1.5339
v 4.8905 9.6407 1.5276
v 4.9026 9.5856 1.4348
v 4.8748 9.5661 1.4266
v 4.9204 9.6309 1.4939
v 4.8062 9.5761 1.4619
v 4.8453 9.6333 1.5490
v 4.9220 9.6094 1.4640
v 4.8177 9.6227 1.5459
v 4.8436 9.4361 1.5610
v 4.8521 9.5110 1.6138
v 4.9413 9.5355 1.5185
v 4.9172 9.4555 1.5074
v 4.9339 9.4835 1.5044
v 4.9343 9.5593 1.5408
v 4.9131 9.5667 1.5692
v 4.8736 9.5381 1.6084
v 4.7651 9.6716 1.4472
v 4.7327 9.7915 1.3781
v 4.6366 9.9237 1.2969
v 4.6773 9.8630 1.3220
v 4.9093 9.4048 1.6473
v 4.9299 9.4065 1.6490
v 4.8689 9.4195 1.6248
v 4.8117 9.5120 1.5492
v 4.6897 9.8456 1.3319
v 4.7433 9.7676 1.3939
v 4.7448 9.7527 1.4024
v 4.7998 9.5801 1.5067
v 4.7230 9.8020 1.3678
v 4.7395 9.7848 1.3851
v 4.7854 9.6094 1.4825
v 4.7955 9.5930 1.4979
v 4.8341 9.4601 1.5884
v 4.8288 9.5657 1.4377
v 4.8220 9.5804 1.4230
v 4.7726 9.7487 1.3043
v 4.7590 9.7661 1.2902
v 4.8684 9.4271 1.5341
v 4.7282 9.8111 1.2567
v 4.8969 9.3910 1.5707
v 4.9542 9.3901 1.6143
v 4.7154 9.8291 1.2426
v 4.8361 9.5524 1.4465
v 4.7794 9.7347 1.3150
v 4.8468 9.4829 1.4914
v 4.7803 9.7204 1.3245
v 4.6611 9.8739 1.1681
v 4.7672 9.7565 1.2974
v 4.8028 9.6402 1.3790
v 4.9403 9.3835 1.6029
v 4.9242 9.5127 1.5646
v 4.9437 9.4068 1.6280
v 4.9263 9.4456 1.6475
v 4.9619 9.4161 1.5880
v 4.9380 9.4948 1.5469
v 4.9595 9.4353 1.5686
v 4.9217 9.4695 1.6389
v 4.9145 9.5168 1.5915
v 4.9341 9.4152 1.6423
v 4.9517 9.4013 1.6132
v 4.9475 9.4519 1.6077
v 4.9506 9.4341 1.6185
v 4.8801 9.5345 1.4491
v 4.9096 9.5468 1.4585
v 4.8119 9.5425 1.4821
v 4.9023 9.6058 1.5467
v 4.9320 9.5740 1.4909
v 4.9298 9.5941 1.5181
v 4.8240 9.5867 1.5665
v 4.8509 9.5984 1.5705
v 4.8006 9.5599 1.5191
v 4.8398 9.5337 1.4562
v 4.8143 9.7049 1.2134
v 4.8485 9.6625 1.1069
v 4.8791 9.6905 1.1393
v 4.8661 9.7038 1.1854
v 4.8562 9.8081 1.1431
v 4.8704 9.7871 1.0939
v 4.8335 9.7435 1.0644
v 4.7964 9.7994 1.1854
v 4.7643 9.8764 1.1507
v 4.8019 9.8152 1.0255
v 4.8369 9.8678 1.0568
v 4.8075 9.9585 1.0810
v 4.8147 9.9303 1.0278
v 4.7775 9.8566 0.9945
v 4.7499 9.9128 1.1401
v 4.8219 9.8960 1.1042
v 4.7702 9.7837 1.1791
v 4.7917 9.6978 1.2119
v 4.7472 9.8285 0.9994
v 4.7734 9.7952 1.0231
v 4.8041 9.7267 1.0591
v 4.8264 9.6500 1.1010
v 4.7293 9.8795 1.1479
v 4.7398 9.8609 1.1515
v 4.8624 9.5309 1.2826
v 4.8772 9.5537 1.2510
v 4.8615 9.5107 1.2908
v 4.8903 9.4867 1.2096
v 4.8895 9.4705 1.2159
v 4.8807 9.4574 1.2664
v 4.8892 9.5288 1.2119
v 4.8855 9.5453 1.2290
v 4.8896 9.4629 1.2670
v 4.8855 9.5397 1.2321
v 4.8705 9.5080 1.2902
v 4.8955 9.4732 1.2229
v 4.8902 9.5256 1.2138
v 4.8959 9.4876 1.2163
v 4.8717 9.5256 1.2824
v 4.8800 9.7013 1.1637
v 4.8698 9.8028 1.1176
v 4.8197 9.9477 1.0528
v 4.8338 9.8867 1.0800
v 4.8779 9.5469 1.2529
v 4.7671 9.6552 1.1401
v 4.7429 9.7360 1.1077
v 4.6982 9.8370 1.0703
v 4.7155 9.8066 1.0819
v 4.8765 9.5656 1.2470
v 4.8492 9.5472 1.2765
v 4.8838 9.4957 1.1944
v 4.8888 9.5389 1.2047
v 4.8786 9.4773 1.1997
v 4.8424 9.5272 1.2841
v 4.8861 9.5557 1.2239
v 4.8450 9.4529 1.2555
v 4.7901 9.5390 1.1976
v 4.8914 9.5947 1.2083
v 4.8170 9.5878 1.2550
v 4.8522 9.5425 1.1524
v 4.8928 9.5793 1.1837
v 4.8705 9.5535 1.1549
v 4.8359 9.5988 1.2546
v 4.8785 9.6027 1.2329
v 4.8101 9.7985 1.0358
v 4.8427 9.8416 1.0667
v 4.8309 9.8672 1.1151
v 4.7825 9.7805 1.0313
v 4.7456 9.8402 1.1551
v 4.7700 9.8567 1.1572
v 4.8432 9.8604 1.0917
v 4.7240 9.7895 1.0840
v 4.8727 9.7811 1.1284
v 4.8105 9.7094 1.0690
v 4.8729 9.7675 1.1044
v 4.8379 9.7260 1.0753
v 4.7534 9.7011 1.1231
v 4.8736 9.7575 1.1401
v 4.7789 9.7461 1.1923
v 4.8140 9.6949 1.0777
v 4.8744 9.6467 1.2125
v 4.8288 9.6424 1.2367
v 4.8639 9.6016 1.1322
v 4.8905 9.6301 1.1639
v 4.8430 9.5904 1.1275
v 4.8087 9.6354 1.2355
v 4.8890 9.6432 1.1888
v 4.7816 9.5948 1.1700
v 4.7589 9.6840 1.1290
v 4.7840 9.7228 1.2005
v 4.8618 9.7356 1.1726
v 4.8091 9.7323 1.2026
v 4.8733 9.7449 1.1168
v 4.8591 9.7620 1.1623
v 4.8409 9.7093 1.0848
v 4.8038 9.7562 1.1961
v 4.8426 9.6889 1.0941
v 4.8748 9.7171 1.1260
v 4.8754 9.7333 1.1517
v 4.8167 9.6770 1.0878
v 4.7668 9.8030 1.1732
v 4.7917 9.8199 1.1782
v 4.8626 9.8208 1.1111
v 4.7384 9.7531 1.1002
v 4.7481 9.7176 1.1157
v 4.7748 9.7646 1.1860
v 4.8004 9.7774 1.1909
v 4.8586 9.7861 1.1528
v 4.8287 9.7612 1.0543
v 4.8638 9.8029 1.0856
v 4.8478 9.8266 1.1353
v 4.7993 9.7432 1.0501
v 4.8684 9.6756 1.1997
v 4.8567 9.6317 1.1202
v 4.8370 9.6197 1.1145
v 4.8830 9.6723 1.1772
v 4.7802 9.6237 1.1572
v 4.8212 9.6730 1.2262
v 4.8836 9.6600 1.1530
v 4.7999 9.6668 1.2231
v 4.8710 9.6620 1.2054
v 4.8601 9.6168 1.1260
v 4.8396 9.6074 1.1200
v 4.8855 9.6598 1.1827
v 4.7823 9.6088 1.1633
v 4.8253 9.6572 1.2311
v 4.8871 9.6457 1.1589
v 4.8061 9.6504 1.2287
v 4.8061 9.4828 1.2285
v 4.8282 9.5543 1.2700
v 4.8927 9.5562 1.1946
v 4.8675 9.4994 1.1787
v 4.8785 9.5166 1.1753
v 4.8916 9.5726 1.2174
v 4.8800 9.5851 1.2443
v 4.8420 9.5718 1.2660
v 4.7610 9.6664 1.1669
v 4.7400 9.7458 1.1294
v 4.6919 9.8731 1.1122
v 4.7146 9.8211 1.1046
v 4.8693 9.4712 1.2833
v 4.8798 9.4763 1.2843
v 4.8340 9.4728 1.2780
v 4.7873 9.5517 1.2229
v 4.7227 9.8016 1.1065
v 4.7488 9.7124 1.1458
v 4.7542 9.6925 1.1524
v 4.7790 9.6077 1.1982
v 4.7367 9.7636 1.1221
v 4.7444 9.7285 1.1387
v 4.7759 9.6347 1.1808
v 4.7787 9.6200 1.1888
v 4.8017 9.5014 1.2511
v 4.7967 9.6018 1.1397
v 4.7932 9.6157 1.1353
v 4.7590 9.7103 1.0957
v 4.7487 9.7440 1.0796
v 4.8245 9.4747 1.2039
v 4.7328 9.7800 1.0623
v 4.8580 9.4470 1.2279
v 4.8955 9.4597 1.2452
v 4.7239 9.7944 1.0572
v 4.7973 9.5851 1.1458
v 4.7649 9.6947 1.1023
v 4.8068 9.5306 1.1723
v 4.7719 9.6777 1.1084
v 4.7073 9.8208 1.0469
v 4.7539 9.7275 1.0871
v 4.7816 9.6467 1.1191
v 4.8870 9.4539 1.2416
v 4.8847 9.5347 1.2334
v 4.8947 9.4724 1.2658
v 4.8769 9.5024 1.2847
v 4.8954 9.4784 1.2277
v 4.8881 9.5206 1.2172
v 4.8942 9.4881 1.2216
v 4.8718 9.5203 1.2792
v 4.8765 9.5418 1.2540
v 4.8848 9.4823 1.2801
v 4.8978 9.4672 1.2468
v 4.8882 9.5049 1.2504
v 4.8912 9.4921 1.2553
v 4.8469 9.5759 1.1345
v 4.8664 9.5834 1.1404
v 4.7822 9.5787 1.1778
v 4.8757 9.6283 1.2195
v 4.8913 9.6082 1.1724
v 4.8900 9.6226 1.1972
v 4.8104 9.6182 1.2422
v 4.8313 9.6259 1.2435
v 4.7798 9.5923 1.2066
v 4.7984 9.5705 1.1515
v 3.9118 10.3034 1.5383
v 4.0829 10.2956 1.5985
v 4.0239 10.3444 1.5972
v 3.9218 10.3427 1.5638
v 3.9216 10.2647 1.5185
v 4.0823 10.2643 1.5678
v 3.8669 10.2018 1.6925
v 3.9000 10.2458 1.6713
v 3.8547 10.1673 1.7195
v 3.9988 10.2459 1.7470
v 3.9931 10.2070 1.7717
v 3.9328 10.1491 1.7759
v 3.9745 10.2686 1.7096
v 3.9384 10.2707 1.6806
v 3.9148 10.1689 1.7982
v 3.9367 10.2617 1.6873
v 3.8570 10.1797 1.7500
v 3.9670 10.2122 1.7927
v 3.9687 10.2634 1.7220
v 3.9794 10.2493 1.7559
v 3.8690 10.2036 1.7081
v 3.9627 10.3652 1.5888
v 3.8982 10.2417 1.6795
v 4.0255 10.2220 1.5194
v 3.9030 10.2540 1.6595
v 3.8690 10.2112 1.6711
v 4.0148 10.2463 1.7306
v 3.9814 10.2728 1.6986
v 4.0148 10.2077 1.7449
v 3.8620 10.1697 1.6835
v 3.9411 10.2784 1.6724
v 3.9475 10.1412 1.7422
v 3.9869 10.1587 1.6450
v 3.9481 10.2987 1.6542
v 3.8880 10.1907 1.6206
v 4.0469 10.2167 1.6799
v 3.9964 10.2862 1.6721
v 4.0419 10.2538 1.6875
v 3.8829 10.2353 1.6254
v 3.9097 10.2780 1.6347
v 3.9145 10.3004 1.6130
v 3.8951 10.2598 1.5922
v 4.0591 10.2667 1.6507
v 4.0083 10.3036 1.6477
v 4.0687 10.2350 1.6280
v 3.9033 10.2188 1.5753
v 3.9535 10.3207 1.6366
v 4.0097 10.1836 1.5793
v 4.0355 10.2372 1.4869
v 3.9308 10.2838 1.4909
v 3.9320 10.3595 1.5320
v 3.9204 10.3213 1.5105
v 4.0950 10.3161 1.5646
v 4.0349 10.3620 1.5675
v 3.9741 10.3808 1.5604
v 4.0974 10.2822 1.5364
v 3.9153 10.3271 1.5865
v 4.0696 10.2835 1.6168
v 4.0765 10.2519 1.5930
v 3.9569 10.3494 1.6130
v 4.0169 10.2003 1.5454
v 3.9049 10.2861 1.5614
v 4.0172 10.3262 1.6187
v 3.9143 10.2447 1.5427
v 3.9128 10.3126 1.6023
v 4.0648 10.2726 1.6351
v 4.0733 10.2421 1.6119
v 3.9530 10.3355 1.6282
v 4.0131 10.1910 1.5602
v 3.8995 10.2710 1.5795
v 4.0123 10.3136 1.6364
v 3.9078 10.2296 1.5617
v 3.9683 10.1442 1.6911
v 3.8736 10.1760 1.6488
v 3.9888 10.2786 1.6862
v 4.0311 10.2107 1.7155
v 4.0289 10.2489 1.7109
v 3.9445 10.2877 1.6641
v 3.9065 10.2654 1.6473
v 3.8766 10.2225 1.6473
v 3.9605 10.2264 1.5076
v 3.8815 10.1429 1.7515
v 3.8726 10.1672 1.7748
v 3.8936 10.1351 1.7151
v 3.9285 10.1535 1.6225
v 3.9713 10.2482 1.4764
v 3.9479 10.1794 1.5640
v 3.9569 10.2016 1.5330
v 3.9513 10.1873 1.5505
v 3.9117 10.1392 1.6700
v 4.0567 10.2168 1.5886
v 4.0604 10.2269 1.5726
v 4.0126 10.1791 1.7092
v 3.9931 10.1745 1.7485
v 3.9505 10.1859 1.8041
v 4.0524 10.2100 1.6040
v 4.0299 10.1891 1.6658
v 4.0803 10.2560 1.5151
v 4.0720 10.2470 1.5520
v 3.9702 10.1747 1.7801
v 3.9365 10.2550 1.6923
v 3.9084 10.1891 1.7896
v 3.8680 10.1842 1.7548
v 3.9553 10.2180 1.7868
v 3.9697 10.2599 1.7216
v 3.9709 10.2420 1.7521
v 3.8738 10.2052 1.7167
v 3.8990 10.2379 1.6805
v 3.8794 10.1813 1.7752
v 3.9439 10.2024 1.7963
v 3.9152 10.2292 1.7449
v 3.9085 10.2062 1.7776
v 4.0603 10.2264 1.6492
v 4.0513 10.2601 1.6681
v 4.0046 10.1780 1.5943
v 3.9118 10.2903 1.6240
v 4.0031 10.2951 1.6610
v 3.9507 10.3108 1.6467
v 3.8971 10.2069 1.5934
v 3.8896 10.2489 1.6067
v 3.9431 10.1704 1.5816
v 4.0447 10.2021 1.6263
v 4.5110 10.0434 1.8819
v 4.5986 9.9633 1.8129
v 4.6123 10.0547 1.7026
v 4.5160 10.1342 1.7849
v 4.5796 10.1247 1.5387
v 4.5025 10.2241 1.6454
v 4.5022 10.1926 1.6917
v 4.5916 10.1190 1.6018
v 4.5229 9.8963 2.0455
v 4.5974 9.8314 1.9996
v 4.5276 9.8778 2.0522
v 4.5895 9.8263 2.0114
v 4.6009 9.8380 1.9817
v 4.5123 9.9120 2.0280
v 4.5068 10.1727 1.7182
v 4.5960 10.1005 1.6401
v 4.6101 10.0169 1.7369
v 4.5175 10.1016 1.8274
v 4.4982 9.9428 1.9893
v 4.5996 9.9004 1.8952
v 4.4993 9.9705 1.9594
v 4.6064 9.9997 1.7590
v 4.5137 10.0790 1.8487
v 4.5980 9.8738 1.9297
v 4.6124 10.0368 1.7168
v 4.5195 10.1176 1.8077
v 4.5130 10.1460 1.7641
v 4.6060 10.0747 1.6797
v 4.5087 9.9950 1.9343
v 4.5996 9.9248 1.8662
v 4.5032 9.9822 1.9474
v 4.6004 9.9121 1.8819
v 4.5983 9.8505 1.9526
v 4.5022 9.9256 2.0097
v 4.5836 9.8233 2.0124
v 4.5280 9.8717 2.0520
v 4.5668 9.8411 2.0505
v 4.5990 9.8882 1.9106
v 4.4971 9.9598 1.9697
v 4.7246 9.7765 1.7590
v 4.7950 9.7217 1.6660
v 4.7942 9.8599 1.5535
v 4.7105 9.9159 1.6576
v 4.7048 10.0168 1.3634
v 4.6005 10.0902 1.4926
v 4.6558 10.0104 1.5593
v 4.7470 9.9576 1.4533
v 4.7748 9.6186 1.8923
v 4.8288 9.5724 1.8157
v 4.7762 9.6079 1.8927
v 4.8249 9.5728 1.8249
v 4.8302 9.5824 1.8018
v 4.7707 9.6348 1.8828
v 4.6707 9.9895 1.5787
v 4.7612 9.9338 1.4754
v 4.7912 9.8010 1.6050
v 4.7173 9.8555 1.6974
v 4.7607 9.6707 1.8504
v 4.8135 9.6434 1.7370
v 4.7544 9.6994 1.8266
v 4.7906 9.7666 1.6305
v 4.7175 9.8224 1.7214
v 4.8191 9.6130 1.7645
v 4.7977 9.8382 1.5762
v 4.7147 9.8914 1.6738
v 4.7046 9.9346 1.6380
v 4.7835 9.8771 1.5337
v 4.7460 9.7315 1.8007
v 4.8073 9.6765 1.7098
v 4.7482 9.7140 1.8154
v 4.8109 9.6591 1.7237
v 4.8265 9.5930 1.7862
v 4.7667 9.6507 1.8689
v 4.8225 9.5703 1.8308
v 4.7795 9.6028 1.8914
v 4.8069 9.5839 1.8649
v 4.8153 9.6305 1.7487
v 4.7563 9.6846 1.8386
v 4.8476 9.7297 1.4876
v 4.8966 9.6819 1.3977
v 4.8746 9.8075 1.3165
v 4.8126 9.8579 1.4207
v 4.8018 9.9840 1.1812
v 4.7107 9.9941 1.3276
v 4.7596 9.9466 1.3624
v 4.8244 9.9039 1.2428
v 4.9104 9.5143 1.6180
v 4.9488 9.4703 1.5372
v 4.9133 9.5033 1.6197
v 4.9538 9.4671 1.5448
v 4.9457 9.4820 1.5252
v 4.9037 9.5322 1.6088
v 4.7762 9.9251 1.3746
v 4.8358 9.8737 1.2652
v 4.8851 9.7672 1.3426
v 4.8193 9.8271 1.4415
v 4.8823 9.5857 1.5743
v 4.9200 9.5766 1.4585
v 4.8727 9.6220 1.5524
v 4.8839 9.7455 1.3554
v 4.8262 9.8024 1.4518
v 4.9304 9.5368 1.4876
v 4.8836 9.7888 1.3276
v 4.8150 9.8442 1.4316
v 4.8053 9.8744 1.4068
v 4.8613 9.8300 1.3039
v 4.8633 9.6616 1.5273
v 4.9090 9.6216 1.4329
v 4.8682 9.6401 1.5410
v 4.9150 9.5979 1.4466
v 4.9399 9.5107 1.5080
v 4.8915 9.5589 1.5915
v 4.9516 9.4671 1.5518
v 4.9176 9.4995 1.6155
v 4.9381 9.4787 1.5886
v 4.9235 9.5587 1.4693
v 4.8776 9.6061 1.5617
v 4.8413 9.7060 1.2039
v 4.8682 9.6794 1.1221
v 4.8622 9.7712 1.0783
v 4.8310 9.8086 1.1721
v 4.8059 9.9041 1.0111
v 4.7838 9.9593 1.1221
v 4.8012 9.8939 1.1317
v 4.8264 9.8428 1.0387
v 4.8681 9.5486 1.2683
v 4.8898 9.5094 1.2062
v 4.8718 9.5412 1.2691
v 4.8922 9.5065 1.2127
v 4.8870 9.5189 1.1947
v 4.8628 9.5625 1.2637
v 4.8099 9.8687 1.1399
v 4.8319 9.8223 1.0478
v 4.8614 9.7300 1.0987
v 4.8345 9.7606 1.1845
v 4.8593 9.6075 1.2490
v 4.8836 9.6167 1.1500
v 4.8549 9.6469 1.2287
v 4.8635 9.7048 1.1099
v 4.8370 9.7359 1.1925
v 4.8847 9.5653 1.1660
v 4.8630 9.7499 1.0903
v 4.8341 9.7863 1.1776
v 4.8255 9.8279 1.1614
v 4.8569 9.7870 1.0707
v 4.8481 9.6768 1.2161
v 4.8749 9.6465 1.1368
v 4.8513 9.6622 1.2228
v 4.8791 9.6300 1.1425
v 4.8868 9.5350 1.1772
v 4.8589 9.5842 1.2578
v 4.8914 9.5059 1.2161
v 4.8715 9.5342 1.2671
v 4.8848 9.5219 1.2422
v 4.8843 9.5995 1.1561
v 4.8578 9.6291 1.2359
v 4.4462 9.9994 1.8556
v 4.4503 10.0911 1.7704
v 4.4132 10.1682 1.6063
v 4.4232 10.1427 1.6662
v 4.5826 9.7491 2.0627
v 4.5209 9.7993 2.1151
v 4.5244 9.9203 1.7731
v 4.5307 9.9956 1.6812
v 4.4967 10.0548 1.4981
v 4.5132 10.0628 1.5730
v 4.4768 9.8194 2.0713
v 4.4593 9.8892 1.9869
v 4.4352 10.1230 1.7066
v 4.4497 10.0659 1.7992
v 4.4490 10.0473 1.8144
v 4.4595 9.9366 1.9331
v 4.4481 10.1000 1.7555
v 4.4496 10.0785 1.7858
v 4.4588 9.9592 1.9122
v 4.4602 9.9474 1.9232
v 4.5391 9.7764 1.9703
v 4.5064 9.7998 2.1067
v 4.4654 9.8657 2.0191
v 4.5236 9.8714 1.8571
v 4.5295 9.9878 1.6974
v 4.5285 10.0109 1.6585
v 4.5226 9.8776 1.8436
v 4.5250 10.0383 1.6162
v 4.5853 9.7573 2.0659
v 4.5631 9.7505 2.0189
v 4.5235 9.8626 1.8689
v 4.5237 9.8065 1.9301
v 4.5287 9.9603 1.7294
v 4.5295 9.9749 1.7104
v 4.5307 9.8027 2.1086
v 4.5823 9.7657 2.0694
v 4.5577 9.7853 2.0930
v 4.4577 9.9196 1.9489
v 4.5221 9.8442 1.8870
v 4.6599 9.7339 1.7391
v 4.6409 9.8722 1.6332
v 4.5164 10.0234 1.4710
v 4.5796 9.9541 1.5221
v 4.8301 9.4897 1.8670
v 4.7919 9.5376 1.9455
v 4.7184 9.6645 1.6401
v 4.7079 9.7967 1.5271
v 4.6321 9.9442 1.3550
v 4.6596 9.8848 1.4282
v 4.7398 9.5435 1.9310
v 4.7025 9.6213 1.8502
v 4.5964 9.9351 1.5577
v 4.6425 9.8354 1.6698
v 4.6483 9.7871 1.7033
v 4.6893 9.6671 1.8098
v 4.6339 9.8864 1.6216
v 4.6426 9.8594 1.6490
v 4.6853 9.6980 1.7841
v 4.6876 9.6839 1.7954
v 4.7702 9.5084 1.8053
v 4.7823 9.5327 1.9468
v 4.7132 9.5710 1.8906
v 4.7411 9.6178 1.7024
v 4.7082 9.7816 1.5404
v 4.7024 9.8112 1.5118
v 4.7392 9.6307 1.6888
v 4.6730 9.8584 1.4499
v 4.8328 9.4999 1.8811
v 4.8068 9.4833 1.8441
v 4.7432 9.6020 1.7140
v 4.7571 9.5572 1.7580
v 4.7102 9.7088 1.5972
v 4.7113 9.7542 1.5615
v 4.7988 9.5363 1.9371
v 4.8300 9.5038 1.8861
v 4.8199 9.5193 1.9123
v 4.6930 9.6514 1.8239
v 4.7467 9.5854 1.7283
v 4.7765 9.6938 1.4794
v 4.7451 9.8132 1.4053
v 4.6530 9.9292 1.3249
v 4.6897 9.8827 1.3500
v 4.9516 9.3886 1.5846
v 4.9261 9.4175 1.6555
v 4.8318 9.6396 1.3693
v 4.8027 9.7542 1.2853
v 4.6969 9.8702 1.1749
v 4.7484 9.8329 1.2283
v 4.8689 9.4414 1.6385
v 4.8197 9.5374 1.5760
v 4.7022 9.8674 1.3617
v 4.7553 9.7871 1.4232
v 4.7575 9.7690 1.4335
v 4.8055 9.5922 1.5379
v 4.7364 9.8269 1.3958
v 4.7508 9.8039 1.4122
v 4.7944 9.6318 1.5194
v 4.8020 9.6101 1.5290
v 4.8895 9.4317 1.5206
v 4.9050 9.4202 1.6559
v 4.8396 9.4844 1.6069
v 4.8532 9.5621 1.4284
v 4.8027 9.7443 1.2923
v 4.7929 9.7700 1.2761
v 4.8520 9.5809 1.4110
v 4.7640 9.8139 1.2435
v 4.9611 9.3931 1.5991
v 4.9109 9.3967 1.5539
v 4.8537 9.5490 1.4404
v 4.8672 9.4847 1.4811
v 4.8099 9.7180 1.3102
v 4.8050 9.7315 1.3016
v 4.9302 9.4268 1.6458
v 4.9579 9.4052 1.6042
v 4.9483 9.4196 1.6248
v 4.8083 9.5731 1.5515
v 4.8587 9.5315 1.4499
v 4.7684 9.6794 1.1942
v 4.7476 9.7616 1.1557
v 4.7090 9.8767 1.1277
v 4.7179 9.8380 1.1258
v 4.8877 9.4606 1.2250
v 4.8732 9.4890 1.2891
v 4.8024 9.6439 1.1058
v 4.7760 9.7217 1.0673
v 4.7222 9.8181 1.0162
v 4.7433 9.7863 1.0333
v 4.8376 9.5023 1.2849
v 4.7947 9.5676 1.2428
v 4.7243 9.8139 1.1290
v 4.7558 9.7304 1.1723
v 4.7615 9.7083 1.1822
v 4.7884 9.6217 1.2214
v 4.7438 9.7782 1.1456
v 4.7525 9.7469 1.1656
v 4.7813 9.6504 1.2052
v 4.7862 9.6358 1.2119
v 4.8516 9.4887 1.1900
v 4.8631 9.4900 1.2894
v 4.8123 9.5262 1.2647
v 4.8176 9.6003 1.1246
v 4.7825 9.7055 1.0760
v 4.7694 9.7381 1.0591
v 4.8135 9.6142 1.1185
v 4.7476 9.7709 1.0394
v 4.8949 9.4645 1.2311
v 4.8717 9.4640 1.2102
v 4.8212 9.5854 1.1300
v 4.8335 9.5342 1.1563
v 4.7933 9.6729 1.0941
v 4.7877 9.6907 1.0844
v 4.8810 9.4919 1.2847
v 4.8974 9.4715 1.2355
v 4.8929 9.4848 1.2584
v 4.7881 9.6041 1.2279
v 4.8245 9.5708 1.1364
v 4.5331 10.2468 1.6126
v 4.5945 10.1907 1.5402
v 4.4545 10.2340 1.6204
v 4.4158 10.2104 1.6052
v 4.5718 10.2255 1.5800
v 4.4262 10.1146 1.5172
v 4.4195 10.1377 1.5434
v 4.4506 10.0800 1.4604
v 4.6748 10.1318 1.4581
v 4.7439 10.0944 1.3750
v 4.7250 10.1111 1.4251
v 4.5051 9.9813 1.3458
v 4.4759 10.0221 1.3973
v 4.5464 9.9669 1.3049
v 4.7519 10.0473 1.2917
v 4.8159 10.0293 1.1986
v 4.8008 10.0387 1.2513
v 4.6149 9.9035 1.2039
v 4.5863 9.9315 1.2489
v 4.6482 9.8797 1.1509
v 4.7849 10.0023 1.0730
v 4.7990 9.9619 1.0010
v 4.7605 9.8790 0.9748
v 4.7248 9.8515 0.9823
v 4.8016 9.9837 1.0351
v 4.6850 9.8531 1.0541
v 4.6720 9.8741 1.0953
v 4.6956 9.8366 1.0396
v 4.5044 10.2429 1.6179
v 4.7875 9.9364 0.9918
v 4.4047 10.1728 1.5452
v 4.6951 9.8412 1.0147
v 4.5368 10.2668 1.5703
v 4.5882 10.2248 1.5215
v 4.4277 10.2628 1.5707
v 4.5690 10.2605 1.5410
v 4.3818 10.1535 1.4585
v 4.3787 10.1985 1.5223
v 4.3986 10.1150 1.3981
v 4.6798 10.1647 1.4137
v 4.7309 10.1348 1.3579
v 4.7103 10.1709 1.3735
v 4.4655 10.0540 1.2826
v 4.4331 10.0805 1.3335
v 4.5055 10.0270 1.2304
v 4.7496 10.0825 1.2405
v 4.7909 10.0708 1.1812
v 4.7733 10.0899 1.2045
v 4.5674 9.9460 1.1286
v 4.5341 9.9879 1.1747
v 4.5993 9.9088 1.0757
v 4.7699 10.0338 1.0408
v 4.7783 9.9925 0.9924
v 4.7437 9.9176 0.9533
v 4.7721 10.0266 1.0086
v 4.6912 9.8685 0.9710
v 4.6334 9.8758 1.0128
v 4.5048 10.2848 1.5598
v 4.7581 9.9892 0.9598
v 4.5721 9.9260 1.0345
v 4.4034 10.3050 1.5164
v 4.5630 10.2913 1.5038
v 4.3632 10.2135 1.4931
v 4.3556 10.1875 1.4379
v 4.3714 10.1476 1.3659
v 4.6944 10.2023 1.3397
v 4.4536 10.0909 1.2506
v 4.4110 10.1175 1.3060
v 4.4899 10.0668 1.1961
v 4.5157 10.0323 1.1408
v 4.6093 10.0005 0.8144
v 3.9974 10.5041 1.2155
v 4.0053 10.4124 1.1942
v 4.7152 10.1113 1.2534
v 4.5959 10.2222 1.4768
v 4.6050 10.3703 1.1490
v 4.4649 10.3320 1.4989
v 4.3137 10.2249 1.3996
v 4.5456 9.9758 0.8382
v 4.2893 10.3879 1.4068
v 4.3380 10.2041 1.3258
v 4.4278 10.1474 1.2132
v 4.3858 10.1735 1.2630
v 4.4685 10.1168 1.1643
v 4.5152 10.0320 1.0503
v 4.4970 10.0826 1.1111
v 4.5387 9.9684 0.9817
v 4.7334 10.1017 1.0179
v 4.7346 10.0131 0.9272
v 4.6594 9.9307 0.8942
v 4.6773 9.8940 0.9432
v 4.7404 10.0744 0.9613
v 4.0320 10.3346 1.2052
v 4.1009 10.2976 1.2407
v 4.7252 10.0589 1.2986
v 4.4269 10.4808 1.2822
v 4.6953 9.9943 0.8863
v 4.6497 10.2947 1.2412
v 4.5543 10.3526 1.3386
v 4.7135 10.1698 1.0250
v 4.0144 10.5141 1.1140
v 4.0350 10.4046 1.0953
v 4.0645 10.3284 1.1155
v 4.1445 10.2834 1.1732
v 4.2526 10.2501 1.2712
v 4.4968 10.3878 1.3910
v 4.7139 10.1397 0.9750
v 4.7122 10.0491 0.8931
v 4.7219 9.9573 0.9219
v 4.7208 10.1069 0.9266
v 4.1752 10.2862 1.2963
v 4.2342 10.2846 1.3474
v 4.7691 10.0799 1.1246
v 4.6639 10.2484 1.1907
v 4.6045 10.3207 1.2908
v 4.7140 10.2026 1.0795
v 4.0961 10.5969 1.1751
v 4.2413 10.5233 1.3125
v 4.6927 10.1828 0.9280
v 4.6993 10.1415 0.8842
v 4.5439 9.9814 1.0810
v 4.7181 10.1374 1.3123
v 4.4028 10.5991 1.0507
v 4.6840 10.2173 1.1351
v 4.7037 10.1579 1.2005
v 4.7341 10.1571 1.1406
v 4.5988 10.3790 0.8163
v 4.5443 10.4978 0.9236
v 4.4640 10.5635 1.0084
v 4.5876 10.4217 0.8496
v 4.5676 10.4618 0.8858
v 4.3142 10.6349 1.0859
v 4.6054 10.3387 0.7854
v 4.4729 10.1873 0.6450
v 4.4278 10.0969 0.7463
v 4.6070 10.2661 0.7336
v 4.1951 10.5103 1.3367
v 4.7308 10.0887 1.3359
v 4.5122 10.5314 0.9644
v 4.6534 10.2921 1.0579
v 4.4581 10.1163 0.6871
v 4.6518 10.0459 0.8236
v 4.6252 10.2485 1.3590
v 4.6859 10.1798 1.2647
v 4.7405 10.1256 1.0783
v 4.6808 10.2646 1.0120
v 4.5551 10.3987 1.1938
v 4.6294 10.3284 1.1035
v 4.5841 10.2794 1.4072
v 4.6798 10.2269 1.3163
v 4.5422 10.3274 1.4651
v 4.6858 10.2231 0.9689
v 4.5012 10.4368 1.2405
v 4.6392 10.1889 1.4164
v 4.7907 10.0221 1.1530
v 4.4633 10.1991 1.6692
v 4.5419 10.2052 1.6593
v 4.5906 10.1509 1.5981
v 4.5701 10.0880 1.5619
v 4.5399 10.0744 1.5526
v 4.4336 10.1807 1.6591
v 4.5762 10.1874 1.6340
v 4.4393 10.0903 1.5821
v 4.4158 10.1221 1.6092
v 4.4790 10.0797 1.5575
v 4.5019 10.2097 1.6667
v 4.5878 10.1183 1.5779
v 4.4166 10.1586 1.6385
v 4.5082 10.0703 1.5484
v 4.5595 9.9342 1.4217
v 4.7316 10.0559 1.4796
v 4.5774 10.0070 1.5156
v 4.6689 9.9290 1.3893
v 4.7304 9.9821 1.4219
v 4.6363 10.0456 1.5297
v 4.6030 9.9208 1.3906
v 4.5446 9.9628 1.4545
v 4.7941 9.8358 1.0128
v 4.8273 9.8973 1.0436
v 4.6380 9.9243 1.3885
v 4.5580 9.9826 1.4893
v 4.6772 9.8991 1.3371
v 4.7332 9.8548 1.2088
v 4.7537 9.8698 1.1987
v 4.6860 9.9143 1.3544
v 4.7099 9.9383 1.3590
v 4.7817 9.9705 1.3295
v 4.6646 9.8769 1.3154
v 4.7058 9.8481 1.2226
v 4.7457 9.9607 1.3510
v 4.8154 9.9324 1.2220
v 4.8160 9.9292 1.0901
v 4.7666 9.8940 1.1475
v 4.8153 9.9719 1.2942
v 4.6693 9.8543 1.2668
v 4.8280 9.9591 1.2576
v 4.7827 9.8943 1.1986
v 4.7370 9.8009 1.0259
v 4.7187 9.8575 1.1271
v 4.7089 9.8201 1.0785
v 4.8262 9.9170 1.0669
v 4.8180 9.8697 1.0248
v 4.7924 9.9255 1.1235
v 4.7054 9.9517 1.4024
v 4.7519 10.0257 1.4472
v 4.6818 10.0556 1.5128
v 4.5992 10.0254 1.5307
v 4.7659 9.8105 1.0133
v 4.7400 9.8696 1.1521
v 4.7176 9.8053 1.0518
v 4.7079 9.8392 1.1044
v 3.0903 12.1957 -0.7560
v 2.9598 12.1075 -0.5472
v 2.8646 12.0311 -0.5270
v 2.6865 11.8590 -0.6230
v 2.6108 11.8089 -0.7421
v 2.5367 11.7840 -0.8770
v 3.0445 12.1707 -0.6331
v 2.9762 12.0265 -1.2541
v 3.0317 12.0887 -1.1646
v 3.0869 12.1420 -1.0363
v 3.1021 12.1766 -0.8919
v 2.9100 11.9721 -1.2977
v 2.8368 11.9300 -1.3196
v 2.5482 11.8048 -1.1998
v 2.5146 11.7864 -1.1299
v 2.4981 11.7699 -1.0244
v 2.7443 11.8935 -1.3228
v 3.1707 12.1037 -0.7333
v 3.0363 12.0252 -0.5420
v 2.9436 11.9468 -0.5250
v 2.7599 11.7745 -0.6333
v 2.6788 11.7224 -0.7440
v 2.6104 11.6915 -0.8729
v 3.1204 12.0827 -0.6192
v 3.0963 11.9105 -1.2201
v 3.1454 11.9756 -1.1375
v 3.1907 12.0379 -1.0102
v 3.1907 12.0805 -0.8689
v 3.0387 11.8543 -1.2618
v 2.9752 11.8065 -1.2906
v 2.6615 11.7123 -1.2007
v 2.6146 11.6947 -1.1297
v 2.5882 11.6799 -1.0221
v 2.8861 11.7729 -1.2889
v 3.2346 12.0370 -0.7066
v 3.0924 11.9663 -0.5338
v 3.0038 11.8836 -0.5203
v 2.8156 11.7135 -0.6364
v 2.7300 11.6625 -0.7348
v 2.6693 11.6295 -0.8626
v 3.1784 12.0197 -0.6030
v 3.1858 11.8211 -1.1822
v 3.2275 11.8924 -1.1018
v 3.2650 11.9626 -0.9793
v 3.2602 12.0096 -0.8399
v 3.1350 11.7613 -1.2298
v 3.0754 11.7117 -1.2671
v 2.7511 11.6370 -1.1956
v 2.6966 11.6257 -1.1227
v 2.6608 11.6180 -1.0118
v 2.9846 11.6826 -1.2582
v 3.2937 11.9799 -0.6732
v 3.1455 11.9120 -0.5209
v 3.0573 11.8322 -0.5111
v 2.8681 11.6605 -0.6283
v 2.7809 11.6046 -0.7218
v 2.7295 11.5680 -0.8455
v 3.2318 11.9655 -0.5786
v 3.2640 11.7441 -1.1348
v 3.3005 11.8197 -1.0562
v 3.3266 11.8979 -0.9428
v 3.3232 11.9500 -0.8042
v 3.2144 11.6828 -1.1883
v 3.1530 11.6329 -1.2391
v 2.8364 11.5653 -1.1742
v 2.7807 11.5560 -1.0991
v 2.7368 11.5559 -0.9914
v 3.0700 11.6014 -1.2294
v 3.3511 11.9282 -0.6393
v 3.2005 11.8673 -0.4910
v 3.1084 11.7916 -0.4906
v 2.9206 11.6073 -0.6038
v 2.8468 11.5338 -0.6995
v 2.8076 11.4886 -0.8169
v 3.2888 11.9132 -0.5460
v 3.3438 11.6684 -1.0662
v 3.3775 11.7478 -0.9949
v 3.3930 11.8305 -0.8925
v 3.3842 11.8943 -0.7651
v 3.2981 11.6002 -1.1181
v 3.2411 11.5421 -1.1692
v 2.9470 11.4664 -1.1009
v 2.8805 11.4675 -1.0417
v 2.8282 11.4755 -0.9519
v 3.1658 11.5116 -1.1575
v 3.4334 11.8602 -0.5829
v 3.2656 11.8243 -0.4485
v 3.1586 11.7659 -0.4432
v 2.9628 11.5568 -0.5469
v 2.9084 11.4592 -0.6429
v 2.8909 11.3950 -0.7579
v 3.3621 11.8542 -0.4970
v 3.4504 11.5688 -0.9677
v 3.4877 11.6547 -0.9042
v 3.4985 11.7400 -0.8016
v 3.4773 11.8154 -0.6884
v 3.4023 11.4971 -1.0151
v 3.3405 11.4376 -1.0512
v 3.0491 11.3721 -0.9756
v 2.9806 11.3740 -0.9345
v 2.9256 11.3789 -0.8622
v 3.2661 11.4155 -1.0419
v 3.5343 11.7643 -0.4970
v 3.3401 11.7777 -0.3756
v 3.2324 11.7217 -0.3565
v 3.0208 11.4849 -0.4334
v 2.9737 11.3799 -0.5234
v 2.9677 11.2977 -0.6255
v 3.4482 11.7768 -0.4200
v 3.5799 11.4382 -0.8252
v 3.6180 11.5263 -0.7711
v 3.6247 11.6199 -0.6792
v 3.5945 11.7053 -0.5834
v 3.5286 11.3693 -0.8693
v 3.4597 11.3198 -0.8894
v 3.1495 11.2474 -0.8155
v 3.0808 11.2545 -0.7676
v 3.0214 11.2691 -0.7064
v 3.3841 11.2904 -0.8971
v 3.6621 11.6175 -0.3409
v 3.4608 11.6379 -0.2320
v 3.3570 11.5820 -0.2121
v 3.1564 11.3397 -0.2550
v 3.1176 11.2366 -0.3236
v 3.1154 11.1613 -0.4038
v 3.5693 11.6420 -0.2768
v 3.7351 11.2860 -0.6393
v 3.7691 11.3667 -0.5814
v 3.7603 11.4685 -0.4962
v 3.7272 11.5530 -0.4128
v 3.6808 11.2184 -0.6789
v 3.5963 11.1778 -0.6883
v 3.2906 11.1000 -0.6048
v 3.2260 11.1063 -0.5574
v 3.1655 11.1297 -0.4819
v 3.5206 11.1426 -0.6867
v 3.8200 11.4231 -0.1353
v 3.6256 11.4380 -0.0540
v 3.5319 11.3875 -0.0411
v 3.3490 11.1940 -0.0605
v 3.3130 11.1034 -0.1137
v 3.3156 11.0363 -0.1860
v 3.7246 11.4485 -0.0851
v 3.8879 11.1353 -0.4053
v 3.9165 11.2137 -0.3458
v 3.9146 11.2993 -0.2746
v 3.8846 11.3690 -0.1995
v 3.8445 11.0624 -0.4547
v 3.7529 11.0273 -0.4572
v 3.4560 10.9561 -0.3688
v 3.3966 10.9691 -0.3225
v 3.3486 10.9975 -0.2538
v 3.6774 10.9985 -0.4488
v 3.9721 11.2329 0.0959
v 3.7950 11.2427 0.1701
v 3.7083 11.2010 0.1727
v 3.5394 11.0476 0.1482
v 3.5096 10.9745 0.1034
v 3.5141 10.9133 0.0402
v 3.8898 11.2456 0.1405
v 4.0504 10.9935 -0.1692
v 4.0726 11.0637 -0.1044
v 4.0698 11.1367 -0.0385
v 4.0336 11.1952 0.0351
v 4.0120 10.9334 -0.2028
v 3.9514 10.8849 -0.2193
v 3.6439 10.8077 -0.1260
v 3.5852 10.8372 -0.0773
v 3.5341 10.8655 -0.0162
v 3.8669 10.8521 -0.2055
v 4.0805 11.0794 0.2635
v 3.9285 11.0936 0.3362
v 3.8551 11.0585 0.3541
v 3.7157 10.9325 0.3287
v 3.6878 10.8677 0.2882
v 3.6889 10.8096 0.2349
v 4.0084 11.0973 0.3073
v 4.1760 10.8993 0.0554
v 4.1835 10.9531 0.1009
v 4.1724 11.0034 0.1527
v 4.1382 11.0450 0.2091
v 4.1522 10.8435 0.0237
v 4.1174 10.7839 0.0146
v 3.8189 10.6924 0.0803
v 3.7586 10.7204 0.1243
v 3.7117 10.7571 0.1767
v 4.0465 10.7376 0.0155
v 4.1646 10.9527 0.4123
v 4.0383 10.9726 0.4814
v 3.9767 10.9492 0.5081
v 3.8604 10.8407 0.4858
v 3.8384 10.7835 0.4471
v 3.8370 10.7273 0.4004
v 4.1041 10.9718 0.4521
v 4.2745 10.8132 0.2322
v 4.2690 10.8565 0.2719
v 4.2486 10.8950 0.3184
v 4.2133 10.9262 0.3668
v 4.2615 10.7643 0.2017
v 4.2263 10.7095 0.1829
v 3.9557 10.5972 0.2444
v 3.8991 10.6268 0.2906
v 3.8562 10.6701 0.3439
v 4.1788 10.6532 0.1843
v 4.2261 10.8579 0.5278
v 4.1231 10.8769 0.5950
v 4.0647 10.8612 0.6236
v 3.9740 10.7768 0.6000
v 3.9581 10.7291 0.5644
v 3.9572 10.6759 0.5255
v 4.1772 10.8738 0.5646
v 4.3418 10.7386 0.3636
v 4.3291 10.7765 0.3999
v 4.3046 10.8099 0.4425
v 4.2710 10.8344 0.4862
v 4.3368 10.6940 0.3344
v 4.3088 10.6424 0.3138
v 4.0480 10.5238 0.3709
v 3.9992 10.5608 0.4192
v 3.9682 10.6146 0.4742
v 4.2671 10.5891 0.3095
v 4.2868 10.7851 0.6210
v 4.1933 10.8092 0.6882
v 4.1451 10.7962 0.7130
v 4.0556 10.7208 0.6784
v 4.0365 10.6788 0.6462
v 4.0320 10.6296 0.6121
v 4.2428 10.8035 0.6576
v 4.3906 10.6614 0.4650
v 4.3790 10.6983 0.4988
v 4.3549 10.7340 0.5401
v 4.3223 10.7629 0.5835
v 4.3874 10.6218 0.4374
v 4.3673 10.5769 0.4141
v 4.1108 10.4763 0.4601
v 4.0643 10.5174 0.5101
v 4.0388 10.5727 0.5653
v 4.3370 10.5312 0.4045
v 4.3813 10.6884 0.7531
v 4.2847 10.7248 0.8224
v 4.2230 10.7229 0.8424
v 4.1289 10.6482 0.7920
v 4.1068 10.6118 0.7552
v 4.0973 10.5742 0.7149
v 4.3393 10.7121 0.7899
v 4.4641 10.5450 0.6084
v 4.4538 10.5837 0.6419
v 4.4358 10.6229 0.6793
v 4.4119 10.6584 0.7169
v 4.4639 10.5071 0.5778
v 4.4497 10.4664 0.5434
v 4.1710 10.4261 0.5560
v 4.1254 10.4732 0.6115
v 4.1016 10.5277 0.6688
v 4.4237 10.4348 0.5131
v 4.3561 10.6541 0.9655
v 4.1932 10.6687 0.9909
v 4.0586 10.5020 0.9874
v 4.2790 10.6702 0.9903
v 4.5186 10.5276 0.8083
v 4.4947 10.5637 0.8455
v 4.4624 10.5964 0.8853
v 4.4167 10.6269 0.9274
v 4.5368 10.4880 0.7724
v 4.5493 10.4110 0.6973
v 4.6171 10.1366 1.4638
v 4.5916 10.1652 1.5093
v 4.7458 10.1301 1.1780
v 4.7777 10.0037 1.1008
v 4.7522 10.0645 1.0530
v 4.7540 10.0575 0.9926
v 4.5476 10.4465 0.7372
v 4.0511 10.2549 1.4453
v 3.9412 10.3027 1.4571
v 3.9425 10.3755 1.5023
v 3.9319 10.3376 1.4771
v 4.1111 10.3335 1.5240
v 4.0501 10.3885 1.5341
v 3.9871 10.3982 1.5271
v 4.1142 10.2981 1.4960
v 3.9800 10.2684 1.4371
v 4.0959 10.2716 1.4754
v 4.0604 10.2654 1.4194
v 3.9512 10.3171 1.4236
v 3.9560 10.3901 1.4627
v 3.9449 10.3521 1.4404
v 4.1274 10.3448 1.4895
v 4.0703 10.4025 1.4994
v 4.0026 10.4165 1.4886
v 4.1287 10.3100 1.4611
v 3.9844 10.2818 1.4082
v 4.1083 10.2837 1.4449
v 4.0695 10.2723 1.4015
v 3.9566 10.3279 1.3942
v 3.9655 10.4021 1.4234
v 3.9537 10.3649 1.4062
v 4.1438 10.3537 1.4611
v 4.0867 10.4188 1.4693
v 4.0138 10.4379 1.4497
v 4.1438 10.3195 1.4358
v 3.9902 10.2899 1.3887
v 4.1202 10.2922 1.4223
v 4.0783 10.2779 1.3832
v 3.9670 10.3366 1.3670
v 3.9761 10.4207 1.3866
v 3.9621 10.3783 1.3742
v 4.1625 10.3609 1.4371
v 4.1051 10.4354 1.4411
v 4.0243 10.4620 1.4095
v 4.1602 10.3252 1.4141
v 4.0012 10.2963 1.3662
v 4.1304 10.2972 1.4011
v 4.0914 10.2847 1.3613
v 3.9810 10.3424 1.3325
v 3.9851 10.4449 1.3422
v 3.9703 10.3913 1.3310
v 4.1878 10.3758 1.4175
v 4.1282 10.4540 1.4114
v 4.0441 10.4908 1.3733
v 4.1820 10.3279 1.3941
v 4.0071 10.3028 1.3472
v 4.1488 10.3026 1.3781
v 4.1328 10.2939 1.3304
v 4.0061 10.3399 1.2759
v 3.9937 10.4790 1.2860
v 3.9883 10.4045 1.2704
v 4.2364 10.3934 1.3998
v 4.1479 10.4814 1.3779
v 4.0438 10.5188 1.3207
v 4.2250 10.3349 1.3899
v 4.0650 10.2976 1.2967
v 4.1842 10.3053 1.3590
v 4.0745 10.3975 1.0004
v 4.1009 10.3333 1.0354
v 4.1824 10.2744 1.1042
v 4.3014 10.2260 1.1951
v 4.2284 10.2683 1.0438
v 4.3527 10.2158 1.1383
v 4.2761 10.2580 0.9912
v 4.4001 10.2039 1.0892
v 4.1528 10.4298 0.8093
v 4.3247 10.2421 0.9409
v 4.4295 10.1675 1.0372
v 4.1890 10.3877 0.7518
v 4.3561 10.1782 0.8877
v 4.4508 10.1119 0.9764
v 4.2336 10.3337 0.6945
v 4.4116 10.0991 0.8361
v 4.4814 10.0396 0.9083
v 4.3001 10.2551 0.6495
v 4.6170 9.8862 0.9817
v 4.6477 10.2978 0.8982
v 4.6137 10.3783 0.9726
v 4.6035 10.0932 0.7626
v 4.6609 10.1954 0.8177
v 4.5084 10.4808 1.0995
v 4.5598 10.4509 1.0547
v 4.6368 10.3436 0.9339
v 4.2414 10.2924 0.7361
v 4.5014 10.0210 0.7899
v 4.5900 10.4155 1.0116
v 4.3628 10.5689 1.1812
v 4.6589 10.2491 0.8687
v 4.0626 10.5586 1.2569
v 4.4502 10.5238 1.1441
v 4.5524 10.0438 0.7662
v 4.5991 9.9154 0.9257
v 4.2035 10.6463 1.0873
v 4.1162 10.4482 0.8727
v 4.2941 10.3376 0.5890
v 4.2196 10.3848 0.6361
v 4.4082 10.3006 0.5733
v 4.1743 10.4280 0.6945
v 4.1376 10.5131 0.8093
v 4.1481 10.4757 0.7529
v 4.1420 10.6185 0.9619
v 0.4759 13.7333 -0.5170
v 0.3610 13.8607 -0.5085
v 0.3011 14.0001 -0.4857
v 0.2502 14.1519 -0.4855
v 0.2289 14.2874 -0.4549
v 0.2498 14.3922 -0.3760
v 0.3036 14.4683 -0.2581
v 0.3488 14.4888 -0.1633
v 0.3770 14.5014 -0.0974
v 0.4025 14.5119 -0.0434
v 0.4109 14.5315 0.0036
v 0.4049 14.5562 0.0454
v 0.3194 14.6896 0.2705
v 0.2894 14.7202 0.2964
v 0.2795 14.7323 0.3036
v 0.2562 14.7567 0.3169
v 0.2496 14.7632 0.3177
v 0.2454 14.7676 0.3197
v 0.2415 14.7710 0.3214
v 0.2388 14.7736 0.3179
v 0.2367 14.7757 0.3098
v 0.2377 14.7775 0.2946
v 0.2445 14.7781 0.2730
v 0.2427 14.7711 0.2589
v 0.2448 14.7601 0.2490
v 0.2472 14.7536 0.2392
v 0.2552 14.7433 0.2167
v 0.2784 14.7392 0.1672
v 0.2994 14.7416 0.0641
v 0.3297 14.7494 -0.0905
v 0.3158 14.7511 -0.2853
v 0.2617 14.7522 -0.5001
v 0.1892 14.7580 -0.5330
v 0.1975 14.8266 -0.5350
v 0.2890 14.9077 -0.4587
v 0.3234 14.9784 -0.2833
v 0.3235 15.0120 -0.0822
v 0.2810 14.9815 0.0938
v 0.2594 14.9386 0.1989
v 0.2366 14.8948 0.2505
v 0.2286 14.8598 0.2685
v 0.2274 14.8309 0.2753
v 0.2282 14.8032 0.2796
v 0.2304 14.7893 0.2960
v 0.2315 14.7831 0.3113
v 0.2351 14.7796 0.3217
v 0.2399 14.7788 0.3266
v 0.2443 14.7792 0.3276
v 0.2490 14.7795 0.3265
v 0.2575 14.7812 0.3256
v 0.2652 14.7824 0.3223
v 0.2863 14.7949 0.3145
v 0.2997 14.8012 0.3078
v 0.6472 15.4496 -0.0419
v 0.6302 15.5217 -0.0094
v 0.6054 15.5916 0.0446
v 0.5714 15.6551 0.1137
v 0.5148 15.7138 0.1850
v 0.4384 15.7575 0.2552
v 0.3462 15.7890 0.3158
v 0.2505 15.8114 0.3647
v 0.1546 15.8229 0.4032
v 0.0610 15.8254 0.4218
v 0.6501 13.6445 -0.4744
v 0.9280 13.6454 -0.3487
v 1.1852 13.6196 -0.2886
v 1.4188 13.5702 -0.2859
v 1.6021 13.4668 -0.3130
v 1.7392 13.3355 -0.3710
v 1.8258 13.2218 -0.4274
v 1.8772 13.1249 -0.4787
v 1.9200 13.0504 -0.5172
v 1.9623 12.9845 -0.5394
v 2.0324 12.8886 -0.5402
v 2.1481 12.7462 -0.5459
v 2.2944 12.5665 -0.5465
v 2.4296 12.3728 -0.5453
v 2.5785 12.1835 -0.5278
v 2.6782 12.0524 -0.5382
v 2.7726 11.9424 -0.5496
v 3.9116 10.9014 0.5078
v 4.0131 10.8240 0.6240
v 4.0955 10.7612 0.7047
v 4.1675 10.6887 0.8249
v 4.1171 10.5518 0.8911
v 3.7805 11.0058 0.3501
v 1.1604 13.0186 -1.6276
v 0.9682 12.9928 -1.6858
v 0.7655 12.9866 -1.6974
v 0.5545 12.9685 -1.5952
v 0.3760 12.9552 -1.6214
v 0.1894 12.9422 -1.6065
v 1.4576 12.9944 -1.5175
v 1.6522 12.8808 -1.4378
v 1.7339 12.8191 -1.4076
v 1.8228 12.7456 -1.3769
v 1.9354 12.6129 -1.3759
v 1.5609 12.9483 -1.4737
v 1.3267 13.0152 -1.5703
v 2.0814 12.4402 -1.3518
v 2.2309 12.2567 -1.3339
v 2.3884 12.1065 -1.3201
v 2.5233 11.9732 -1.2994
v 2.6534 11.8643 -1.2896
v 2.7783 11.7587 -1.2839
v 2.8846 11.6722 -1.2530
v 2.9813 11.5854 -1.2210
v 3.0847 11.4945 -1.1511
v 3.1899 11.3955 -1.0369
v 3.3121 11.2640 -0.8862
v 3.4452 11.1114 -0.6734
v 3.6041 10.9640 -0.4336
v 3.7887 10.8128 -0.1850
v 3.9678 10.7012 0.0298
v 4.1025 10.6129 0.1935
v 4.1994 10.5406 0.3197
v 4.2716 10.4855 0.4107
v 4.3425 10.3985 0.5049
v 4.5356 10.3496 0.6482
v 4.4576 10.0494 1.3695
v 4.5909 9.9291 1.1646
v 4.5576 9.9510 1.2085
v 4.4029 10.1319 1.4890
v 4.4930 10.0147 1.3152
v 4.5236 9.9936 1.2670
v 4.6487 9.8734 1.0595
v 4.6796 9.8537 1.0168
v 4.3929 10.2367 1.5577
v 4.4290 10.0927 1.4341
v 4.6240 9.9033 1.1189
v 4.2752 10.3186 1.4175
v 4.3422 10.3701 1.4381
v 4.3160 10.2932 1.4646
v 4.2839 10.2595 1.3754
v 4.3293 10.5092 1.3005
v 4.4162 10.3944 1.4276
v 4.2402 10.6091 1.1921
v 4.1166 10.6130 1.0650
v 4.3167 10.2027 0.6971
v 4.3451 10.1574 0.7630
v 4.2771 10.2350 0.7977
v 4.1956 10.3558 0.7915
v 4.2326 10.3026 0.8466
v 4.1595 10.3836 0.8462
v 4.1906 10.3273 0.8998
v 4.1147 10.3929 0.9091
v 4.1430 10.3367 0.9613
v 4.3492 10.2563 1.5082
v 1.1313 12.8501 -1.6220
v 0.9248 12.8403 -1.6537
v 0.7247 12.8484 -1.6244
v 0.5397 12.8426 -1.5939
v 0.3685 12.8355 -1.6077
v 0.1936 12.8330 -1.5938
v 1.4279 12.8408 -1.4790
v 1.6067 12.7966 -1.3946
v 1.6862 12.7515 -1.3695
v 1.7770 12.6820 -1.3489
v 1.8804 12.5794 -1.3269
v 1.5250 12.8292 -1.4299
v 2.0258 12.4238 -1.2954
v 2.1768 12.2324 -1.2824
v 2.3353 12.0803 -1.2704
v 2.4623 11.9421 -1.2586
v 4.5996 10.2209 0.6955
v 2.5877 11.8306 -1.2474
v 2.7094 11.7335 -1.2525
v 2.8128 11.6539 -1.2365
v 2.9062 11.5723 -1.2045
v 3.0171 11.4745 -1.1282
v 3.1181 11.3812 -1.0116
v 3.2260 11.2526 -0.8548
v 3.3638 11.1017 -0.6475
v 3.5259 10.9521 -0.4117
v 3.7187 10.7987 -0.1555
v 3.8896 10.6846 0.0518
v 4.0227 10.5908 0.2130
v 4.1143 10.5139 0.3376
v 4.1801 10.4610 0.4260
v 4.2469 10.3946 0.5151
v 4.6467 10.1553 0.7797
v 1.2956 12.8499 -1.5511
v 4.5097 10.3152 0.5978
v 4.6865 10.0935 0.8478
v 3.4429 11.3103 -0.0393
v 3.6285 11.1509 0.1681
v 3.2553 11.4741 -0.2222
v 3.1140 11.6127 -0.3820
v 3.0509 11.6652 -0.4824
v 3.0088 11.7011 -0.5367
v 2.9625 11.7424 -0.5583
v 2.9108 11.7922 -0.5610
v 2.8512 11.8558 -0.5559
v 4.3700 10.7037 0.6570
v 4.3379 10.7310 0.6938
v 4.4265 10.5591 0.5155
v 4.4276 10.5956 0.5442
v 4.0809 10.6380 0.7067
v 4.0992 10.6785 0.7386
v 4.4122 10.5197 0.4865
v 4.3907 10.4854 0.4645
v 4.0721 10.5953 0.6740
v 4.1448 10.4432 0.5151
v 4.2972 10.7504 0.7286
v 4.2458 10.7578 0.7586
v 4.0996 10.4894 0.5695
v 4.3972 10.6704 0.6163
v 4.1886 10.7461 0.7776
v 4.0762 10.5459 0.6278
v 4.4173 10.6326 0.5772
v 4.1390 10.7188 0.7656
v 4.3149 10.4437 0.4627
v 4.2162 10.4175 0.4772
v 4.3732 10.3459 0.5373
v 4.4685 10.3740 0.5553
v 4.4911 10.4096 0.5955
v 4.5047 10.4570 0.6365
v 4.5041 10.4986 0.6704
v 4.4933 10.5402 0.7044
v 4.4754 10.5801 0.7408
v 4.4520 10.6164 0.7773
v 4.4208 10.6480 0.8151
v 4.3771 10.6755 0.8548
v 4.3197 10.6945 0.8898
v 4.2527 10.6960 0.9085
v 4.2730 10.3729 0.5490
v 4.1952 10.4082 0.5940
v 4.1514 10.4529 0.6524
v 4.1265 10.5033 0.7099
v 4.1217 10.5479 0.7570
v 4.1328 10.5791 0.8150
v 4.1539 10.6257 0.8664
v 4.1885 10.6700 0.8983
v 1.2784 12.1976 -0.3456
v 1.3787 12.1073 -0.7917
v 1.3373 12.1128 -0.5492
v 0.9628 12.2314 -1.4497
v 0.7934 12.2462 -1.4788
v 0.6388 12.2503 -1.4956
v 0.4953 12.2491 -1.5148
v 0.3542 12.2476 -1.5301
v 0.1991 12.2423 -1.5066
v 1.2520 12.1964 -1.2587
v 1.3353 12.1638 -1.1434
v 1.3770 12.1324 -0.9988
v 1.1213 12.2136 -1.3580
v 1.2682 12.0308 -0.3174
v 1.3306 11.9041 -0.7447
v 1.3097 11.9291 -0.5200
v 0.9053 12.0462 -1.3661
v 0.7551 12.0627 -1.4208
v 0.6092 12.0640 -1.4488
v 0.4793 12.0613 -1.4882
v 0.3409 12.0622 -1.4986
v 0.1753 12.0636 -1.4609
v 1.1893 12.0012 -1.1978
v 1.2633 11.9639 -1.0859
v 1.3089 11.9325 -0.9382
v 1.0660 12.0199 -1.2924
v 1.2425 11.8143 -0.2841
v 1.2759 11.6900 -0.6899
v 1.2788 11.7111 -0.4810
v 0.8546 11.8220 -1.3101
v 0.7153 11.8434 -1.3636
v 0.5825 11.8476 -1.4089
v 0.4596 11.8494 -1.4485
v 0.3212 11.8634 -1.4499
v 0.1696 11.8601 -1.4223
v 1.1234 11.7660 -1.1445
v 1.2039 11.7390 -1.0367
v 1.2476 11.7142 -0.8801
v 1.0021 11.7894 -1.2353
v 1.2130 11.5642 -0.2459
v 1.2335 11.4675 -0.6218
v 1.2471 11.4926 -0.4345
v 0.7959 11.5680 -1.2689
v 0.6681 11.5896 -1.3174
v 0.5480 11.6011 -1.3565
v 0.4325 11.6095 -1.3870
v 0.2946 11.6128 -1.3773
v 0.1560 11.6264 -1.3767
v 1.0540 11.5182 -1.0838
v 1.1241 11.4969 -0.9294
v 1.1844 11.4726 -0.7977
v 0.9322 11.5392 -1.1885
v 1.2012 11.3206 -0.1992
v 1.1707 11.2345 -0.5704
v 1.2246 11.2607 -0.3812
v 0.7501 11.3332 -1.2329
v 0.6305 11.3455 -1.2738
v 0.5197 11.3554 -1.3048
v 0.4081 11.3666 -1.3218
v 0.2899 11.3678 -1.3341
v 0.1625 11.3593 -1.3194
v 0.9870 11.2795 -0.9982
v 1.0696 11.2588 -0.8707
v 1.1344 11.2404 -0.7333
v 0.8784 11.3085 -1.1503
v 1.1923 11.0730 -0.1844
v 1.1705 11.0221 -0.5525
v 1.2034 11.0367 -0.3641
v 0.7361 11.1077 -1.1833
v 0.6208 11.1271 -1.2422
v 0.5115 11.1392 -1.2827
v 0.3964 11.1400 -1.2934
v 0.2792 11.1368 -1.2917
v 0.1579 11.1242 -1.2881
v 0.9521 11.0563 -0.9585
v 1.0473 11.0348 -0.8415
v 1.1107 11.0171 -0.7047
v 0.8469 11.0791 -1.0778
v 1.2070 10.8379 -0.2025
v 1.1871 10.8218 -0.5756
v 1.2077 10.8252 -0.3837
v 0.7295 10.8962 -1.1535
v 0.6142 10.9194 -1.2201
v 0.5021 10.9330 -1.2577
v 0.3934 10.9357 -1.2795
v 0.2813 10.9239 -1.2849
v 0.1637 10.9189 -1.2902
v 0.9312 10.8494 -0.9296
v 1.0352 10.8308 -0.8286
v 1.1199 10.8161 -0.7165
v 0.8375 10.8742 -1.0455
v 1.2164 10.6666 -0.2454
v 1.1985 10.6541 -0.6102
v 1.2311 10.6659 -0.4233
v 0.7297 10.7135 -1.1239
v 0.6186 10.7387 -1.2149
v 0.5075 10.7523 -1.2643
v 0.3999 10.7535 -1.2878
v 0.2938 10.7409 -1.2980
v 0.1725 10.7266 -1.2972
v 0.9632 10.6814 -0.9512
v 1.0645 10.6673 -0.8574
v 1.1518 10.6554 -0.7547
v 0.8409 10.6983 -1.0365
v 1.2634 10.4034 -0.3007
v 1.2742 10.4257 -0.6641
v 1.2946 10.4157 -0.4805
v 0.4752 10.3486 0.3064
v 0.7520 10.5766 -1.1406
v 0.6324 10.5986 -1.2138
v 0.5177 10.6077 -1.2671
v 0.4104 10.6038 -1.3022
v 0.2923 10.5892 -1.3327
v 0.1686 10.5699 -1.3423
v 0.1187 10.3763 0.3576
v 1.1328 10.4321 -0.9315
v 1.2165 10.4305 -0.8125
v 0.9120 10.4416 -1.1092
v 1.3040 10.2760 -0.3136
v 1.3152 10.3015 -0.6963
v 1.3425 10.2890 -0.5028
v 0.2823 10.3641 0.3438
v 0.8060 10.3259 -1.2295
v 0.6706 10.3379 -1.2853
v 0.5426 10.3464 -1.3264
v 0.4205 10.3496 -1.3573
v 0.2999 10.3518 -1.3942
v 0.1624 10.3531 -1.4038
v 1.1663 10.3058 -0.9683
v 1.2685 10.3056 -0.8488
v 0.9414 10.3135 -1.1623
v 1.2272 12.2803 -0.1708
v 1.1887 12.0949 -0.1538
v 1.1732 11.8897 -0.1333
v 1.1199 11.3709 -0.0376
v 1.1513 11.6510 -0.0775
v 0.6947 11.4505 0.4012
v 0.8987 11.4010 0.2634
v 1.0967 10.3826 0.0300
v 0.1318 10.8504 0.4379
v 0.1334 11.3654 0.5208
v 0.2948 10.8185 0.4244
v 0.6801 11.1981 0.3719
v 0.8740 11.1417 0.2454
v 1.0571 10.6548 0.0607
v 0.4798 10.7803 0.3782
v 0.1487 11.6160 0.5006
v 0.4783 11.0099 0.4304
v 0.6897 10.9022 0.3580
v 0.8740 10.8463 0.2212
v 1.0284 10.8421 0.0902
v 0.2988 11.0697 0.4723
v 0.1350 11.1053 0.4879
v 0.6826 10.7075 0.3007
v 0.8898 10.6557 0.1904
v 1.0194 11.1173 0.1132
v 0.4642 11.5263 0.4831
v 0.2938 11.3303 0.5144
v 0.6937 10.3570 0.2397
v 0.9179 10.3670 0.1494
v 1.0225 11.4047 0.1137
v 0.4747 11.2748 0.4792
v 0.3013 11.5806 0.5011
v 1.1191 11.0996 -0.0256
v 1.1572 10.8412 -0.0403
v 1.1964 10.6718 -0.0740
v 1.2250 10.3983 -0.1199
v 1.0366 10.4332 -1.0267
v 0.0995 10.1922 0.3252
v 0.1418 10.0210 0.3163
v 0.1186 9.8244 0.3529
v 0.0587 10.1376 0.2940
v 0.0895 10.0134 0.2986
v 0.0758 9.8911 0.3062
v 0.0347 10.0842 0.3139
v 0.0534 10.0081 0.3050
v 0.0453 9.9346 0.2974
v 0.4942 10.1867 0.2838
v 0.2899 10.2064 0.3278
v 1.1168 10.2388 0.0180
v 0.7026 10.1931 0.2133
v 0.9211 10.2126 0.1280
v 1.2556 10.2616 -0.1268
v 1.3627 10.1322 -0.3253
v 1.3877 10.1641 -0.7269
v 1.4111 10.1490 -0.5232
v 1.2449 10.1720 -1.0719
v 1.3417 10.1675 -0.9091
v 0.5093 10.0043 0.2676
v 0.3107 10.0028 0.3081
v 1.1430 10.0797 0.0074
v 0.7211 10.0241 0.1975
v 0.9388 10.0467 0.1128
v 1.2975 10.1102 -0.1339
v 1.1765 10.5426 -0.7883
v 1.0943 10.5450 -0.8927
v 1.2367 10.5277 -0.2764
v 1.2564 10.5331 -0.4534
v 1.2364 10.5394 -0.6341
v 0.8845 10.5632 -1.0718
v 0.4186 10.4775 -1.3266
v 0.3010 10.4703 -1.3564
v 0.1669 10.4629 -1.3740
v 0.7797 10.4546 -1.1776
v 0.6529 10.4677 -1.2350
v 0.1324 10.5755 0.3844
v 0.5329 10.4799 -1.2974
v 1.2126 10.5298 -0.1007
v 0.4827 10.5462 0.3322
v 0.2835 10.5636 0.3725
v 0.6826 10.5280 0.2699
v 0.9027 10.5108 0.1745
v 1.0830 10.5192 0.0461
v 1.0023 10.5510 -0.9900
v 1.1918 9.8938 -0.0065
v 0.3284 9.7727 0.3215
v 0.5287 9.7819 0.2633
v 1.4155 9.9995 -0.9748
v 1.3281 10.0040 -1.1698
v 1.4856 9.9800 -0.5422
v 1.4734 10.0018 -0.7612
v 1.4235 9.9560 -0.3418
v 1.3516 9.9304 -0.1492
v 0.9717 9.8505 0.0981
v 0.7429 9.8178 0.1869
v 1.0659 10.3019 -1.0611
v 1.1241 10.1649 -1.1654
v 1.1872 9.9949 -1.2902
v 0.8316 10.1804 -1.3014
v 0.6860 10.1928 -1.3609
v 0.5441 10.1964 -1.3780
v 0.4186 10.2015 -1.4065
v 0.2890 10.1970 -1.4371
v 0.1533 10.2091 -1.4380
v 0.8600 10.0010 -1.4309
v 0.6957 10.0063 -1.4695
v 0.5400 10.0059 -1.4756
v 0.4054 10.0061 -1.4889
v 0.2767 10.0100 -1.5040
v 0.1393 10.0120 -1.4945
v 0.8821 9.7740 -1.5910
v 0.6932 9.7716 -1.6080
v 0.5218 9.7678 -1.6059
v 0.3788 9.7670 -1.6075
v 0.2525 9.7618 -1.6095
v 0.1291 9.7458 -1.6120
v 0.9834 10.1721 -1.2450
v 1.0273 9.9924 -1.3698
v 1.2669 9.5515 -1.5404
v 0.9001 9.3082 -1.8986
v 0.6764 9.3155 -1.9156
v 0.4810 9.3130 -1.8942
v 0.3233 9.3057 -1.8459
v 0.2001 9.2999 -1.8154
v 0.1040 9.2998 -1.7968
v 1.0804 9.5438 -1.6477
v 1.2813 9.3025 -1.6477
v 1.0925 9.3035 -1.7970
v 0.8925 9.0370 -2.0158
v 0.6706 9.0444 -2.0297
v 0.4367 9.0521 -1.9977
v 0.2763 9.0488 -1.9377
v 0.1559 9.0387 -1.8841
v 0.0767 9.0363 -1.8630
v 1.2926 9.0266 -1.7508
v 0.8862 8.7605 -2.0947
v 0.6624 8.7680 -2.1151
v 0.4089 8.7597 -2.0619
v 0.2527 8.7530 -2.0166
v 0.1325 8.7451 -1.9420
v 0.0681 8.7382 -1.8788
v 1.1066 9.0328 -1.9257
v 1.3059 8.7485 -1.7982
v 0.8619 8.5158 -2.0669
v 0.6155 8.5251 -2.0989
v 0.3917 8.5245 -2.0661
v 0.2385 8.5166 -2.0219
v 0.1231 8.5098 -1.9365
v 0.0645 8.5109 -1.8539
v 1.1056 8.7529 -1.9808
v 1.3159 8.5010 -1.8074
v 0.8455 8.2844 -2.0343
v 0.5964 8.2900 -2.0497
v 0.3802 8.2855 -2.0213
v 0.2268 8.2700 -1.9678
v 0.1249 8.2568 -1.8556
v 0.0643 8.2509 -1.7751
v 1.0984 8.5045 -1.9796
v 1.3258 8.2780 -1.7833
v 0.8219 8.0574 -1.9720
v 0.5683 8.0422 -1.9486
v 0.3774 8.0576 -1.9108
v 0.2210 8.0317 -1.8196
v 0.1204 8.0252 -1.7025
v 0.0626 8.0168 -1.5971
v 1.0920 8.2767 -1.9405
v 1.3482 8.0787 -1.7349
v 0.8200 7.8016 -1.8390
v 0.5509 7.7091 -1.7096
v 0.3528 7.7766 -1.6730
v 0.2198 7.7993 -1.6396
v 0.1344 7.8312 -1.4680
v 0.0653 7.8359 -1.3634
v 1.0926 8.0665 -1.8838
v 1.3953 7.9013 -1.6652
v 0.9006 7.5910 -1.7486
v 0.6779 7.4950 -1.6479
v 0.2195 7.6668 -1.3940
v 0.1561 7.7284 -1.2794
v 0.0816 7.7575 -1.2001
v 1.1250 7.8614 -1.7940
v 1.5402 9.5563 -1.0821
v 1.4114 9.5521 -1.3280
v 1.6410 9.5423 -0.5980
v 1.6339 9.5605 -0.8339
v 1.5944 9.5209 -0.3806
v 1.4734 9.4856 -0.1962
v 1.5575 9.3116 -1.1396
v 1.4213 9.2991 -1.3931
v 1.6735 9.2947 -0.6365
v 1.6631 9.3058 -0.8787
v 1.6362 9.2741 -0.4070
v 1.5065 9.2407 -0.2107
v 1.5812 9.0330 -1.1977
v 1.4374 9.0320 -1.4650
v 1.6964 9.0300 -0.6768
v 1.6906 9.0350 -0.9267
v 1.6520 9.0078 -0.4249
v 1.5361 8.9784 -0.2078
v 1.6123 8.7587 -1.2387
v 1.4715 8.7577 -1.5226
v 1.7157 8.7414 -0.6917
v 1.7043 8.7517 -0.9574
v 1.6723 8.7245 -0.4299
v 1.5571 8.6954 -0.2036
v 1.6404 8.5070 -1.2508
v 1.4975 8.5113 -1.5371
v 1.7416 8.4762 -0.6810
v 1.7275 8.4896 -0.9583
v 1.7073 8.4652 -0.4101
v 1.5844 8.4256 -0.1786
v 1.6648 8.2833 -1.2305
v 1.5246 8.2907 -1.5219
v 1.7701 8.2661 -0.6499
v 1.7472 8.2691 -0.9347
v 1.7382 8.2608 -0.3741
v 1.6091 8.2237 -0.1524
v 1.7072 8.0934 -1.1891
v 1.5669 8.0982 -1.4808
v 1.8099 8.0924 -0.6141
v 1.7814 8.0877 -0.8981
v 1.7663 8.0885 -0.3392
v 1.6419 8.0619 -0.1303
v 1.7470 7.9328 -1.1497
v 1.6119 7.9323 -1.4312
v 1.8493 7.9275 -0.5873
v 1.8194 7.9275 -0.8655
v 0.8925 7.6195 0.0117
v 0.8356 7.7895 0.0187
v 1.2516 9.4351 -0.0534
v 0.3717 9.1761 0.2917
v 0.5699 9.2361 0.2337
v 1.0049 9.3733 0.0552
v 0.7771 9.3050 0.1430
v 1.2999 9.1999 -0.0525
v 0.3741 8.8665 0.2546
v 0.5754 8.9457 0.1903
v 1.0290 9.1164 0.0393
v 0.7863 9.0344 0.1245
v 1.3417 8.9277 -0.0407
v 0.3535 8.5628 0.1920
v 0.5616 8.6552 0.1436
v 1.0548 8.8495 0.0413
v 0.7855 8.7538 0.0842
v 1.3543 8.6504 -0.0394
v 0.3096 8.2906 0.0945
v 0.5277 8.3865 0.0616
v 1.0796 8.5827 0.0514
v 0.7933 8.4959 0.0750
v 1.3762 8.3848 -0.0225
v 0.2640 8.0989 0.0111
v 0.4908 8.1855 -0.0110
v 1.0938 8.3318 0.0601
v 0.7861 8.2709 0.0574
v 1.4040 8.1917 -0.0111
v 0.2325 7.9761 -0.0712
v 0.4062 8.0222 -0.0592
v 1.0979 8.1460 0.0557
v 0.7651 8.0941 0.0382
v 1.4432 8.0350 -0.0025
v 0.4900 7.8683 -0.0929
v 1.1191 7.9902 0.0489
v 0.7853 7.9367 0.0236
v 0.1761 9.1316 0.3205
v 0.1815 8.8025 0.2722
v 0.1671 8.4953 0.1980
v 0.1503 8.2472 0.1119
v 0.1351 8.0569 0.0142
v 0.1178 7.9391 -0.0731
v 0.9854 9.6228 0.0797
v 0.7637 9.5630 0.1696
v 0.3541 9.4727 0.3173
v 0.1480 9.4445 0.3501
v 1.2167 9.6719 -0.0311
v 0.5531 9.5113 0.2517
v 0.0899 7.8165 -0.2576
v 0.0837 7.7632 -0.4819
v 0.0820 7.7451 -0.8532
v 0.0697 7.7202 -1.0381
v 0.1843 7.8545 -0.2734
v 0.1495 7.7885 -0.4977
v 0.1605 7.7349 -0.8647
v 0.1409 7.7216 -1.0666
v 0.2522 7.8489 -0.2871
v 0.2236 7.7411 -0.5181
v 0.2086 7.6479 -0.8865
v 0.2136 7.6295 -1.1313
v 0.1153 9.5334 -1.7035
v 0.8902 9.5513 -1.7502
v 0.6890 9.5526 -1.7734
v 0.5024 9.5453 -1.7426
v 1.0640 9.7666 -1.5109
v 0.3507 9.5431 -1.7309
v 0.2292 9.5370 -1.7187
v 1.2393 9.7771 -1.4262
v 1.5675 9.7919 -0.7944
v 1.4973 9.7896 -1.0285
v 1.3807 9.7141 -0.1812
v 1.5096 9.7507 -0.3610
v 1.5775 9.7727 -0.5655
v 1.3755 9.7814 -1.2591
v 1.4290 7.7321 -1.6076
v 1.1706 7.6672 -1.7075
v 1.7713 7.7995 -1.1260
v 1.6376 7.7853 -1.4030
v 1.8846 7.7941 -0.5686
v 1.8515 7.7986 -0.8427
v 1.1582 7.8363 0.0428
v 0.5573 7.7373 -0.0837
v 1.4801 7.8781 0.0031
v 1.6727 7.9030 -0.1154
v 0.3241 7.7208 -0.2922
v 0.2644 7.6124 -0.5293
v 0.2585 7.5201 -0.9335
v 0.2951 7.5278 -1.1719
v 1.2046 7.6721 0.0387
v 0.6214 7.5497 -0.0838
v 1.5219 7.7251 0.0071
v 1.7067 7.7553 -0.1038
v 0.3843 7.5885 -0.2926
v 0.3149 7.4747 -0.5345
v 0.3099 7.3791 -0.9607
v 0.3719 7.4032 -1.1959
v 0.4476 7.4270 -0.2953
v 0.3767 7.3223 -0.5384
v 0.3623 7.2278 -0.9812
v 0.4363 7.2668 -1.2078
v 0.3094 7.5947 -1.4314
v 1.7985 7.9327 -0.3175
v 1.8278 7.7914 -0.3062
v 0.4295 7.4858 -1.4537
v 0.5303 7.3525 -1.4599
v 0.9815 7.4326 -1.7164
v 0.7677 7.3247 -1.6082
v 0.9509 7.4179 0.0041
v 1.4692 7.5921 -1.5892
v 1.2257 7.5186 -1.6810
v 1.7960 7.6752 -1.1155
v 1.6698 7.6541 -1.3931
v 1.9105 7.6714 -0.5581
v 1.8749 7.6751 -0.8314
v 1.2535 7.4959 0.0340
v 0.7019 7.3300 -0.0943
v 1.5593 7.5681 0.0086
v 1.7455 7.6141 -0.0962
v 0.5216 7.2207 -0.3006
v 0.4414 7.1417 -0.5394
v 0.4243 7.0707 -0.9977
v 0.4990 7.1174 -1.2162
v 1.8626 7.6590 -0.2982
v 0.5977 7.2033 -1.4632
v 1.0447 7.2394 -1.6902
v 0.8312 7.1241 -1.5867
v 1.0271 7.1806 -0.0072
v 1.5190 7.4245 -1.5780
v 1.2792 7.3439 -1.6718
v 1.8319 7.4986 -1.1090
v 1.7137 7.4802 -1.3826
v 1.9388 7.4937 -0.5591
v 1.9034 7.4949 -0.8294
v 1.3096 7.2843 0.0298
v 0.7831 7.0809 -0.1159
v 1.5955 7.3651 0.0108
v 1.7906 7.4258 -0.0954
v 0.6083 6.9752 -0.3166
v 0.5125 6.9093 -0.5480
v 0.4913 6.8908 -1.0087
v 0.5625 6.9425 -1.2213
v 1.9057 7.4757 -0.2986
v 0.6503 7.0257 -1.4526
v 1.0805 6.9449 -1.6673
v 0.8871 6.8186 -1.5673
v 1.1018 6.8830 -0.0227
v 1.5631 7.1289 -1.5528
v 1.3220 7.0448 -1.6557
v 1.8541 7.1858 -1.0975
v 1.7439 7.1726 -1.3595
v 1.9638 7.1820 -0.5725
v 1.9241 7.1824 -0.8317
v 1.3632 6.9757 0.0236
v 0.8661 6.7794 -0.1404
v 1.6335 7.0582 0.0098
v 1.8252 7.1198 -0.1121
v 0.6805 6.6846 -0.3365
v 0.5803 6.6217 -0.5641
v 0.5516 6.5922 -1.0193
v 0.6392 6.6338 -1.2240
v 1.9391 7.1632 -0.3190
v 0.7201 6.7006 -1.4265
v 1.2213 6.1768 -1.5497
v 1.0409 6.0763 -1.4807
v 1.2206 6.1710 -0.0326
v 1.6598 6.3347 -1.4455
v 1.4282 6.2686 -1.5493
v 1.9151 6.3819 -1.0437
v 1.8216 6.3810 -1.2846
v 1.9714 6.3860 -0.6124
v 1.9536 6.3781 -0.8246
v 1.4661 6.2628 0.0092
v 0.9826 6.0714 -0.1431
v 1.7080 6.3257 -0.0271
v 1.8786 6.3779 -0.1720
v 0.8508 5.9949 -0.3529
v 0.7753 5.9367 -0.5722
v 0.7332 5.8937 -0.9960
v 0.7768 5.9175 -1.1837
v 1.9731 6.3990 -0.3785
v 0.8882 5.9829 -1.3478
v 1.3185 5.7432 -1.4589
v 1.1605 5.6615 -1.4037
v 1.2915 5.7669 -0.0679
v 1.7068 5.8744 -1.3607
v 1.4985 5.8094 -1.4600
v 1.9398 5.9372 -1.0166
v 1.8495 5.9178 -1.2151
v 1.9615 5.9438 -0.6604
v 1.9568 5.9387 -0.8294
v 1.5343 5.8495 -0.0428
v 1.0410 5.6773 -0.1580
v 1.7483 5.9050 -0.0996
v 1.8827 5.9392 -0.2611
v 0.9134 5.6015 -0.3564
v 0.8527 5.5484 -0.5688
v 0.8182 5.5059 -0.9806
v 0.8486 5.5220 -1.1608
v 1.9590 5.9540 -0.4642
v 0.9768 5.5861 -1.3259
v 1.3911 5.3186 -1.4230
v 1.2314 5.2525 -1.3826
v 1.3685 5.3593 -0.1457
v 1.7426 5.4322 -1.3216
v 1.5661 5.3851 -1.4176
v 1.9162 5.5004 -1.0063
v 1.8646 5.4719 -1.1840
v 1.9593 5.5014 -0.6859
v 1.9454 5.5152 -0.8435
v 1.5871 5.4168 -0.1403
v 1.1378 5.2848 -0.2005
v 1.7637 5.4759 -0.2256
v 1.9005 5.4999 -0.3622
v 0.9907 5.2181 -0.3807
v 0.9399 5.1687 -0.5696
v 0.9125 5.1290 -0.9570
v 0.9568 5.1386 -1.1324
v 1.9532 5.5056 -0.5255
v 1.0849 5.1904 -1.2747
v 1.4171 5.0517 -1.4230
v 1.2704 4.9773 -1.3807
v 1.4153 5.1060 -0.2274
v 1.7477 5.1675 -1.3238
v 1.5804 5.1148 -1.3988
v 1.9192 5.2239 -1.0124
v 1.8644 5.1973 -1.1777
v 1.9474 5.2387 -0.7123
v 1.9469 5.2358 -0.8570
v 1.6230 5.1626 -0.2003
v 1.2238 5.0513 -0.2620
v 1.7837 5.1943 -0.3070
v 1.8953 5.2302 -0.4283
v 1.0755 4.9617 -0.4102
v 1.0090 4.9124 -0.5786
v 0.9738 4.8803 -0.9526
v 1.0272 4.8899 -1.1237
v 1.9430 5.2402 -0.5675
v 1.1363 4.9240 -1.2660
v 1.4277 4.8744 -1.4242
v 1.2863 4.8068 -1.3801
v 1.4641 4.9110 -0.2155
v 1.7463 4.9873 -1.3240
v 1.5829 4.9343 -1.3938
v 1.9367 5.0393 -1.0306
v 1.8739 5.0209 -1.1957
v 1.9567 5.0379 -0.7306
v 1.9533 5.0420 -0.8754
v 1.6301 4.9554 -0.2268
v 1.2955 4.8513 -0.2643
v 1.7708 4.9907 -0.3376
v 1.8567 5.0083 -0.4623
v 1.1392 4.7833 -0.4265
v 1.0588 4.7397 -0.5973
v 0.9987 4.7161 -0.9658
v 1.0667 4.7294 -1.1139
v 1.9194 5.0232 -0.5938
v 1.1658 4.7595 -1.2581
v 1.4420 4.7314 -1.4305
v 1.3024 4.6710 -1.3733
v 1.4743 4.7293 -0.2135
v 1.7533 4.8381 -1.3322
v 1.6073 4.7898 -1.4154
v 1.9672 4.8861 -1.0487
v 1.8837 4.8747 -1.2140
v 1.9839 4.8646 -0.7487
v 1.9784 4.8763 -0.8935
v 1.6482 4.7660 -0.2536
v 1.3364 4.6863 -0.2537
v 1.7780 4.7972 -0.3579
v 1.8748 4.8212 -0.4753
v 1.1767 4.6184 -0.4372
v 1.0909 4.5803 -0.6127
v 1.0290 4.5673 -0.9759
v 1.0967 4.5870 -1.1185
v 1.9408 4.8426 -0.6094
v 1.1848 4.6208 -1.2602
v 1.4583 4.5965 -1.4463
v 1.3231 4.5406 -1.3776
v 1.5094 4.5618 -0.2237
v 1.7627 4.7018 -1.3461
v 1.6262 4.6539 -1.4329
v 1.9814 4.7330 -1.0694
v 1.8931 4.7373 -1.2352
v 2.0075 4.6982 -0.7668
v 1.9956 4.7161 -0.9142
v 1.6830 4.5906 -0.2429
v 1.3661 4.5257 -0.2631
v 1.8134 4.6182 -0.3553
v 1.9147 4.6493 -0.4829
v 1.1944 4.4535 -0.4518
v 1.1000 4.4173 -0.6281
v 1.0652 4.4177 -0.9910
v 1.1328 4.4435 -1.1286
v 1.9664 4.6714 -0.6222
v 1.2104 4.4837 -1.2688
v 1.4894 4.4479 -1.4636
v 1.3563 4.3914 -1.3936
v 1.5452 4.3964 -0.2549
v 1.7828 4.5538 -1.3694
v 1.6530 4.5067 -1.4518
v 2.0010 4.5708 -1.0901
v 1.9137 4.5836 -1.2569
v 2.0272 4.5306 -0.7875
v 2.0224 4.5507 -0.9324
v 1.7156 4.4264 -0.2623
v 1.4024 4.3604 -0.2948
v 1.8352 4.4519 -0.3528
v 1.9203 4.4798 -0.4987
v 1.2401 4.2859 -0.4813
v 1.1304 4.2461 -0.6540
v 1.1217 4.2549 -1.0044
v 1.1692 4.2829 -1.1574
v 1.9692 4.4984 -0.6431
v 1.2394 4.3281 -1.2964
v 1.5236 4.2722 -1.5059
v 1.3846 4.2109 -1.4434
v 1.5706 4.2186 -0.2992
v 1.8325 4.3786 -1.4083
v 1.6944 4.3323 -1.4911
v 2.0599 4.4051 -1.1210
v 1.9586 4.4026 -1.2869
v 2.0644 4.3742 -0.8082
v 2.0602 4.3863 -0.9582
v 1.7362 4.2640 -0.3152
v 1.4525 4.1805 -0.3627
v 1.8467 4.2991 -0.3931
v 1.9264 4.3213 -0.5246
v 1.3063 4.1029 -0.5315
v 1.2080 4.0631 -0.6936
v 1.1811 4.0707 -1.0417
v 1.2125 4.0981 -1.1984
v 2.0030 4.3461 -0.6638
v 1.2786 4.1443 -1.3330
v 1.5645 4.0763 -1.5543
v 1.4146 4.0057 -1.4954
v 1.6280 4.0354 -0.3860
v 1.8921 4.1920 -1.4703
v 1.7295 4.1368 -1.5416
v 2.1022 4.2312 -1.1570
v 2.0238 4.2226 -1.3365
v 2.1063 4.2192 -0.8288
v 2.1128 4.2239 -0.9865
v 1.7545 4.0924 -0.3831
v 1.5136 3.9809 -0.4471
v 1.8682 4.1407 -0.4370
v 1.9667 4.1740 -0.5530
v 1.3877 3.9001 -0.5897
v 1.3019 3.8594 -0.7379
v 1.2384 3.8633 -1.0719
v 1.2673 3.8916 -1.2357
v 2.0464 4.1972 -0.6844
v 1.3172 3.9325 -1.3742
v 1.5976 3.8635 -1.6145
v 1.4459 3.7808 -1.5576
v 1.6708 3.8187 -0.4891
v 1.9389 4.0076 -1.5205
v 1.7674 3.9351 -1.5973
v 2.1796 4.0579 -1.1930
v 2.0837 4.0519 -1.3834
v 2.1561 4.0451 -0.8494
v 2.1886 4.0555 -1.0146
v 1.7820 3.8898 -0.4662
v 1.5667 3.7519 -0.5464
v 1.8956 3.9509 -0.4940
v 1.9976 3.9824 -0.5905
v 1.4540 3.6758 -0.6556
v 1.3638 3.6334 -0.7837
v 1.2733 3.6277 -1.0995
v 1.2815 3.6554 -1.2772
v 2.0883 4.0127 -0.6985
v 1.3366 3.6993 -1.4270
v 1.6260 3.6108 -1.6753
v 1.4654 3.5252 -1.6225
v 1.7176 3.5684 -0.5722
v 2.0137 3.7771 -1.5768
v 1.8212 3.6955 -1.6682
v 2.2793 3.8429 -1.2288
v 2.1751 3.8342 -1.4226
v 2.2339 3.8284 -0.8673
v 2.2913 3.8470 -1.0374
v 1.8167 3.6417 -0.5379
v 1.6238 3.5013 -0.6227
v 1.9286 3.7113 -0.5524
v 2.0391 3.7528 -0.6141
v 1.5200 3.4356 -0.7128
v 1.4179 3.3915 -0.8198
v 1.3098 3.3858 -1.1317
v 1.3088 3.4193 -1.3228
v 2.1360 3.7835 -0.7265
v 1.3585 3.4658 -1.4963
v 1.6709 3.3271 -1.7363
v 1.5146 3.2505 -1.6629
v 1.7626 3.2861 -0.6270
v 2.1060 3.4849 -1.6269
v 1.8999 3.4117 -1.7317
v 2.3819 3.5711 -1.2691
v 2.2855 3.5446 -1.4682
v 2.2997 3.5567 -0.8668
v 2.3720 3.5794 -1.0516
v 1.8554 3.3530 -0.5672
v 1.6833 3.2323 -0.6734
v 1.9623 3.4185 -0.5895
v 2.0767 3.4681 -0.6331
v 1.6012 3.1822 -0.7539
v 1.5103 3.1447 -0.8568
v 1.3629 3.1226 -1.1473
v 1.3518 3.1531 -1.3477
v 2.1804 3.5020 -0.7371
v 1.4111 3.1917 -1.5126
v 1.7518 3.0088 -1.7406
v 1.5789 2.9414 -1.6762
v 1.8089 2.9833 -0.6635
v 2.1856 3.1554 -1.6563
v 1.9742 3.0858 -1.7399
v 2.4348 3.2348 -1.2737
v 2.3528 3.2066 -1.4857
v 2.3270 3.2022 -0.8576
v 2.4217 3.2302 -1.0374
v 1.8929 3.0339 -0.6087
v 1.7383 2.9413 -0.7141
v 1.9991 3.0923 -0.6093
v 2.1099 3.1374 -0.6466
v 1.6702 2.9044 -0.7817
v 1.6050 2.8750 -0.8824
v 1.4566 2.8422 -1.1498
v 1.4301 2.8603 -1.3396
v 2.2152 3.1674 -0.7333
v 1.4717 2.8918 -1.5101
v 1.8154 2.6803 -1.6983
v 1.6678 2.6265 -1.6436
v 1.8589 2.6605 -0.7112
v 2.2008 2.8059 -1.6374
v 2.0052 2.7401 -1.6837
v 2.4414 2.8741 -1.2292
v 2.3763 2.8561 -1.4767
v 2.3476 2.8300 -0.8443
v 2.4368 2.8584 -1.0173
v 1.9326 2.6920 -0.6721
v 1.7938 2.6297 -0.7489
v 2.0304 2.7357 -0.6501
v 2.1377 2.7786 -0.6608
v 1.7433 2.6013 -0.8169
v 1.6872 2.5741 -0.9041
v 1.5914 2.5535 -1.1497
v 1.5572 2.5608 -1.3134
v 2.2416 2.8030 -0.7222
v 1.5757 2.5865 -1.4791
v 1.8984 2.3154 -1.6121
v 1.7843 2.2790 -1.5415
v 1.9270 2.2902 -0.7462
v 2.2269 2.3830 -1.5493
v 2.0591 2.3510 -1.6086
v 2.4230 2.4069 -1.2127
v 2.3593 2.4056 -1.4103
v 2.3560 2.3840 -0.8799
v 2.4218 2.3956 -1.0224
v 1.9924 2.3065 -0.7176
v 1.8696 2.2710 -0.7793
v 2.0762 2.3285 -0.7007
v 2.1693 2.3499 -0.7137
v 1.8179 2.2511 -0.8316
v 1.7630 2.2305 -0.9031
v 1.6845 2.2126 -1.1304
v 1.6831 2.2222 -1.2732
v 2.2610 2.3658 -0.7692
v 1.7179 2.2453 -1.4171
v 2.2297 0.0492 -0.8810
v 2.1640 0.0751 -0.8417
v 2.0934 0.1057 -0.8034
v 2.0250 0.1526 -0.7576
v 2.0166 0.1619 -0.5683
v 2.4532 1.2994 -1.0564
v 2.4606 1.3131 -1.1719
v 2.5051 1.0668 -1.1623
v 2.4924 1.0675 -1.0435
v 2.5382 0.9107 -1.0317
v 2.0421 1.7514 -1.5120
v 1.9281 1.7475 -1.4402
v 2.0382 1.7817 -0.7623
v 2.3010 1.7731 -1.4514
v 2.1795 1.7622 -1.5174
v 2.4377 1.7958 -1.1924
v 2.3880 1.7887 -1.3386
v 2.3254 1.8004 -0.8301
v 2.3974 1.7998 -0.9349
v 2.0970 1.7887 -0.7449
v 1.9817 1.7761 -0.7891
v 2.1666 1.7950 -0.7458
v 1.9257 1.7731 -0.8317
v 1.8697 1.7674 -0.8965
v 1.7926 1.7529 -1.0930
v 1.8008 1.7501 -1.2148
v 2.2466 1.8015 -0.7680
v 1.8511 1.7467 -1.3382
v 2.1155 1.2367 -1.4436
v 1.9940 1.2685 -1.3689
v 2.1506 1.3207 -0.7444
v 2.3495 1.2861 -1.3897
v 2.2583 1.2581 -1.4619
v 2.5904 0.7928 -1.1623
v 2.4198 1.3086 -1.2822
v 2.3889 1.3132 -0.8670
v 2.4308 1.2999 -0.9681
v 2.2095 1.3240 -0.7448
v 2.0958 1.3198 -0.7661
v 2.2700 1.3300 -0.7639
v 2.0424 1.3207 -0.7876
v 1.9905 1.3192 -0.8512
v 1.9085 1.2962 -1.0416
v 1.8947 1.2849 -1.1558
v 2.3295 1.3338 -0.7941
v 1.9288 1.2770 -1.2740
v 2.1589 1.0976 -0.6951
v 2.4123 1.0827 -0.8384
v 2.4676 1.0764 -0.9485
v 2.2214 1.0972 -0.7097
v 2.1108 1.1053 -0.7206
v 2.2852 1.1048 -0.7269
v 2.0674 1.1200 -0.7484
v 2.3444 1.1037 -0.7742
v 0.3096 15.5050 0.3131
v 0.3473 15.5059 0.3080
v 0.3824 15.5008 0.3009
v 0.4103 15.4918 0.2893
v 0.4295 15.4819 0.2785
v 0.4392 15.4726 0.2693
v 0.4438 15.4654 0.2615
v 0.4448 15.4575 0.2553
v 0.4428 15.4502 0.2543
v 0.4388 15.4429 0.2551
v 0.4250 15.4294 0.2651
v 0.4106 15.4188 0.2745
v 0.3905 15.4097 0.2861
v 0.3522 15.4026 0.3004
v 0.3109 15.4014 0.3032
v 0.2738 15.4043 0.2987
v 0.2382 15.4099 0.2923
v 0.2012 15.4183 0.2825
v 0.2701 15.4971 0.3079
v 0.2333 15.4840 0.2980
v 0.2067 15.4680 0.2971
v 0.1789 15.4502 0.2978
v 0.1717 15.4435 0.2889
v 0.1704 15.4352 0.2826
v 0.1756 15.4274 0.2819
v 0.1899 15.4576 0.2969
v 0.1553 15.4181 0.2953
v 0.2217 15.5069 0.3075
v 0.1902 15.4866 0.3049
v 0.3916 15.5256 0.2862
v 0.4544 15.4955 0.2547
v 0.4678 15.4815 0.2417
v 0.4733 15.4689 0.2319
v 0.4747 15.4568 0.2268
v 0.4741 15.4440 0.2254
v 0.4529 15.4002 0.2348
v 0.4701 15.4297 0.2227
v 0.3642 15.3613 0.2846
v 0.4037 15.3708 0.2660
v 0.3178 15.3596 0.2971
v 0.2672 15.3642 0.2983
v 0.1764 15.3984 0.2856
v 0.2245 15.3751 0.2937
v 0.4330 15.3846 0.2525
v 0.1718 15.4712 0.3036
v 0.1520 15.4322 0.3025
v 0.1606 15.4572 0.3043
v 0.1542 15.4449 0.3049
v 0.2627 15.5231 0.3080
v 0.3499 15.5328 0.3023
v 0.3073 15.5319 0.3088
v 0.4284 15.5120 0.2715
v 1.9870 0.2758 0.4500
v 1.8534 0.2904 0.4573
v 1.8132 0.1457 0.4458
v 2.0341 0.1177 0.4588
v 1.8823 0.2371 0.6400
v 1.8527 0.1568 0.7574
v 2.0413 0.1527 0.7435
v 2.0008 0.2291 0.6266
v 1.8721 0.1751 0.7734
v 2.0317 0.1764 0.7611
v 1.9959 0.2240 0.6348
v 1.8897 0.2263 0.6507
v 1.7928 0.1135 0.6355
v 2.0536 0.1149 0.6425
v 2.0038 0.2509 0.5815
v 1.8667 0.2576 0.5927
v 1.8666 0.2780 0.5403
v 1.9976 0.2663 0.5345
v 2.0562 0.1069 0.5505
v 1.7733 0.1157 0.5514
v 1.8621 0.2896 0.4907
v 2.0403 0.1162 0.4784
v 1.9896 0.2708 0.4753
v 1.8025 0.1404 0.4835
v 1.8640 0.2830 0.5146
v 2.0474 0.1083 0.5030
v 1.9967 0.2669 0.5099
v 1.7946 0.1304 0.5103
v 1.8168 0.1231 0.6878
v 2.0035 0.2405 0.6007
v 2.0526 0.1170 0.6973
v 1.8723 0.2477 0.6127
v 1.8715 0.0462 0.4490
v 1.9238 0.1089 0.7893
v 1.9231 0.1396 0.8120
v 1.8778 0.0215 0.6799
v 1.8696 0.0062 0.5514
v 1.8755 0.0287 0.4794
v 1.8705 0.0159 0.5141
v 1.9033 0.0465 0.7310
v 1.9536 0.0243 0.5092
v 1.9459 0.0287 0.4812
v 2.0033 0.0518 0.7212
v 1.9981 0.1471 0.8023
v 1.9757 0.0258 0.5510
v 2.0037 0.0258 0.6668
v 1.9384 0.0382 0.4583
v 1.9988 0.1142 0.7821
v 1.8863 0.1839 0.7807
v 2.0199 0.1860 0.7653
v 1.9905 0.2189 0.6439
v 1.8977 0.2180 0.6558
v 1.9206 0.1581 0.8020
v 1.9957 0.1623 0.7963
v 1.8139 0.2280 0.4573
v 2.0149 0.2321 0.4570
v 1.8627 0.2097 0.6904
v 2.0307 0.2026 0.6624
v 1.8752 0.2093 0.7021
v 2.0215 0.2096 0.6775
v 1.8153 0.2062 0.5966
v 2.0398 0.2236 0.5337
v 1.8075 0.2151 0.5480
v 2.0453 0.2073 0.5936
v 1.8150 0.2219 0.4904
v 2.0211 0.2303 0.4773
v 1.8089 0.2203 0.5202
v 2.0310 0.2271 0.5081
v 2.0395 0.1978 0.6215
v 1.8369 0.2012 0.6387
v 2.0067 0.2099 0.6857
v 1.8825 0.2071 0.7045
v 1.8403 0.0875 0.4516
v 2.0270 0.1326 0.7686
v 1.8936 0.1508 0.8095
v 1.9833 0.0746 0.4595
v 1.8300 0.0594 0.6508
v 1.8134 0.0610 0.5521
v 1.8369 0.0737 0.4778
v 1.8286 0.0680 0.5103
v 2.0392 0.0859 0.7059
v 1.8896 0.1204 0.7848
v 1.8588 0.0688 0.7233
v 2.0087 0.0636 0.5105
v 1.9897 0.0680 0.4815
v 2.0204 0.1590 0.7852
v 2.0258 0.0636 0.5509
v 2.0431 0.0786 0.6535
v 1.8987 0.1698 0.7895
v 2.0149 0.1743 0.7775
v 2.1196 0.2069 0.7144
v 2.0997 0.1599 0.7641
v 2.2152 0.1634 0.7589
v 2.1925 0.2125 0.7123
v 2.1065 0.1707 0.7724
v 2.2079 0.1690 0.7655
v 2.1902 0.2062 0.7166
v 2.1222 0.2010 0.7201
v 2.0770 0.1542 0.6667
v 2.2313 0.1310 0.6470
v 2.1927 0.2226 0.6784
v 2.1157 0.2246 0.6815
v 2.0808 0.1523 0.7212
v 2.1931 0.2163 0.6935
v 2.2324 0.1419 0.7069
v 2.1155 0.2172 0.6969
v 2.1294 0.1271 0.8051
v 2.1323 0.1502 0.8065
v 2.1194 0.0444 0.6458
v 2.1161 0.0778 0.7651
v 2.1846 0.0732 0.7653
v 2.1809 0.1500 0.8075
v 2.1807 0.0479 0.6423
v 2.1850 0.1274 0.8015
v 2.1136 0.1776 0.7756
v 2.2008 0.1773 0.7744
v 2.1859 0.2002 0.7222
v 2.1267 0.1963 0.7248
v 2.1297 0.1617 0.8017
v 2.1829 0.1609 0.7988
v 2.2248 0.1356 0.6018
v 2.1156 0.2468 0.6585
v 2.1920 0.2459 0.6558
v 2.0802 0.1626 0.6220
v 2.1249 0.0635 0.5769
v 2.1808 0.0709 0.5712
v 2.1039 0.1920 0.7279
v 2.2088 0.1961 0.7269
v 2.1095 0.1878 0.7329
v 2.2030 0.1934 0.7329
v 2.0949 0.2216 0.6789
v 2.2243 0.1886 0.6608
v 2.2213 0.1879 0.6910
v 2.0937 0.2066 0.6992
v 2.1931 0.1914 0.7374
v 2.1207 0.1882 0.7375
v 2.2218 0.1916 0.6334
v 2.0945 0.2253 0.6446
v 2.2102 0.1445 0.7812
v 2.1128 0.1586 0.7970
v 2.0825 0.0781 0.6462
v 2.2220 0.1074 0.7362
v 2.1064 0.1408 0.7904
v 2.0878 0.1086 0.7341
v 2.2046 0.1592 0.7888
v 2.2217 0.0840 0.6416
v 2.1187 0.1686 0.7935
v 2.1951 0.1703 0.7913
v 2.0896 0.0908 0.5877
v 2.2118 0.0926 0.5822
v 0.3489 15.1195 0.3257
v 0.0949 15.1111 0.5325
v 0.1729 15.0620 0.3894
v 0.0334 15.1100 0.5719
v 0.0648 15.1116 0.5590
v 0.1619 15.0866 0.4351
v 0.1713 15.0709 0.4093
v 0.1216 15.1079 0.5055
v 0.2136 15.2223 0.3481
v 0.2830 15.1810 0.3495
v 0.3340 15.2071 0.3317
v 0.2425 15.2470 0.3420
v 0.0347 15.3086 0.4490
v 0.0643 15.2944 0.4325
v 0.4973 15.1125 0.2173
v 0.5497 15.1497 0.1641
v 0.2374 15.0805 0.3555
v 0.2744 15.0256 0.3435
v 0.1710 15.0995 0.3884
v 0.0674 15.1651 0.5283
v 0.0185 14.9425 0.4653
v 0.0889 14.9539 0.4354
v 0.0374 14.9470 0.4596
v 0.2282 15.0121 0.3591
v 0.4518 15.4227 0.2379
v 0.4406 15.4305 0.2498
v 0.4295 15.4388 0.2616
v 0.2120 15.4061 0.2878
v 0.2218 15.4196 0.2846
v 0.2067 15.3972 0.2882
v 0.1851 15.3718 0.2893
v 0.4784 15.4070 0.2128
v 0.1743 15.3554 0.3074
v 0.4995 15.3947 0.1988
v 0.1819 15.2755 0.3386
v 0.5467 15.3610 0.1523
v 0.1362 15.1716 0.4088
v 0.5763 15.3417 0.1254
v 0.1050 15.3367 0.3625
v 0.6007 15.3200 0.0916
v 0.6796 15.1637 -0.2189
v 0.1397 15.1542 0.4357
v 0.1419 15.1365 0.4526
v 0.1418 15.0830 0.4738
v 0.1446 15.1189 0.4635
v 0.6924 15.1203 -0.3889
v 0.6871 15.1265 -0.3318
v 0.5223 15.3793 0.1762
v 0.1403 15.3040 0.3471
v 0.4267 15.4388 0.2465
v 0.2270 15.4213 0.2731
v 0.4300 15.4391 0.2135
v 0.2293 15.4236 0.2438
v 0.4466 15.4220 0.2152
v 0.2123 15.3825 0.2482
v 0.4576 15.4124 0.1813
v 0.2021 15.3573 0.2134
v 0.4608 15.4062 0.1483
v 0.1980 15.3428 0.1779
v 0.4590 15.4038 0.1233
v 0.1980 15.3374 0.1502
v 0.4555 15.4041 0.1043
v 0.1987 15.3372 0.1289
v 0.4505 15.4064 0.0867
v 0.1999 15.3402 0.1091
v 0.4425 15.4106 0.0673
v 0.2028 15.3464 0.0867
v 0.4278 15.4169 0.0433
v 0.2112 15.3580 0.0583
v 0.3917 15.5098 0.0209
v 0.3796 15.5256 0.0219
v 0.2269 15.5212 0.0262
v 0.3447 15.5516 0.0254
v 0.2005 15.4584 0.0268
v 0.3232 15.5582 0.0268
v 0.4331 15.4361 0.2587
v 0.2179 15.4143 0.2867
v 0.4639 15.4151 0.2248
v 0.1971 15.3856 0.2874
v 0.1466 15.1005 0.4671
v 0.1618 15.3381 0.3215
v 0.4689 15.1611 0.2475
v 0.1222 14.9584 0.4174
v 0.1857 15.0024 0.3712
v 0.1640 14.9677 0.3926
v 0.0604 14.9512 0.4478
v 0.1757 15.0575 0.3698
v 0.3642 14.8696 0.2774
v 0.3392 14.9219 0.3032
v 0.3301 14.7274 0.2719
v 0.3328 14.7666 0.2786
v 0.3221 14.8070 0.2934
v 0.3005 14.8461 0.3168
v 0.2012 15.0658 0.3626
v 0.2881 15.1003 0.3482
v 0.3255 15.0435 0.3221
v 0.3253 14.8585 0.2976
v 0.3851 15.0635 0.2982
v 0.5396 15.0145 0.1379
v 0.5819 15.0599 0.0804
v 0.5503 14.9579 0.0840
v 0.5905 15.0101 0.0237
v 0.3500 14.8119 0.2745
v 0.3607 14.7612 0.2548
v 0.0676 14.5007 0.3898
v 0.1362 14.5178 0.3622
v 0.1990 14.5474 0.3206
v 0.2580 14.5838 0.2829
v 0.3074 14.6231 0.2530
v 0.3371 14.6646 0.2419
v 0.3541 14.7115 0.2434
v 0.2806 14.5063 0.2330
v 0.2198 14.4553 0.2782
v 0.1512 14.4179 0.3215
v 0.0759 14.4003 0.3427
v 0.4012 14.6803 0.1654
v 0.3717 14.6165 0.1693
v 0.3314 14.5594 0.1943
v 0.4203 14.8194 0.2137
v 0.4183 14.7507 0.1831
v 0.5853 15.1932 0.1162
v 0.6157 15.1169 0.0292
v 0.6238 15.0735 -0.0277
v 0.6094 15.2431 0.0769
v 0.6369 15.1782 -0.0125
v 0.6478 15.1427 -0.0689
v 0.6221 15.2953 0.0503
v 0.6486 15.2424 -0.0410
v 0.6606 15.2156 -0.0969
v 0.6248 15.3475 0.0375
v 0.6539 15.3093 -0.0550
v 0.6664 15.2910 -0.1105
v 0.6232 15.3998 0.0366
v 0.6545 15.3789 -0.0547
v 0.6684 15.3692 -0.1093
v 0.3674 15.8896 0.2873
v 0.5518 15.7888 0.1282
v 0.0605 15.9351 0.3944
v 0.1600 15.9348 0.3766
v 0.6757 15.4512 -0.1479
v 0.2608 15.9183 0.3393
v 0.4688 15.8469 0.2168
v 0.6595 15.5469 -0.1048
v 0.6371 15.6373 -0.0460
v 0.6063 15.7165 0.0376
v 0.6788 15.2726 -0.1690
v 0.6824 15.3608 -0.1638
v 0.6718 15.1885 -0.1575
v 0.6586 15.1071 -0.1299
v 0.6306 15.0288 -0.0929
v 0.5974 14.9547 -0.0446
v 0.3877 14.7560 0.2247
v 0.5558 14.8917 0.0219
v 0.2546 15.2927 0.3241
v 0.2703 14.5374 0.2587
v 0.3779 14.6952 0.2067
v 0.2100 14.4955 0.3035
v 0.0721 14.4449 0.3689
v 0.1467 14.4609 0.3491
v 0.3546 14.6395 0.2076
v 0.3184 14.5884 0.2266
v 0.3827 14.8165 0.2514
v 0.3236 15.2797 0.3119
v 0.0717 14.3758 0.3233
v 0.1506 14.3963 0.2994
v 0.2197 14.4326 0.2571
v 0.2822 14.4836 0.2091
v 0.3420 14.5358 0.1609
v 0.3880 14.5962 0.1299
v 0.4247 14.6659 0.1169
v 0.4555 14.7445 0.1190
v 0.5130 15.9672 0.1340
v 0.5977 15.8857 0.0341
v 0.3979 16.0211 0.2147
v 0.2794 16.0604 0.2871
v 0.6637 15.6866 -0.1400
v 0.6439 15.7885 -0.0575
v 0.6944 15.2423 -0.2687
v 0.6963 15.3469 -0.2568
v 0.6875 15.4567 -0.2339
v 0.6656 15.0413 -0.2687
v 0.6759 15.5759 -0.2038
v 0.5537 14.7468 -0.1309
v 0.5981 14.8305 -0.2046
v 0.6339 14.9280 -0.2543
v 0.0627 16.0848 0.3419
v 0.1569 16.0785 0.3294
v 0.6824 15.1406 -0.2704
v 0.1339 15.3657 0.3264
v 0.1969 15.3141 0.3228
v 0.3270 15.2491 0.3203
v 0.2384 15.1514 0.3554
v 0.1908 15.1906 0.3581
v 0.1416 15.1940 0.3884
v 0.1531 15.2211 0.3703
v 0.1171 15.2187 0.4143
v 0.1227 15.2482 0.3915
v 0.0919 15.2391 0.4387
v 0.0942 15.2731 0.4136
v 0.2657 14.8933 0.3458
v 0.4284 15.7210 0.2659
v 0.5016 15.6818 0.2029
v 0.5562 15.6305 0.1398
v 0.5906 15.5745 0.0793
v 0.6143 15.5138 0.0323
v 0.6313 15.4516 0.0043
v 0.1529 15.7726 0.4066
v 0.0601 15.0150 -1.2828
v 0.1596 15.0133 -1.2784
v 0.2663 15.0030 -1.2626
v 0.3585 14.9990 -1.2103
v 0.4374 14.9935 -1.1362
v 0.4910 14.9945 -1.0208
v 0.5313 15.0046 -0.8996
v 0.5565 15.0361 -0.8077
v 0.5737 15.0704 -0.7399
v 0.5715 15.0207 -0.7071
v 0.5466 14.9790 -0.7666
v 0.4852 14.9289 -0.9969
v 0.4363 14.9289 -1.1132
v 0.3541 14.9356 -1.1982
v 0.2592 14.9463 -1.2464
v 0.1566 14.9633 -1.2599
v 0.0579 14.9705 -1.2657
v 0.5190 14.9384 -0.8602
v 0.3904 14.9356 0.2750
v 0.4396 14.9537 0.2393
v 0.4105 14.8789 0.2459
v 0.4561 14.8936 0.2005
v 0.4627 14.8244 0.1584
v 0.0671 14.3536 0.2934
v 0.1479 14.3723 0.2717
v 0.2223 14.4108 0.2279
v 0.2882 14.4642 0.1764
v 0.3489 14.5182 0.1288
v 0.3992 14.5781 0.0877
v 0.4451 14.6496 0.0578
v 0.4984 14.7458 0.0309
v 0.5072 14.8445 0.0907
v 0.5038 14.9170 0.1467
v 0.4929 14.9781 0.1940
v 0.2505 15.2702 0.3338
v 0.4415 15.0863 0.2623
v 0.4001 15.1417 0.2917
v 0.1922 15.2958 0.3318
v 0.1505 15.3220 0.3330
v 0.3434 15.4200 -0.0093
v 0.2947 15.3923 -0.0045
v 0.3446 15.4549 -0.0121
v 0.3441 15.4694 -0.0111
v 0.3403 15.4960 -0.0064
v 0.3352 15.5075 -0.0033
v 0.2757 15.5060 -0.0026
v 0.3228 15.5257 0.0033
v 0.2630 15.4627 -0.0091
v 0.3174 15.5327 0.0070
v 0.2474 15.7647 0.3700
v 0.0625 15.7733 0.4267
v 0.2605 14.9587 0.3447
v 0.3090 14.9726 0.3236
v 0.5174 15.0648 0.1750
v 0.5673 15.1067 0.1264
v 0.6047 15.1564 0.0781
v 0.6255 15.2110 0.0380
v 0.6351 15.2690 0.0080
v 0.6387 15.3285 -0.0041
v 0.6383 15.3894 -0.0057
v 0.2297 14.9435 0.3646
v 0.4158 15.0087 0.2717
v 0.3629 14.9902 0.3012
v 0.4691 15.0329 0.2308
v 0.1018 14.9100 0.4483
v 0.1311 14.6645 0.3949
v 0.0536 14.6517 0.4134
v 0.2614 14.7508 0.3151
v 0.2715 14.7874 0.3206
v 0.1731 14.8829 0.4098
v 0.1678 14.9222 0.4026
v 0.0185 14.9211 0.4692
v 0.0409 14.9264 0.4648
v 0.0667 14.9312 0.4533
v 0.0950 14.9341 0.4384
v 0.0928 14.9740 0.3490
v 0.0922 14.9183 0.3721
v 0.0963 14.8748 0.3761
v 0.1004 14.8293 0.3767
v 0.1453 14.8570 0.4483
v 0.1424 14.8462 0.4488
v 0.1340 14.8059 0.4386
v 0.1438 14.8728 0.4446
v 0.1480 15.1086 -0.2699
v 0.1556 15.1478 -0.0717
v 0.1108 15.1207 0.1285
v 0.1008 15.0492 0.2672
v 0.1085 14.7966 0.3915
v 0.1094 14.7869 0.4006
v 0.1381 14.8257 0.4427
v 0.1288 14.7824 0.4365
v 0.1291 14.9315 0.4217
v 0.1358 14.9016 0.4284
v 0.0904 14.8556 -0.5281
v 0.1199 14.9982 -0.4295
v 0.6387 16.1675 -0.9563
v 0.7466 15.7723 -0.7421
v 0.1696 16.4651 -1.1446
v 0.3043 16.4349 -1.1296
v 0.7194 15.5086 -0.7296
v 0.3790 15.9548 -1.3990
v 0.4796 15.9119 -1.3257
v 0.6808 15.7115 -0.9924
v 0.7175 15.5756 -0.7915
v 0.5616 15.8505 -1.2064
v 0.6301 15.7840 -1.0983
v 0.7104 15.6396 -0.8773
v 0.1389 15.9930 -1.4575
v 0.2621 15.9806 -1.4432
v 0.6917 15.4202 -0.7679
v 0.6288 15.5053 -1.0435
v 0.6826 15.4588 -0.8396
v 0.4284 15.5805 -1.3639
v 0.5082 15.5604 -1.2658
v 0.5759 15.5343 -1.1556
v 0.3360 15.5930 -1.4276
v 0.6705 15.4851 -0.9365
v 0.1142 15.6030 -1.4878
v 0.2278 15.5974 -1.4711
v 0.6951 15.7447 -0.2451
v 0.7490 15.8389 -0.5261
v 0.7399 15.8311 -0.4386
v 0.7274 15.8104 -0.3632
v 0.6984 15.6103 -0.2926
v 0.7400 15.7155 -0.5251
v 0.7343 15.7082 -0.4594
v 0.7213 15.6840 -0.3936
v 0.7048 15.4658 -0.3423
v 0.7322 15.6157 -0.5227
v 0.7281 15.6060 -0.4728
v 0.7192 15.5788 -0.4212
v 0.6226 15.0048 -0.5735
v 0.6058 15.0360 -0.6265
v 0.6328 15.2036 -0.7419
v 0.6108 15.1054 -0.6939
v 0.6042 15.0649 -0.6606
v 0.7037 15.3345 -0.3549
v 0.7092 15.2122 -0.4567
v 0.8224 15.5151 -0.6162
v 0.7204 15.0721 -0.4869
v 0.7852 15.5114 -0.5515
v 0.8506 15.4810 -0.6938
v 0.8566 15.4211 -0.7333
v 0.8109 15.2696 -0.7439
v 0.8355 15.3278 -0.7554
v 0.7442 15.0201 -0.5272
v 0.7084 15.1421 -0.4664
v 0.8565 15.4518 -0.7144
v 0.8531 15.3836 -0.7457
v 0.7141 15.3348 -0.4421
v 0.7514 15.4897 -0.5222
v 0.7275 15.4558 -0.4919
v 0.7227 15.4213 -0.4662
v 0.7492 15.0248 -0.5798
v 0.7432 15.0474 -0.6137
v 0.7827 15.2130 -0.7289
v 0.7617 15.1342 -0.6888
v 0.7495 15.0851 -0.6562
v 0.7123 15.2769 -0.4456
v 0.7296 15.2168 -0.4808
v 0.8420 15.4969 -0.6167
v 0.7260 15.0983 -0.5010
v 0.8050 15.4908 -0.5491
v 0.8719 15.4765 -0.6786
v 0.8793 15.4081 -0.7243
v 0.8334 15.2724 -0.7397
v 0.8535 15.3246 -0.7452
v 0.7381 15.0664 -0.5327
v 0.7316 15.1584 -0.4827
v 0.8789 15.4375 -0.7074
v 0.8725 15.3729 -0.7350
v 0.7213 15.3195 -0.4692
v 0.7783 15.4737 -0.5208
v 0.7562 15.4317 -0.4977
v 0.7397 15.4008 -0.4840
v 0.7512 15.0643 -0.5706
v 0.7565 15.0767 -0.6094
v 0.8140 15.2259 -0.7268
v 0.7891 15.1560 -0.6854
v 0.7671 15.1022 -0.6428
v 0.7199 15.2703 -0.4722
v 0.7468 15.2152 -0.4972
v 0.8365 15.4838 -0.6164
v 0.7284 15.1205 -0.5126
v 0.8089 15.4711 -0.5475
v 0.8666 15.4635 -0.6686
v 0.8691 15.3976 -0.7111
v 0.8401 15.2669 -0.7262
v 0.8577 15.3212 -0.7248
v 0.7385 15.0946 -0.5396
v 0.7410 15.1738 -0.5010
v 0.8744 15.4289 -0.6978
v 0.8637 15.3613 -0.7211
v 0.7290 15.3086 -0.4868
v 0.7818 15.4464 -0.5242
v 0.7606 15.4148 -0.5059
v 0.7484 15.3848 -0.4937
v 0.7477 15.0880 -0.5721
v 0.7591 15.0969 -0.6048
v 0.8208 15.2371 -0.7134
v 0.7939 15.1711 -0.6744
v 0.7732 15.1226 -0.6371
v 0.7280 15.2649 -0.4907
v 0.7178 15.2285 -0.5177
v 0.8126 15.4568 -0.6163
v 0.6874 15.1622 -0.5283
v 0.7712 15.4526 -0.5652
v 0.8234 15.4466 -0.6557
v 0.8403 15.3859 -0.6929
v 0.8178 15.2640 -0.6938
v 0.8285 15.3086 -0.7001
v 0.7386 15.1335 -0.5493
v 0.6989 15.1939 -0.5206
v 0.8597 15.4193 -0.6778
v 0.8415 15.3521 -0.6987
v 0.7360 15.2965 -0.5056
v 0.7557 15.4343 -0.5472
v 0.7466 15.3932 -0.5243
v 0.7425 15.3632 -0.5131
v 0.7472 15.1271 -0.5742
v 0.7587 15.1360 -0.6006
v 0.8042 15.2447 -0.6899
v 0.7851 15.1954 -0.6592
v 0.7709 15.1508 -0.6260
v 0.7257 15.2623 -0.5100
v 0.6865 15.2513 -0.5364
v 0.7933 15.3982 -0.6018
v 0.6872 15.2196 -0.5674
v 0.7588 15.4003 -0.5772
v 0.8197 15.3895 -0.6187
v 0.8354 15.3638 -0.6467
v 0.8154 15.2829 -0.6645
v 0.8254 15.3037 -0.6636
v 0.7013 15.2034 -0.5818
v 0.6811 15.2344 -0.5495
v 0.8301 15.3795 -0.6331
v 0.8358 15.3378 -0.6566
v 0.7324 15.2875 -0.5259
v 0.7414 15.3912 -0.5565
v 0.7406 15.3641 -0.5443
v 0.7344 15.3340 -0.5371
v 0.7256 15.1936 -0.5930
v 0.7676 15.1896 -0.6033
v 0.8096 15.2622 -0.6591
v 0.7899 15.2184 -0.6341
v 0.7794 15.1977 -0.6169
v 0.7109 15.2677 -0.5309
v 0.7439 15.2939 -0.5463
v 0.7800 15.2620 -0.6382
v 0.7909 15.2509 -0.6433
v 0.7399 15.3017 -0.5365
v 0.7093 15.2690 -0.5439
v 0.7651 15.2173 -0.6213
v 0.7757 15.2329 -0.6360
v 0.7995 15.2695 -0.6497
v 0.7400 15.2116 -0.6139
v 0.7142 15.2154 -0.6073
v 0.7334 15.3195 -0.5466
v 0.7332 15.3410 -0.5565
v 0.7563 15.3651 -0.5619
v 0.7314 15.2835 -0.5351
v 0.8230 15.3315 -0.6433
v 0.8162 15.3586 -0.6232
v 0.6922 15.2440 -0.5645
v 0.7053 15.2217 -0.5907
v 0.8152 15.3036 -0.6506
v 0.8087 15.2867 -0.6510
v 0.8215 15.3483 -0.6338
v 0.8083 15.3659 -0.6100
v 0.0640 15.0689 -1.3035
v 0.1627 15.0723 -1.2999
v 0.2706 15.0717 -1.2801
v 0.5759 16.1677 -0.0579
v 0.4583 16.2598 0.0301
v 0.3646 15.0750 -1.2300
v 0.6613 16.0474 -0.1552
v 0.7051 15.9161 -0.2389
v 0.4432 15.0720 -1.1504
v 0.3301 16.3212 0.0941
v 0.0796 16.3743 0.1481
v 0.4987 15.0757 -1.0431
v 0.5698 15.1024 -0.8420
v 0.5867 15.1265 -0.7737
v 0.1848 16.3542 0.1346
v 0.5392 15.0810 -0.9257
v 0.7131 15.7788 -0.3012
v 0.7095 15.6502 -0.3422
v 0.7108 15.5357 -0.3803
v 0.6216 15.1535 -0.7209
v 0.7169 15.3827 -0.4497
v 0.7722 15.1736 -0.7089
v 0.7281 15.3630 -0.4725
v 0.8015 15.1909 -0.7061
v 0.7368 15.3486 -0.4870
v 0.8062 15.2000 -0.6920
v 0.7420 15.3307 -0.5059
v 0.7945 15.2174 -0.6743
v 0.7398 15.3104 -0.5280
v 0.8001 15.2405 -0.6487
v 0.7807 15.3739 -0.5743
v 0.6960 15.2313 -0.5771
v 0.7986 15.3702 -0.5952
v 0.6926 15.2569 -0.5543
v 0.7695 15.4293 -0.5718
v 0.7137 15.2655 -0.5211
v 0.6851 15.2434 -0.5249
v 0.7903 15.2057 -0.6418
v 0.7744 15.1701 -0.6205
v 0.7417 15.3756 -0.5376
v 0.7544 15.4154 -0.5553
v 0.6750 15.2212 -0.5365
v 0.8396 15.3779 -0.6671
v 0.8434 15.3462 -0.6789
v 0.7491 15.1625 -0.5749
v 0.7170 15.1743 -0.5635
v 0.7334 15.2905 -0.5181
v 0.7356 15.3461 -0.5288
v 0.8316 15.4052 -0.6519
v 0.8259 15.4171 -0.6323
v 0.8172 15.2771 -0.6812
v 0.8243 15.3033 -0.6840
v 0.8114 15.2552 -0.6766
v 0.7661 15.1604 -0.5985
v 0.6816 15.1979 -0.5504
v 0.8125 15.4290 -0.6095
v 0.7401 15.3180 -0.5202
v 0.8016 15.2307 -0.6584
v 0.7615 15.2451 -0.6210
v 0.7249 15.2647 -0.5696
v 0.7495 15.2957 -0.5666
v 0.7266 15.3051 -0.5786
v 0.7830 15.3481 -0.6091
v 0.7717 15.1434 -0.6298
v 0.7306 15.2630 -0.5033
v 0.8104 15.4685 -0.6163
v 0.7394 15.3371 -0.5755
v 0.7333 15.2777 -0.5452
v 0.8652 15.4228 -0.6854
v 0.7474 15.3726 -0.5032
v 0.7427 15.2241 -0.5137
v 0.7390 15.1161 -0.5440
v 0.7427 15.2273 -0.6173
v 0.7326 15.2299 -0.6073
v 0.8051 15.3273 -0.6323
v 0.7939 15.3429 -0.6175
v 0.7784 15.3101 -0.6363
v 0.7729 15.3513 -0.5989
v 0.7018 15.2600 -0.5738
v 0.7698 15.2999 -0.6391
v 0.7749 15.3274 -0.6235
v 0.7088 15.2694 -0.5590
v 0.7593 15.2331 -0.6240
v 0.7712 15.2461 -0.6321
v 0.7819 15.2783 -0.6446
v 0.7325 15.3051 -0.5570
v 0.7262 15.3187 -0.5694
v 0.7800 15.3224 -0.6308
v 0.7687 15.3313 -0.6152
v 0.7548 15.2373 -0.6148
v 0.7520 15.2413 -0.6080
v 0.8004 15.2145 -0.6764
v 0.7413 15.3382 -0.4975
v 0.7059 15.2528 -0.5794
v 0.7220 15.2370 -0.5976
v 0.7989 15.3056 -0.6413
v 0.7343 15.2558 -0.5815
v 0.7471 15.2466 -0.5989
v 0.7896 15.2927 -0.6443
v 0.8014 15.3359 -0.6253
v 0.7625 15.3342 -0.6058
v 0.7513 15.2878 -0.5567
v 0.7673 15.2728 -0.6343
v 0.7541 15.3467 -0.5799
v 0.7139 15.2450 -0.5872
v 0.7553 15.3370 -0.5978
v 0.7277 15.2603 -0.5751
v 0.8433 15.3571 -0.7064
v 0.7596 15.4436 -0.5405
v 0.7133 15.1493 -0.5239
v 0.7651 15.2874 -0.6396
v 0.7665 15.2579 -0.6281
v 0.7588 15.1227 -0.6021
v 0.8356 15.3082 -0.7048
v 0.8560 15.4492 -0.6603
v 0.7345 15.3011 -0.4980
v 0.7341 15.3217 -0.5846
v 0.7374 15.2746 -0.5586
v 0.7427 15.3325 -0.5880
v 0.7402 15.2515 -0.5902
v 0.8609 15.3896 -0.7005
v 0.7473 15.1141 -0.5743
v 0.8118 15.2423 -0.6909
v 0.8216 15.2632 -0.6966
v 0.7519 15.4021 -0.5149
v 0.7895 15.1908 -0.6624
v 0.7742 15.4614 -0.5582
v 0.7161 15.1829 -0.5124
v 0.7361 15.3100 -0.6050
v 0.7520 15.2851 -0.5923
v 0.7314 15.2930 -0.6010
v 0.7572 15.2732 -0.5864
v 0.7512 15.2617 -0.5836
v 0.7523 15.2790 -0.5715
v 0.7432 15.2889 -0.6248
v 0.7504 15.2784 -0.6194
v 0.7484 15.3081 -0.6233
v 0.7656 15.2654 -0.6194
v 0.7610 15.2526 -0.6142
v 0.7599 15.2700 -0.5985
v 0.7549 15.2596 -0.5946
v 0.7297 15.2978 -0.5885
v 0.7521 15.2909 -0.5769
v 0.7330 15.3134 -0.5948
v 0.7457 15.2649 -0.5737
v 0.7422 15.3089 -0.6140
v 0.7509 15.2812 -0.6038
v 0.7355 15.2901 -0.6126
v 0.7572 15.3054 -0.6315
v 0.7561 15.2763 -0.6300
v 0.7523 15.2882 -0.6322
v 0.7635 15.2689 -0.6089
v 0.7581 15.2571 -0.6053
v 0.7193 15.2635 -0.5153
v 0.7714 15.1598 -0.6250
v 0.7556 15.4246 -0.5516
v 0.8409 15.3493 -0.6890
v 0.7364 15.1524 -0.5534
v 0.7383 15.3548 -0.5214
v 0.8370 15.4141 -0.6676
v 0.8174 15.2649 -0.6874
v 0.8103 15.2465 -0.6835
v 0.7663 15.4421 -0.5705
v 0.6985 15.2358 -0.5212
v 0.7890 15.2019 -0.6555
v 0.7440 15.3850 -0.5312
v 0.6822 15.2076 -0.5284
v 0.8378 15.3849 -0.6833
v 0.7481 15.1422 -0.5738
v 0.7350 15.2932 -0.5119
v 0.8182 15.4370 -0.6480
v 0.8303 15.3020 -0.6926
v 0.7613 15.1458 -0.5998
v 0.6819 15.1826 -0.5381
v 0.8160 15.4439 -0.6119
v 0.7412 15.3243 -0.5131
v 0.7983 15.2191 -0.6683
v 0.7603 15.3326 -0.7094
v 0.7966 15.4748 -0.6600
v 0.7739 15.4908 -0.6129
v 0.7466 15.2668 -0.6991
v 0.7065 15.2129 -0.4365
v 0.7008 15.1333 -0.4505
v 0.8046 15.4499 -0.6900
v 0.7964 15.4190 -0.7005
v 0.7122 15.0604 -0.4728
v 0.7278 14.9905 -0.5206
v 0.7058 15.0374 -0.6109
v 0.6993 15.1100 -0.6177
v 0.7098 15.2888 -0.4234
v 0.7115 15.3589 -0.4188
v 0.7104 15.1515 -0.6430
v 0.7279 15.4810 -0.4864
v 0.7203 15.4508 -0.4542
v 0.7847 15.3800 -0.7095
v 0.7335 15.4935 -0.5158
v 0.7407 15.4897 -0.5556
v 0.7137 15.0072 -0.5796
v 0.7294 15.2226 -0.6786
v 0.7148 15.4120 -0.4315
v 0.7175 15.1948 -0.6633
v 0.7054 15.3369 -0.7131
v 0.7374 15.4801 -0.6562
v 0.6820 15.2682 -0.7049
v 0.7036 15.2176 -0.4082
v 0.7361 15.4222 -0.6958
v 0.6904 15.0459 -0.4581
v 0.6538 15.0616 -0.6008
v 0.7081 15.3963 -0.3903
v 0.7263 15.5266 -0.4810
v 0.7309 15.5338 -0.5685
v 0.6718 15.2196 -0.6924
v 0.7325 15.5155 -0.6329
v 0.6970 15.1270 -0.4274
v 0.7380 15.4543 -0.6796
v 0.6952 14.9928 -0.5142
v 0.6511 15.0973 -0.6262
v 0.7078 15.3076 -0.3936
v 0.6578 15.1367 -0.6517
v 0.7185 15.4997 -0.4411
v 0.7239 15.3877 -0.7067
v 0.7310 15.5370 -0.5180
v 0.6691 15.0261 -0.5554
v 0.7128 15.4587 -0.4112
v 0.6668 15.1800 -0.6749
v 1.9709 0.3051 0.3863
v 1.8277 0.3005 0.3598
v 1.7769 0.1533 0.3220
v 2.0140 0.1237 0.4003
v 1.8403 0.0429 0.2962
v 1.9350 0.0388 0.3538
v 1.7824 0.2425 0.3337
v 2.0059 0.2466 0.3965
v 1.7996 0.0815 0.2971
v 1.9691 0.0787 0.3766
v 1.9690 0.3243 0.3366
v 1.8188 0.3297 0.3055
v 1.7541 0.1661 0.2616
v 2.0085 0.1345 0.3811
v 1.8229 0.0360 0.2444
v 1.9503 0.0214 0.3023
v 1.7637 0.2590 0.2747
v 2.0070 0.2835 0.3564
v 1.7866 0.0807 0.2525
v 1.9830 0.0467 0.3392
v 1.9928 0.3494 0.2413
v 1.8121 0.3503 0.2289
v 1.7399 0.1834 0.1818
v 2.0143 0.1395 0.3532
v 1.8032 0.0321 0.1772
v 1.9998 0.0000 0.2659
v 1.7588 0.2816 0.2072
v 2.0283 0.2853 0.3124
v 1.7649 0.0890 0.1731
v 2.0086 0.0395 0.3136
v 2.2007 0.2718 0.5542
v 2.1052 0.2811 0.5583
v 2.0712 0.1733 0.5007
v 2.2306 0.1521 0.5030
v 2.1240 0.0809 0.4708
v 2.1656 0.0811 0.4707
v 2.0853 0.2446 0.5377
v 2.2264 0.2150 0.5353
v 2.0918 0.1098 0.4837
v 2.2021 0.1066 0.4835
v 2.2038 0.2860 0.4991
v 2.1062 0.3011 0.5018
v 2.0726 0.1847 0.4795
v 2.2273 0.1575 0.4775
v 2.1219 0.0793 0.4510
v 2.1626 0.0806 0.4501
v 2.0855 0.2511 0.4979
v 2.2251 0.2247 0.5011
v 2.0905 0.1102 0.4631
v 2.1986 0.1082 0.4605
v 2.1881 0.2812 0.4504
v 2.1173 0.2921 0.4496
v 2.0729 0.1927 0.4583
v 2.2166 0.1594 0.4512
v 2.1180 0.0758 0.4400
v 2.1598 0.0767 0.4344
v 2.0935 0.2646 0.4527
v 2.2098 0.2303 0.4485
v 2.0867 0.1057 0.4479
v 2.1923 0.1054 0.4362
v 2.1769 0.2820 0.3796
v 2.1125 0.2941 0.3763
v 2.0563 0.1917 0.4169
v 2.2099 0.1517 0.3987
v 2.1034 0.0551 0.3781
v 2.1530 0.0526 0.3681
v 2.0907 0.2838 0.3849
v 2.1996 0.2332 0.3884
v 2.0672 0.0668 0.3881
v 2.1928 0.0830 0.3791
v 2.1644 0.0826 0.4839
v 2.2048 0.1050 0.5040
v 2.2292 0.1481 0.5247
v 2.1843 0.2609 0.5837
v 2.1957 0.2642 -1.6161
v 2.1249 0.0821 0.4850
v 2.1191 0.2702 0.5873
v 2.0945 0.2383 0.5681
v 2.0748 0.1700 0.5359
v 2.2234 0.2111 0.5567
v 2.0906 0.1098 0.5116
v 2.1786 0.2888 0.3430
v 2.1100 0.2999 0.3382
v 2.0484 0.1832 0.4026
v 2.2084 0.1472 0.3820
v 2.2036 0.3798 -1.5859
v 2.0968 0.0377 0.3438
v 2.1544 0.0387 0.3344
v 2.0835 0.2899 0.3537
v 2.1969 0.2411 0.3659
v 2.0581 0.0551 0.3669
v 2.1830 0.0710 0.3529
v 2.1944 0.3122 0.2521
v 2.0838 0.3241 0.2607
v 2.0342 0.1692 0.3657
v 2.2064 0.1656 0.3562
v 2.1947 0.4971 -1.5516
v 2.0613 0.0111 0.2792
v 2.1724 0.0567 0.2728
v 2.0537 0.2813 0.3188
v 2.2108 0.2703 0.3087
v 2.0339 0.0444 0.3138
v 2.2013 0.0947 0.3260
v 2.2855 0.2084 0.6270
v 2.2573 0.1554 0.6769
v 2.3671 0.1627 0.6724
v 2.3415 0.2176 0.6316
v 2.2658 0.1842 0.6885
v 2.3614 0.1887 0.6893
v 2.3382 0.2023 0.6404
v 2.2929 0.2052 0.6383
v 2.2385 0.1135 0.5930
v 2.3845 0.1112 0.5885
v 2.3479 0.2304 0.5993
v 2.2840 0.2289 0.5965
v 2.2435 0.1225 0.6522
v 2.3463 0.2265 0.6119
v 2.3804 0.1249 0.6427
v 2.2832 0.2233 0.6082
v 2.2909 0.1316 0.7065
v 2.2908 0.1687 0.7163
v 2.2774 0.0519 0.5979
v 2.2792 0.0901 0.6723
v 2.3433 0.0932 0.6725
v 2.3323 0.1730 0.7205
v 2.3436 0.0498 0.5938
v 2.3376 0.1372 0.7080
v 2.2788 0.1930 0.6902
v 2.3464 0.1939 0.6877
v 2.3379 0.1987 0.6440
v 2.2967 0.2009 0.6423
v 2.2915 0.1857 0.7133
v 2.3332 0.1859 0.7137
v 2.3826 0.1163 0.5486
v 2.2863 0.2349 0.5756
v 2.3523 0.2309 0.5757
v 2.2438 0.1138 0.5632
v 2.2832 0.0480 0.5413
v 2.3428 0.0490 0.5327
v 2.2590 0.1884 0.6306
v 2.3710 0.1898 0.6395
v 2.2710 0.1947 0.6414
v 2.3635 0.1907 0.6491
v 2.2461 0.1717 0.5923
v 2.3865 0.1696 0.5924
v 2.3833 0.1707 0.6141
v 2.2493 0.1858 0.6190
v 2.3565 0.1941 0.6504
v 2.2793 0.1981 0.6494
v 2.3871 0.1718 0.5705
v 2.2488 0.1723 0.5736
v 2.3557 0.1464 0.6919
v 2.2713 0.1757 0.6988
v 2.2468 0.0833 0.5946
v 2.3687 0.1120 0.6551
v 2.2663 0.1376 0.6881
v 2.2532 0.1070 0.6548
v 2.3545 0.1821 0.7037
v 2.3700 0.0832 0.5898
v 2.2812 0.1900 0.6986
v 2.3429 0.1936 0.6985
v 2.2533 0.0796 0.5515
v 2.3696 0.0841 0.5370
v 2.3684 0.2540 0.5049
v 2.2764 0.2654 0.5092
v 2.2467 0.1421 0.4787
v 2.3837 0.1457 0.4676
v 2.2877 0.0735 0.4515
v 2.3341 0.0726 0.4471
v 2.2497 0.2050 0.4956
v 2.3846 0.2041 0.4928
v 2.2572 0.1022 0.4607
v 2.3695 0.0944 0.4554
v 2.3671 0.2528 0.4552
v 2.2753 0.2721 0.4599
v 2.2473 0.1450 0.4568
v 2.3854 0.1525 0.4424
v 2.2876 0.0770 0.4386
v 2.3328 0.0760 0.4328
v 2.2504 0.2134 0.4649
v 2.3852 0.2129 0.4623
v 2.2556 0.1059 0.4467
v 2.3689 0.0957 0.4372
v 2.3520 0.2636 0.4200
v 2.2878 0.2717 0.4202
v 2.2503 0.1457 0.4340
v 2.3835 0.1538 0.4183
v 2.2876 0.0803 0.4284
v 2.3308 0.0772 0.4203
v 2.2537 0.2147 0.4274
v 2.3790 0.2168 0.4220
v 2.2548 0.1056 0.4353
v 2.3673 0.0939 0.4173
v 2.3409 0.2583 0.3294
v 2.2778 0.2692 0.3394
v 2.2456 0.1422 0.3931
v 2.3741 0.1430 0.3471
v 2.2851 0.0562 0.3621
v 2.3230 0.0613 0.3576
v 2.2509 0.2230 0.3642
v 2.3620 0.2224 0.3361
v 2.2502 0.0919 0.3924
v 2.3557 0.0788 0.3518
v 2.3322 0.0687 0.4603
v 2.3684 0.0935 0.4772
v 2.3812 0.1386 0.4874
v 2.3550 0.2438 0.5327
v 2.2887 0.0694 0.4642
v 2.2877 0.2533 0.5342
v 2.2503 0.1923 0.5175
v 2.2484 0.1338 0.5032
v 2.3828 0.1953 0.5114
v 2.2586 0.0972 0.4774
v 2.3366 0.2634 0.2994
v 2.2771 0.2783 0.3087
v 2.2403 0.1453 0.3763
v 2.3786 0.1407 0.3306
v 2.2791 0.0403 0.3299
v 2.3252 0.0427 0.3078
v 2.2498 0.2327 0.3453
v 2.3607 0.2244 0.3116
v 2.2525 0.0847 0.3728
v 2.3613 0.0832 0.3131
v 2.3361 0.2789 0.2292
v 2.2625 0.2995 0.2398
v 2.2313 0.1658 0.3545
v 2.3764 0.1554 0.3011
v 2.2530 0.0210 0.2741
v 2.3340 0.0215 0.2273
v 2.2421 0.2613 0.3017
v 2.3672 0.2441 0.2567
v 2.2422 0.0937 0.3246
v 2.3688 0.0784 0.2717
v 2.4268 0.1971 0.5045
v 2.4074 0.1583 0.5402
v 2.5061 0.1722 0.5318
v 2.4818 0.1980 0.5056
v 2.4138 0.1762 0.5444
v 2.4994 0.1800 0.5354
v 2.4809 0.1894 0.5108
v 2.4292 0.1896 0.5096
v 2.3901 0.1241 0.4734
v 2.5255 0.1277 0.4634
v 2.4917 0.2057 0.4771
v 2.4199 0.2045 0.4781
v 2.3905 0.1239 0.5071
v 2.4891 0.2023 0.4886
v 2.5253 0.1465 0.5039
v 2.4218 0.2028 0.4884
v 2.4256 0.1432 0.5697
v 2.4311 0.1620 0.5688
v 2.4221 0.0378 0.4552
v 2.4306 0.0773 0.5463
v 2.4995 0.0844 0.5386
v 2.4833 0.1619 0.5664
v 2.4972 0.0478 0.4589
v 2.4914 0.1401 0.5649
v 2.4209 0.1788 0.5439
v 2.4906 0.1802 0.5363
v 2.4771 0.1892 0.5171
v 2.4309 0.1863 0.5164
v 2.4387 0.1721 0.5627
v 2.4754 0.1740 0.5612
v 2.5224 0.1233 0.4339
v 2.4196 0.2078 0.4634
v 2.4945 0.2108 0.4638
v 2.3937 0.1222 0.4446
v 2.4290 0.0460 0.4032
v 2.4981 0.0563 0.4021
v 2.4082 0.1774 0.5103
v 2.4992 0.1876 0.5114
v 2.4161 0.1822 0.5166
v 2.4934 0.1852 0.5169
v 2.3948 0.1744 0.4789
v 2.5228 0.1722 0.4712
v 2.5157 0.1743 0.4891
v 2.3928 0.1703 0.4935
v 2.4877 0.1837 0.5272
v 2.4221 0.1819 0.5247
v 2.5217 0.1721 0.4524
v 2.3974 0.1772 0.4651
v 2.5027 0.1582 0.5501
v 2.4183 0.1689 0.5593
v 2.3965 0.0825 0.4606
v 2.5247 0.1215 0.5233
v 2.4119 0.1493 0.5583
v 2.4049 0.0992 0.5326
v 2.4971 0.1691 0.5528
v 2.5202 0.0895 0.4610
v 2.4221 0.1768 0.5563
v 2.4914 0.1785 0.5513
v 2.4088 0.0712 0.4166
v 2.5197 0.0874 0.4194
v 2.5047 0.2344 0.3798
v 2.4166 0.2409 0.3828
v 2.3926 0.1324 0.3554
v 2.5268 0.1407 0.3553
v 2.4335 0.0606 0.3378
v 2.4941 0.0673 0.3320
v 2.4028 0.1991 0.3713
v 2.5174 0.1958 0.3762
v 2.4060 0.0855 0.3405
v 2.5212 0.1065 0.3432
v 2.5062 0.2453 0.3503
v 2.4156 0.2575 0.3480
v 2.3934 0.1321 0.3416
v 2.5307 0.1494 0.3299
v 2.4360 0.0576 0.3264
v 2.4956 0.0685 0.3224
v 2.4018 0.1979 0.3434
v 2.5193 0.2035 0.3437
v 2.4042 0.0886 0.3309
v 2.5258 0.1122 0.3198
v 2.4951 0.2421 0.3131
v 2.4271 0.2502 0.3168
v 2.3948 0.1322 0.3277
v 2.5351 0.1491 0.3090
v 2.4365 0.0557 0.3165
v 2.4912 0.0633 0.3122
v 2.4054 0.2118 0.3253
v 2.5136 0.2082 0.3132
v 2.4059 0.0772 0.3179
v 2.5256 0.1117 0.3090
v 2.4951 0.2333 0.2436
v 2.4301 0.2554 0.2543
v 2.3974 0.1293 0.3033
v 2.5310 0.1475 0.2560
v 2.4304 0.0443 0.2761
v 2.4889 0.0527 0.2596
v 2.4019 0.2210 0.2801
v 2.5156 0.1946 0.2458
v 2.4070 0.0632 0.2828
v 2.5169 0.0874 0.2577
v 2.4955 0.0599 0.3746
v 2.5180 0.0950 0.3848
v 2.5190 0.1317 0.3965
v 2.4938 0.2235 0.4115
v 2.4329 0.0537 0.3728
v 2.4252 0.2294 0.4108
v 2.4038 0.1913 0.4142
v 2.3999 0.1239 0.3924
v 2.5123 0.1905 0.4162
v 2.4114 0.0693 0.3719
v 2.4961 0.2308 0.2104
v 2.4298 0.2630 0.2226
v 2.3964 0.1228 0.2932
v 2.5282 0.1404 0.2350
v 2.4256 0.0309 0.2463
v 2.4887 0.0380 0.2301
v 2.4022 0.2195 0.2641
v 2.5179 0.1923 0.2177
v 2.4054 0.0593 0.2707
v 2.5106 0.0656 0.2265
v 2.4902 0.2723 0.1541
v 2.4167 0.2691 0.1731
v 2.3855 0.1481 0.2900
v 2.5263 0.1384 0.2089
v 2.3935 0.0157 0.2074
v 2.4912 0.0288 0.1561
v 2.3997 0.2442 0.2382
v 2.5193 0.2300 0.1703
v 2.3831 0.0813 0.2568
v 2.5125 0.0475 0.1835
v 2.5526 0.1906 0.2185
v 2.6632 0.1855 0.1658
v 2.5698 0.0615 0.1991
v 2.6600 0.0846 0.1687
v 2.5766 0.2442 0.1984
v 2.6371 0.2316 0.1729
v 2.5490 0.1265 0.2283
v 2.6729 0.1278 0.1663
v 2.5486 0.1930 0.1989
v 2.6719 0.1853 0.1224
v 2.5571 0.0538 0.1823
v 2.6507 0.0591 0.1326
v 2.5699 0.2491 0.1742
v 2.6487 0.2352 0.1324
v 2.5398 0.1295 0.2114
v 2.6815 0.1132 0.1226
v 2.5436 0.2303 0.1587
v 2.6942 0.1800 0.0596
v 2.5410 0.0444 0.1708
v 2.6370 0.0426 0.0732
v 2.5655 0.2579 0.1176
v 2.6622 0.2386 0.0629
v 2.5342 0.1385 0.2061
v 2.6921 0.1078 0.0555
v 2.3165 0.2436 0.5779
v 1.9625 0.1446 0.8077
v 1.9625 0.1030 0.7937
v 1.9553 0.0371 0.7364
v 1.9407 0.0236 0.6733
v 1.9227 0.0160 0.5512
v 1.9141 0.0141 0.5093
v 1.9107 0.0287 0.4804
v 1.9050 0.0422 0.4536
v 1.8876 0.0408 0.3235
v 1.8866 0.0287 0.2699
v 1.9015 0.0160 0.2185
v 1.9272 0.2959 0.5188
v 1.9320 0.2910 0.5426
v 1.9366 0.2690 0.5873
v 1.9615 0.1606 0.7998
v 1.9421 0.2456 0.6271
v 1.9394 0.2609 0.6040
v 1.9423 0.2337 0.6343
v 1.9569 0.1733 0.7858
v 1.9445 0.2217 0.6467
v 1.9527 0.2086 0.6955
v 1.9557 0.1860 0.7751
v 1.9091 0.4033 0.1988
v 1.9079 0.3530 0.3230
v 1.9250 0.3119 0.4612
v 1.9139 0.3319 0.3815
v 1.9271 0.3021 0.4929
v 1.9908 0.5335 -0.0406
v 1.9189 0.5009 -0.0520
v 2.2239 0.4301 -0.0552
v 2.1680 0.4586 -0.0432
v 2.4164 0.3874 -0.1085
v 2.3654 0.3912 -0.0849
v 2.6459 0.2947 -0.1575
v 2.5917 0.3447 -0.1427
v 2.5268 0.3627 -0.1280
v 2.6910 0.1988 -0.1503
v 2.6974 0.1307 -0.1608
v 2.4652 0.3820 -0.1168
v 2.3186 0.3978 -0.0677
v 2.2704 0.4191 -0.0636
v 2.1139 0.4785 -0.0393
v 2.0563 0.4909 -0.0404
v 1.9808 0.5946 -0.1988
v 1.9267 0.5419 -0.2052
v 2.2032 0.5577 -0.2419
v 2.1540 0.5758 -0.2365
v 2.3860 0.5136 -0.3089
v 2.3320 0.5159 -0.2808
v 2.5567 0.3787 -0.4130
v 2.5376 0.4254 -0.3861
v 2.4858 0.4848 -0.3587
v 2.6124 0.3082 -0.4252
v 2.6491 0.2061 -0.4383
v 2.4353 0.5028 -0.3327
v 2.2892 0.5274 -0.2610
v 2.2515 0.5382 -0.2512
v 2.0962 0.5957 -0.2296
v 2.0354 0.6069 -0.2086
v 2.1875 0.1706 -1.5945
v 1.9725 0.6749 -0.4108
v 1.9269 0.6161 -0.4209
v 2.1877 0.7058 -0.4193
v 2.1310 0.7282 -0.4166
v 2.1933 0.0947 -1.5503
v 2.3670 0.6689 -0.5029
v 2.3261 0.6749 -0.4679
v 2.5476 0.4624 -0.6712
v 2.4539 0.6128 -0.6139
v 2.6076 0.3181 -0.7297
v 2.4118 0.6498 -0.5530
v 2.2825 0.6802 -0.4446
v 2.2374 0.6858 -0.4279
v 2.0684 0.7345 -0.4164
v 2.0128 0.7137 -0.4088
v 1.9487 0.7140 -0.5897
v 2.1722 0.8427 -0.5583
v 2.1164 0.8553 -0.5809
v 2.3644 0.8009 -0.6454
v 2.3219 0.8139 -0.5918
v 2.5992 0.6818 -1.1772
v 2.5023 0.7970 -1.2647
v 2.4890 0.7496 -0.8361
v 2.5788 0.4015 -0.6986
v 2.5891 0.3868 -0.9563
v 2.4283 0.7896 -0.7137
v 2.2743 0.8185 -0.5734
v 2.2233 0.8239 -0.5637
v 2.0524 0.8504 -0.6168
v 1.9763 0.7872 -0.5927
v 1.8579 0.4216 -0.0833
v 1.8138 0.3373 -0.1026
v 1.8140 0.1259 -0.1136
v 1.8020 0.2307 -0.1154
v 1.8737 0.4674 -0.2345
v 1.8363 0.3889 -0.2541
v 1.8521 0.1987 -0.3024
v 1.8228 0.2805 -0.2851
v 1.8746 0.5349 -0.4376
v 1.8528 0.4486 -0.4628
v 1.8901 0.2797 -0.5198
v 1.8499 0.3565 -0.4905
v 1.8732 0.4614 -0.6371
v 1.9092 0.2935 -0.6945
v 1.8883 0.3913 -0.6610
v 2.6677 0.0623 -0.1604
v 2.4672 0.0440 -0.1337
v 2.5952 0.0232 -0.1568
v 2.5257 0.0346 -0.1453
v 2.6501 0.1257 -0.4461
v 2.4929 0.0577 -0.4474
v 2.6129 0.0798 -0.4480
v 2.5627 0.0497 -0.4502
v 2.6217 0.2370 -0.7544
v 2.5208 0.0479 -0.7585
v 2.6112 0.1644 -0.7731
v 2.6012 0.0905 -0.7915
v 2.5915 0.2959 -0.9854
v 2.5430 0.0716 -1.0245
v 2.5900 0.2175 -1.0056
v 2.5789 0.1410 -1.0200
v 1.9462 0.0449 -0.0758
v 2.0359 0.0218 -0.0612
v 2.1174 0.0285 -0.0538
v 2.1953 0.0384 -0.0615
v 2.2902 0.0482 -0.0737
v 2.3521 0.0506 -0.0928
v 2.4116 0.0492 -0.1144
v 1.8650 0.0824 -0.0934
v 2.5518 0.9126 -1.1586
v 2.0967 0.1229 -0.5898
v 2.1754 0.1014 -0.6139
v 2.2541 0.0823 -0.6532
v 2.3235 0.0594 -0.6861
v 1.9389 0.2073 -0.5499
v 1.9933 0.1323 -0.3341
v 2.0759 0.1034 -0.3369
v 2.1653 0.1019 -0.3450
v 2.2357 0.0926 -0.3681
v 2.3090 0.0796 -0.3907
v 1.8966 0.1440 -0.3388
v 2.4419 0.0722 -1.4580
v 2.4889 0.1868 -1.4887
v 2.5041 0.2787 -1.4594
v 2.4641 0.1171 -1.4822
v 1.9439 0.2893 -1.4201
v 1.9502 0.1679 -1.4535
v 1.9739 0.0871 -1.4126
v 1.9064 0.3249 -1.2126
v 1.8958 0.2085 -1.2308
v 1.9294 0.1427 -1.2115
v 1.9231 0.3037 -1.0105
v 1.9292 0.2053 -1.0150
v 2.0606 0.2647 -1.5713
v 2.2902 0.1084 -1.5478
v 2.2986 0.1801 -1.5884
v 2.3137 0.2703 -1.5897
v 2.0787 0.0882 -1.5085
v 2.0677 0.1688 -1.5519
v 2.4043 0.1857 -1.5679
v 2.4218 0.2758 -1.5495
v 2.3836 0.1163 -1.5315
v 1.9161 0.3985 -0.9997
v 1.9266 0.6377 -0.5990
v 1.9006 0.5555 -0.6154
v 2.3402 0.6043 -1.5152
v 2.3325 0.8335 -1.4758
v 2.3374 0.7323 -1.4922
v 2.3397 0.4911 -1.5393
v 2.3309 0.3798 -1.5646
v 2.4482 0.5930 -1.4394
v 1.9325 1.1367 -1.0055
v 2.4349 0.6996 -1.3901
v 2.4433 0.4844 -1.4838
v 2.4361 0.3807 -1.5125
v 2.4887 0.5811 -1.3344
v 0.1519 7.7575 -0.6734
v 2.5053 0.4781 -1.3905
v 2.5110 0.3791 -1.4327
v 1.9129 0.9187 -0.9527
v 1.9094 0.4919 -0.9807
v 1.9092 0.5999 -0.9617
v 1.9020 0.7083 -0.9493
v 1.8947 0.8163 -0.9442
v 1.9220 0.8001 -1.1062
v 1.9185 0.4412 -1.1837
v 1.9079 0.9133 -1.1017
v 1.9444 0.6767 -1.1251
v 1.9241 0.5612 -1.1502
v 1.9877 0.8926 -1.2587
v 1.9959 0.7798 -1.2728
v 1.9555 0.4066 -1.3853
v 1.9708 0.5319 -1.3426
v 1.9904 0.6553 -1.3029
v 2.1891 0.7620 -1.4924
v 2.0630 0.6405 -1.4312
v 2.0494 0.5161 -1.4756
v 2.0447 0.3921 -1.5196
v 2.0706 0.7699 -1.3944
v 2.0711 0.8781 -1.3767
v 2.1922 0.8616 -1.4804
v 2.0140 1.1234 -0.7849
v 2.4600 1.0745 -1.2601
v 2.4271 0.8081 -1.3664
v 2.3137 1.0558 -1.4548
v 2.0413 1.1037 -1.3654
v 1.9714 1.1169 -1.2629
v 2.1683 1.0734 -1.4551
v 1.9223 1.1285 -1.1333
v 2.3950 1.0597 -1.3708
v 2.3725 0.9297 -0.7268
v 2.1539 0.9618 -0.6438
v 2.1969 0.6098 -1.5259
v 2.4944 0.9093 -0.9006
v 2.5949 0.6816 -1.0266
v 1.9246 1.0226 -1.1133
v 2.1963 0.9607 -1.4702
v 2.4989 0.9145 -1.2651
v 2.4236 0.9225 -1.3628
v 2.3342 0.9385 -1.4596
v 2.0707 0.9858 -1.3689
v 2.5786 0.5783 -1.0490
v 2.0481 0.9941 -0.7154
v 2.1047 0.9786 -0.6764
v 1.9308 1.0292 -0.9760
v 2.2077 0.9455 -0.6421
v 2.2627 0.9372 -0.6566
v 2.3145 0.9355 -0.6725
v 1.9908 1.0041 -1.2571
v 2.4336 0.9208 -0.7917
v 2.5244 0.6388 -0.8646
v 0.0917 7.7628 -0.6608
v 2.5032 0.6882 -1.2819
v 0.2070 7.6555 -0.7074
v 0.2475 7.5481 -0.7273
v 0.2955 7.4119 -0.7422
v 0.3558 7.2613 -0.7581
v 0.4216 7.0916 -0.7712
v 0.4887 6.8807 -0.7823
v 0.5626 6.5955 -0.7971
v 0.7323 5.9002 -0.7853
v 0.8347 5.5161 -0.7762
v 0.9306 5.1395 -0.7606
v 0.9930 4.8862 -0.7506
v 1.0181 4.7182 -0.7665
v 1.0393 4.5640 -0.7848
v 1.0544 4.4072 -0.8021
v 1.0986 4.2415 -0.8264
v 1.1959 4.0628 -0.8612
v 1.2725 3.8575 -0.9091
v 1.3081 3.6221 -0.9346
v 1.3509 3.3802 -0.9638
v 1.4233 3.1255 -0.9869
v 1.5226 2.8524 -1.0016
v 1.6291 2.5569 -1.0165
v 1.7132 2.2162 -1.0042
v 2.4399 1.7983 -1.0482
v 1.8221 1.7602 -0.9851
v 1.9402 1.3104 -0.9378
v 2.5170 0.0674 -1.1958
v 2.5757 0.1261 -1.2075
v 2.6025 0.1997 -1.2013
v 2.5857 0.3845 -1.1295
v 2.6058 0.2881 -1.1738
v 1.9103 0.3596 -0.8306
v 1.9215 0.2579 -0.8535
v 1.8933 0.4445 -0.8130
v 1.8887 0.5505 -0.7923
v 1.8861 0.6467 -0.7796
v 1.9101 0.7320 -0.7768
v 1.9520 0.9101 -0.8095
v 1.9333 0.8162 -0.7855
v 1.9485 1.1396 -0.8969
v 1.9658 1.0251 -0.8556
v 2.5546 0.5538 -0.8878
v 2.4301 0.0625 -0.4340
v 2.3709 0.0669 -0.4144
v 2.5391 0.5748 -1.1986
v 2.5614 0.4669 -0.9206
v 2.5011 0.5383 -0.6477
v 2.5718 0.7889 -1.0144
v 2.5418 0.4779 -1.2355
v 2.5548 0.4714 -1.0859
v 2.5645 0.3847 -1.2893
v 2.5714 0.2793 -1.3312
v 2.5582 0.1842 -1.3607
v 2.5275 0.1137 -1.3618
v 2.4784 0.0626 -1.3433
v 2.4514 0.0389 -0.7382
v 2.3882 0.0476 -0.7147
v 2.4653 0.0366 -1.0071
v 2.3227 0.0360 -0.9411
v 1.9501 0.2039 -0.7319
v 2.3970 0.0240 -0.9855
v 2.2151 0.0345 -1.4746
v 2.0131 0.0347 -1.3073
v 1.9812 0.1391 -1.0095
v 2.2993 0.0460 -1.4932
v 2.0912 0.0277 -1.4306
v 2.3786 0.0591 -1.4857
v 1.9565 0.1730 -0.8757
v 2.1579 0.0108 -1.2562
v 2.0731 0.0177 -1.2000
v 1.9715 0.0763 -1.1703
v 2.4132 0.0469 -1.3438
v 2.2611 0.0148 -1.3018
v 2.3318 0.0240 -1.3220
v 2.3811 0.0216 -1.1610
v 2.4518 0.0441 -1.1787
v 2.1278 0.0435 -1.0301
v 2.2021 0.0231 -1.0808
v 2.3017 0.0150 -1.1301
v 2.0545 0.0933 -0.9725
v 2.0137 0.1382 -0.8740
v 2.1519 0.2398 0.6563
v 2.1542 0.2270 0.6806
v 2.1538 0.2198 0.6956
v 2.3115 0.0839 0.6817
v 2.3105 0.0508 0.5958
v 2.3155 0.1326 0.7146
v 2.4634 0.0512 0.3372
v 2.4626 0.0440 0.3698
v 2.4636 0.0512 0.4026
v 2.4532 0.1858 0.5303
v 2.1528 0.0672 0.5740
v 2.1446 0.0823 0.4845
v 2.1448 0.0810 0.4708
v 2.1423 0.0799 0.4503
v 2.1567 0.1264 0.8049
v 2.1509 0.0696 0.7699
v 2.1500 0.0462 0.6441
v 2.4597 0.0428 0.4571
v 2.3119 0.2314 0.5979
v 2.3112 0.2262 0.6102
v 2.4589 0.2520 0.3844
v 2.4620 0.2643 0.3504
v 2.4626 0.2618 0.3158
v 2.4631 0.0744 0.5488
v 2.4598 0.1370 0.5671
v 2.3092 0.0787 0.4244
v 2.2990 0.2951 0.2081
v 2.3092 0.2817 0.2919
v 2.3109 0.2799 0.3241
v 2.4625 0.2661 0.2057
v 2.4516 0.2856 0.1370
v 2.4417 0.0097 0.1513
v 2.3164 0.2835 0.4186
v 2.4554 0.2133 0.4908
v 2.4558 0.2190 0.4806
v 2.4571 0.2255 0.4670
v 2.4671 0.2566 0.2448
v 2.4581 0.1608 0.5677
v 2.1515 0.3005 0.4473
v 2.1548 0.3079 0.4997
v 2.1530 0.2927 0.5597
v 2.1515 0.2774 0.5863
v 2.1564 0.2131 0.7109
v 2.1566 0.2077 0.7164
v 2.1570 0.2015 0.7241
v 2.1578 0.1943 0.7398
v 2.5622 0.0268 0.1008
v 2.5882 0.0388 0.1525
v 2.4617 0.0496 0.3245
v 2.3124 0.2130 0.6295
v 2.1353 0.3360 0.2230
v 2.1412 0.3057 0.3274
v 2.1440 0.2978 0.3728
v 2.3130 0.0486 0.5370
v 2.4571 0.1731 0.5619
v 2.4549 0.1779 0.5533
v 2.4536 0.1816 0.5426
v 2.3173 0.2834 0.4572
v 2.3175 0.2719 0.5091
v 2.3180 0.2604 0.5365
v 2.1576 0.1846 0.7769
v 2.1596 0.1744 0.7959
v 2.1587 0.1596 0.7994
v 2.1574 0.1494 0.8085
v 2.1389 0.0763 0.4369
v 2.1282 0.0538 0.3728
v 2.1262 0.0381 0.3381
v 2.1298 0.0038 0.2092
v 2.4544 0.1896 0.5178
v 2.4551 0.1982 0.5142
v 2.4543 0.2048 0.5066
v 2.3105 0.0690 0.4622
v 2.3108 0.0730 0.4493
v 2.3102 0.0765 0.4358
v 2.6105 0.2607 0.1485
v 2.3145 0.1938 0.6865
v 2.3126 0.1856 0.7148
v 2.3142 0.1680 0.7211
v 2.4557 0.2365 0.4148
v 2.6094 0.2593 0.1837
v 2.6069 0.0537 0.1751
v 2.4628 0.0491 0.3160
v 2.4575 0.0530 0.2682
v 2.4557 0.0238 0.2373
v 2.2834 0.0138 0.2121
v 2.3021 0.0415 0.3190
v 2.3041 0.0587 0.3599
v 2.3146 0.1921 0.6962
v 2.3145 0.1953 0.6568
v 2.3124 0.2000 0.6417
v 2.3124 0.2037 0.6370
v 2.5635 0.1647 0.3771
v 2.5515 0.1469 0.4209
v 2.6423 0.1551 0.4087
v 2.6261 0.1685 0.3712
v 2.5597 0.1527 0.4241
v 2.6354 0.1611 0.4128
v 2.6223 0.1674 0.3759
v 2.5665 0.1634 0.3808
v 2.5280 0.1216 0.3646
v 2.6623 0.1335 0.3556
v 2.6320 0.1849 0.3602
v 2.5640 0.1846 0.3657
v 2.5378 0.1151 0.4003
v 2.6286 0.1805 0.3668
v 2.6549 0.1350 0.3794
v 2.5651 0.1802 0.3732
v 2.5726 0.1307 0.4567
v 2.5784 0.1431 0.4527
v 2.5684 0.0480 0.3381
v 2.5737 0.0738 0.4178
v 2.6422 0.0854 0.4042
v 2.6217 0.1435 0.4486
v 2.6471 0.0676 0.3428
v 2.6255 0.1298 0.4476
v 2.5653 0.1585 0.4259
v 2.6276 0.1608 0.4133
v 2.6182 0.1654 0.3804
v 2.5681 0.1617 0.3843
v 2.5800 0.1518 0.4451
v 2.6167 0.1519 0.4386
v 2.6643 0.1309 0.3420
v 2.5654 0.1950 0.3564
v 2.6342 0.1905 0.3529
v 2.5320 0.1253 0.3437
v 2.5713 0.0457 0.3280
v 2.6488 0.0683 0.3321
v 2.5556 0.1553 0.3982
v 2.6378 0.1660 0.3898
v 2.5602 0.1581 0.4013
v 2.6308 0.1644 0.3936
v 2.5339 0.1584 0.3623
v 2.6515 0.1645 0.3582
v 2.6495 0.1585 0.3725
v 2.5436 0.1546 0.3833
v 2.6255 0.1645 0.3994
v 2.5670 0.1622 0.4043
v 2.6537 0.1657 0.3464
v 2.5345 0.1619 0.3524
v 2.6424 0.1434 0.4261
v 2.5635 0.1486 0.4391
v 2.5395 0.0882 0.3462
v 2.6568 0.1080 0.3919
v 2.5559 0.1382 0.4403
v 2.5481 0.0972 0.4102
v 2.6356 0.1545 0.4281
v 2.6662 0.0953 0.3492
v 2.5703 0.1551 0.4364
v 2.6247 0.1552 0.4268
v 2.5405 0.0843 0.3380
v 2.6666 0.0965 0.3344
v 2.6316 0.2106 0.3244
v 2.5703 0.2201 0.3224
v 2.5393 0.1348 0.3040
v 2.6684 0.1451 0.3062
v 2.5705 0.0442 0.2882
v 2.6426 0.0750 0.2855
v 2.5443 0.1824 0.3113
v 2.6520 0.1874 0.3180
v 2.5460 0.0887 0.2947
v 2.6747 0.1158 0.2988
v 2.6426 0.2250 0.3089
v 2.5655 0.2298 0.3014
v 2.5433 0.1362 0.2792
v 2.6735 0.1566 0.2861
v 2.5706 0.0542 0.2557
v 2.6403 0.0826 0.2557
v 2.5477 0.1855 0.2869
v 2.6564 0.1926 0.2998
v 2.5495 0.0946 0.2690
v 2.6765 0.1185 0.2730
v 2.6445 0.2261 0.2763
v 2.5689 0.2329 0.2695
v 2.5447 0.1357 0.2698
v 2.6781 0.1544 0.2699
v 2.5739 0.0570 0.2486
v 2.6395 0.0837 0.2447
v 2.5498 0.1936 0.2705
v 2.6592 0.2008 0.2763
v 2.5524 0.0938 0.2589
v 2.6774 0.1174 0.2659
v 2.6381 0.2385 0.2448
v 2.5779 0.2366 0.2392
v 2.5465 0.1347 0.2586
v 2.6759 0.1550 0.2436
v 2.5771 0.0640 0.2382
v 2.6405 0.0856 0.2376
v 2.5501 0.1930 0.2543
v 2.6610 0.2036 0.2447
v 2.5562 0.0919 0.2472
v 2.6785 0.1193 0.2474
v 2.6503 0.0706 0.3218
v 2.6683 0.1013 0.3253
v 2.6632 0.1356 0.3311
v 2.6323 0.2036 0.3398
v 2.5732 0.0446 0.3180
v 2.5657 0.2055 0.3422
v 2.5378 0.1683 0.3350
v 2.5356 0.1266 0.3296
v 2.6523 0.1771 0.3341
v 2.5432 0.0809 0.3255
v 2.6129 0.0463 0.2863
v 2.6056 0.0370 0.3127
v 2.6043 0.0391 0.3224
v 2.5914 0.1643 0.4042
v 2.6040 0.0409 0.3295
v 2.5992 0.2210 0.3271
v 2.6041 0.2250 0.3049
v 2.6070 0.2364 0.2714
v 2.6013 0.0746 0.4168
v 2.5977 0.1239 0.4619
v 2.5905 0.1900 0.3681
v 2.5917 0.1969 0.3621
v 2.5937 0.1950 0.3533
v 2.6093 0.2472 0.2415
v 2.5981 0.1400 0.4536
v 2.6066 0.0548 0.2541
v 2.5961 0.1504 0.4438
v 2.5956 0.1580 0.4315
v 2.5953 0.1611 0.4196
v 2.5919 0.1642 0.3818
v 2.5916 0.1652 0.3769
v 2.5903 0.1667 0.3718
v 2.5975 0.2050 0.3404
v 2.6062 0.0583 0.2442
v 2.6027 0.0595 0.2374
v 2.6138 0.2726 0.0726
v 2.5813 0.0624 0.2064
v 2.6009 0.0606 0.1979
v 1.7710 0.2070 0.0332
v 1.7847 0.3054 0.0559
v 2.7019 0.1163 -0.0343
v 2.7033 0.1850 -0.0324
v 2.6648 0.2426 -0.0257
v 1.8274 0.3869 0.0686
v 1.9109 0.4552 0.0985
v 1.9927 0.4282 0.0984
v 2.0687 0.4002 0.1139
v 2.1270 0.3930 0.1100
v 2.1779 0.3776 0.1122
v 2.2385 0.3554 0.0985
v 2.2870 0.3346 0.0773
v 2.3333 0.3160 0.0663
v 2.3938 0.3244 0.0452
v 2.4381 0.3323 0.0247
v 2.4845 0.3084 0.0133
v 2.6489 0.0544 -0.0218
v 2.5739 0.0302 -0.0064
v 1.7894 0.1074 0.0298
v 1.8341 0.0572 0.0419
v 1.9239 0.0304 0.0713
v 2.0179 0.0109 0.0992
v 2.0920 0.0200 0.1144
v 2.5088 0.0321 0.0154
v 2.4590 0.0413 0.0321
v 2.3945 0.0185 0.0628
v 2.3466 0.0396 0.0767
v 2.2794 0.0379 0.0996
v 2.1534 0.0105 0.1002
v 2.5581 0.3038 -0.0028
v 2.6168 0.2838 -0.0215
v 2.0300 0.0545 -1.1236
v 0.9295 6.4360 -0.1553
v 0.7741 6.3505 -0.3568
v 0.6882 6.2892 -0.5756
v 0.6529 6.2577 -0.7954
v 0.6527 6.2525 -1.0123
v 0.7115 6.2825 -1.2060
v 0.8093 6.3426 -1.3883
v 0.9692 6.4483 -1.5251
v 1.1560 6.5617 -1.6097
v 1.3770 6.6644 -1.6151
v 1.6167 6.7344 -1.5160
v 1.7875 6.7784 -1.3337
v 1.8854 6.7830 -1.0713
v 1.9393 6.7805 -0.8255
v 1.9793 6.7912 -0.5856
v 1.9684 6.7882 -0.3404
v 1.8622 6.7597 -0.1330
v 1.6858 6.7082 0.0151
v 1.4136 6.6289 0.0277
v 1.1629 6.5367 -0.0174
v 0.3112 15.4991 0.3043
v 0.3490 15.4985 0.2987
v 0.4385 15.4606 0.2559
v 0.4343 15.4687 0.2617
v 0.4287 15.4751 0.2668
v 0.4104 15.4855 0.2781
v 0.3833 15.4926 0.2903
v 0.2723 15.4911 0.3011
v 0.1851 15.4345 0.2750
v 0.1970 15.4274 0.2676
v 0.2123 15.4236 0.2727
v 0.1934 15.4478 0.2751
v 0.2018 15.4551 0.2798
v 0.1847 15.4416 0.2772
v 0.4248 15.4352 0.2616
v 0.2424 15.4163 0.2861
v 0.2760 15.4110 0.2939
v 0.2116 15.4628 0.2831
v 0.3114 15.4074 0.3002
v 0.2353 15.4773 0.2901
v 0.3519 15.4084 0.2971
v 0.3848 15.4154 0.2838
v 0.4071 15.4245 0.2742
v 0.4342 15.4426 0.2512
v 0.4377 15.4500 0.2495
v 0.4394 15.4551 0.2512
v 0.2244 15.4205 0.2789
v 0.4296 15.4387 0.2560
f 4849 1 2 4848
f 5 3 4 6
f 4850 4849 3 8
f 8 3 5 9
f 11 8 9 12
f 4851 4850 8 11
f 14 11 12 15
f 4852 4851 11 14
f 17 14 15 18
f 4853 4852 14 17
f 20 17 18 21
f 4854 4853 17 20
f 23 20 21 24
f 4855 4854 20 23
f 26 23 24 27
f 4856 4855 23 26
f 29 26 27 30
f 4857 4856 26 29
f 5078 29 30 5077
f 5128 4857 29 5078
f 38 35 36 39
f 4860 4859 35 38
f 4863 4862 44 47
f 47 44 43 46
f 4864 4863 47 50
f 50 47 46 49
f 5129 4864 50 5080
f 5080 50 49 5082
f 4866 4848 2 55
f 57 6 4 56
f 60 57 56 59
f 4867 4866 55 58
f 63 60 59 62
f 4868 4867 58 61
f 102 63 62 101
f 4873 4868 61 103
f 69 66 65 68
f 4870 4869 64 67
f 72 69 68 71
f 4871 4870 67 70
f 75 72 71 74
f 4872 4871 70 73
f 4886 39 36 4891
f 5131 5082 49 4890
f 4890 49 46 4888
f 4888 4887 79 80
f 5130 5077 30 4884
f 4884 30 27 4882
f 4882 27 24 4881
f 4881 24 21 4880
f 4880 21 18 4879
f 4879 18 15 4878
f 4899 12 9 4877
f 4897 5 6 4898
f 4898 6 57 4896
f 4877 9 5 4897
f 4875 60 63 4876
f 4896 57 60 4875
f 4878 4899 93 83
f 4894 66 69 4895
f 4895 69 72 4893
f 4893 72 75 4874
f 4892 4894 97 104
f 66 102 101 65
f 4869 4873 103 64
f 4876 4892 104 96
f 109 104 97 105
f 105 97 98 106
f 106 98 99 107
f 107 99 100 108
f 119 114 110 115
f 116 111 112 117
f 117 112 113 118
f 115 110 111 116
f 125 119 115 121
f 121 115 116 122
f 122 116 117 123
f 123 117 118 124
f 131 125 121 127
f 120 126 130 124
f 127 121 122 128
f 128 122 123 129
f 129 123 124 130
f 137 131 127 133
f 126 132 136 130
f 133 127 128 134
f 134 128 129 135
f 135 129 130 136
f 79 141 142 80
f 143 81 80 142
f 5085 5083 81 143
f 139 77 76 138
f 148 86 85 147
f 150 88 87 149
f 147 85 84 146
f 149 87 86 148
f 146 84 83 145
f 155 93 92 154
f 156 94 95 157
f 154 92 90 152
f 153 91 94 156
f 157 95 96 158
f 152 90 91 153
f 109 158 96 104
f 83 93 155 145
f 114 119 167 166
f 119 125 168 167
f 125 131 169 168
f 131 137 170 169
f 181 175 176 182
f 178 172 175 181
f 179 173 171 177
f 180 174 173 179
f 177 171 172 178
f 166 167 182 176
f 195 187 186 194
f 194 186 159 189
f 196 188 187 195
f 189 159 160 190
f 190 160 161 191
f 174 180 191 161
f 208 180 179 207
f 180 208 213 191
f 206 178 181 209
f 209 181 182 210
f 217 195 194 216
f 216 194 189 211
f 218 196 195 217
f 211 189 190 212
f 205 177 178 206
f 5090 5088 196 218
f 212 190 191 213
f 207 179 177 205
f 167 168 210 182
f 168 169 222 210
f 169 170 221 222
f 226 208 207 225
f 225 207 205 223
f 223 205 206 224
f 229 222 221 228
f 234 209 229 236
f 230 223 224 231
f 209 210 222 229
f 233 226 225 232
f 236 229 228 235
f 232 225 223 230
f 237 234 236 239
f 239 236 235 238
f 5231 243 242 5230
f 5230 242 240 5232
f 5232 240 241 5233
f 259 218 217 258
f 257 216 211 254
f 258 217 216 257
f 255 212 213 256
f 5092 5090 218 259
f 254 211 212 255
f 262 255 256 263
f 261 254 255 262
f 264 257 254 261
f 226 256 213 208
f 226 233 263 256
f 5234 266 267 5235
f 5231 250 273 5235
f 5192 243 267 5201
f 5240 5234 272 872
f 881 972 971 879
f 295 5135 900 294
f 281 279 280 282
f 5095 281 282 5094
f 199 203 282 280
f 5094 282 203 5089
f 290 5071 900 291
f 292 202 201 291
f 201 200 290 291
f 5071 293 294 900
f 5135 292 291 900
f 198 204 5070 284
f 200 199 280 290
f 275 299 300 276
f 337 338 319 320
f 301 306 307 302
f 299 304 305 300
f 308 303 302 307
f 306 311 312 307
f 304 309 310 305
f 313 308 307 312
f 311 316 317 312
f 309 314 315 310
f 318 313 312 317
f 334 361 360 286
f 287 334 335 321
f 366 328 275 365
f 325 322 323 324
f 326 325 324 327
f 299 275 328 329
f 304 299 329 330
f 309 304 330 331
f 314 309 331 332
f 286 314 332 333
f 334 286 333 335
f 287 321 326 327
f 319 327 324 320
f 320 324 323 288
f 5055 5053 297 298
f 365 368 288 323
f 278 279 281 339
f 5095 283 340 5097
f 283 285 341 340
f 359 287 327 319
f 5068 5148 5149 5069
f 316 342 343 317
f 344 318 317 343
f 321 345 348 326
f 345 321 335 355
f 331 352 353 332
f 328 349 350 329
f 347 325 326 348
f 329 350 351 330
f 366 367 349 328
f 332 353 354 333
f 346 322 325 347
f 355 335 333 354
f 330 351 352 331
f 5073 344 343 5072
f 378 379 369 364
f 406 372 371 407
f 286 360 315 314
f 361 334 287 359
f 322 366 365 323
f 275 276 368 365
f 322 346 367 366
f 405 374 372 406
f 456 363 358 455
f 5343 5073 5072 5344
f 353 390 391 354
f 384 347 348 385
f 392 355 354 391
f 345 382 385 348
f 349 386 387 350
f 350 387 388 351
f 382 345 355 392
f 393 367 346 383
f 351 388 389 352
f 367 393 386 349
f 352 389 390 353
f 383 346 347 384
f 396 393 383 394
f 394 383 384 395
f 399 396 394 397
f 397 394 395 398
f 396 387 386 393
f 384 385 382 395
f 382 392 398 395
f 398 392 391 390
f 397 398 390 389
f 399 397 389 388
f 396 399 388 387
f 374 400 401 372
f 372 401 402 371
f 364 369 408 409
f 5345 5344 5072 5075
f 409 413 414 412
f 413 415 416 414
f 499 417 418 498
f 417 419 420 418
f 419 421 422 420
f 426 423 424 427
f 501 426 427 502
f 432 429 430 433
f 435 432 433 436
f 440 443 442 441
f 447 446 445 438
f 425 413 409 408
f 415 413 425 428
f 499 415 428 500
f 419 417 431 434
f 421 419 434 437
f 370 362 404 403
f 503 504 443 440
f 438 445 444 439
f 405 406 441 442
f 357 356 457 451
f 5352 448 449 5353
f 5362 505 450 5354
f 5346 5139 5074 5347
f 5365 5341 411 5355
f 507 506 454 460
f 458 452 453 459
f 508 507 460 463
f 461 458 459 462
f 509 508 463 466
f 464 461 462 465
f 510 509 466 469
f 467 464 465 468
f 5363 471 454 5354
f 460 454 471 472
f 463 460 472 473
f 466 463 473 474
f 469 466 474 475
f 5355 411 448 5352
f 452 458 457 410
f 451 457 458 461
f 461 464 455 451
f 456 455 464 467
f 478 440 441 479
f 476 438 439 477
f 511 503 440 478
f 406 407 479 441
f 481 485 479 407
f 478 479 485 484
f 511 478 484 512
f 512 483 477 511
f 476 477 483 482
f 513 512 484 490
f 490 484 485 491
f 5337 5336 480 486
f 481 487 491 485
f 488 482 483 489
f 415 499 498 416
f 429 501 502 430
f 417 499 500 431
f 439 444 504 503
f 5353 449 505 5362
f 459 453 506 507
f 462 459 507 508
f 465 462 508 509
f 468 465 509 510
f 477 439 503 511
f 482 519 520 476
f 489 483 512 513
f 519 482 488 518
f 471 516 515 472
f 472 515 523 473
f 5363 5361 516 471
f 519 536 537 520
f 447 438 476 520
f 474 522 521 475
f 473 523 522 474
f 527 435 436 528
f 522 539 538 521
f 525 421 437 529
f 516 533 532 515
f 530 446 447 531
f 536 553 554 537
f 523 540 539 522
f 536 519 518 535
f 515 532 540 523
f 531 447 520 537
f 5361 5360 533 516
f 421 525 526 422
f 539 556 555 538
f 532 549 557 540
f 540 557 556 539
f 553 536 535 552
f 5360 5351 550 533
f 547 530 531 548
f 542 525 529 546
f 525 542 543 526
f 533 550 549 532
f 571 554 553 570
f 548 531 537 554
f 544 527 528 545
f 565 548 554 571
f 561 544 545 562
f 556 573 572 555
f 549 566 574 557
f 557 574 573 556
f 570 553 552 569
f 5351 5350 567 550
f 564 547 548 565
f 559 542 546 563
f 542 559 560 543
f 550 567 566 549
f 570 587 588 571
f 605 588 587 604
f 582 565 571 588
f 578 561 562 579
f 573 590 589 572
f 566 583 591 574
f 574 591 590 573
f 587 570 569 586
f 5350 5349 584 567
f 581 564 565 582
f 576 559 563 580
f 559 576 577 560
f 671 677 694 688
f 567 584 583 566
f 593 576 580 597
f 576 593 594 577
f 654 660 677 671
f 584 601 600 583
f 604 621 622 605
f 599 582 588 605
f 660 654 637 643
f 595 578 579 596
f 590 607 606 589
f 643 637 620 626
f 583 600 608 591
f 591 608 607 590
f 604 587 586 603
f 5349 5348 601 584
f 598 581 582 599
f 607 624 623 606
f 620 603 609 626
f 600 617 625 608
f 608 625 624 607
f 621 604 603 620
f 5348 5359 618 601
f 615 598 599 616
f 610 593 597 614
f 593 610 611 594
f 592 609 603 586
f 601 618 617 600
f 639 622 621 638
f 616 599 605 622
f 586 569 575 592
f 612 595 596 613
f 633 616 622 639
f 569 552 558 575
f 629 612 613 630
f 624 641 640 623
f 552 535 541 558
f 617 634 642 625
f 625 642 641 624
f 638 621 620 637
f 5359 5358 635 618
f 632 615 616 633
f 627 610 614 631
f 610 627 628 611
f 535 518 524 541
f 618 635 634 617
f 639 638 655 656
f 672 673 656 655
f 650 633 639 656
f 518 488 494 524
f 646 629 630 647
f 641 658 657 640
f 488 489 495 494
f 634 651 659 642
f 642 659 658 641
f 655 638 637 654
f 5358 5357 652 635
f 649 632 633 650
f 644 627 631 648
f 627 644 645 628
f 514 495 489 513
f 635 652 651 634
f 658 675 674 657
f 513 490 496 514
f 651 668 676 659
f 659 676 675 658
f 672 655 654 671
f 5357 5356 669 652
f 666 649 650 667
f 661 644 648 665
f 644 661 662 645
f 490 491 497 496
f 652 669 668 651
f 689 690 673 672
f 667 650 656 673
f 493 497 491 487
f 663 646 647 664
f 678 661 665 682
f 661 678 679 662
f 669 686 685 668
f 684 667 673 690
f 680 663 664 681
f 675 692 691 674
f 668 685 693 676
f 676 693 692 675
f 689 672 671 688
f 5356 5367 686 669
f 683 666 667 684
f 700 683 684 701
f 706 707 690 689
f 688 694 711 705
f 695 678 682 699
f 678 695 696 679
f 687 679 696 704
f 701 684 690 707
f 697 680 681 698
f 692 709 708 691
f 685 702 710 693
f 693 710 709 692
f 689 688 705 706
f 5367 5366 703 686
f 703 702 685 686
f 5366 704 696 695
f 700 701 695 699
f 5233 241 251 5246
f 724 486 480 723
f 713 726 381 380
f 400 730 731 401
f 403 404 424 423
f 731 722 402 401
f 727 728 747 745
f 742 894 895 741
f 750 746 749 751
f 752 750 751 753
f 754 752 753 755
f 756 754 755 757
f 758 756 757 759
f 760 758 759 761
f 764 762 763 765
f 766 764 765 767
f 768 766 767 769
f 770 768 769 771
f 772 770 771 773
f 774 772 773 775
f 741 895 896 740
f 991 783 782 990
f 783 787 786 782
f 787 791 790 786
f 791 796 794 790
f 801 809 815 795
f 808 802 809 803
f 796 802 800 794
f 802 808 806 800
f 807 803 809 801
f 802 796 815 809
f 808 814 812 806
f 795 1038 793 799
f 800 806 810 804
f 813 797 803 807
f 772 774 780 779
f 770 772 779 778
f 768 770 778 777
f 786 790 792 788
f 743 893 894 742
f 250 5231 5230 249
f 746 750 765 763
f 750 752 767 765
f 752 754 769 767
f 754 756 771 769
f 756 758 773 771
f 758 760 775 773
f 751 818 819 753
f 759 822 823 761
f 757 821 822 759
f 755 820 821 757
f 753 819 820 755
f 818 824 825 819
f 822 828 829 823
f 819 825 826 820
f 820 826 827 821
f 821 827 828 822
f 824 830 831 825
f 828 834 835 829
f 825 831 832 826
f 826 832 833 827
f 827 833 834 828
f 830 836 837 831
f 834 840 841 835
f 831 837 838 832
f 832 838 839 833
f 833 839 840 834
f 836 842 843 837
f 840 846 847 841
f 837 843 844 838
f 838 844 845 839
f 839 845 846 840
f 842 848 849 843
f 846 852 853 847
f 843 849 850 844
f 844 850 851 845
f 845 851 852 846
f 1019 854 855 1020
f 1033 858 859 1018
f 1020 855 856 1032
f 1032 856 857 1031
f 1031 857 858 1033
f 969 863 5372 1050
f 1050 5372 5371 1022
f 967 5368 862 968
f 1008 5370 864 965
f 968 862 863 969
f 965 864 865 966
f 5236 5237 868 869
f 5237 5238 871 868
f 976 978 979 988
f 5247 5236 869 5099
f 937 944 945 938
f 5238 5240 872 871
f 878 975 972 881
f 978 976 975 878
f 945 946 939 938
f 5241 5242 896 895
f 751 749 886 818
f 824 818 886 887
f 830 824 887 888
f 836 830 888 889
f 842 836 889 890
f 848 842 890 891
f 220 214 902 903
f 5084 88 150 5086
f 139 138 904 184
f 5100 905 151 5086
f 5100 188 196 5088
f 906 184 904 907
f 902 214 906 907
f 145 155 174 161
f 148 147 159 186
f 109 105 110 114
f 150 149 187 188
f 156 157 176 175
f 106 107 112 111
f 152 153 172 171
f 146 145 161 160
f 105 106 111 110
f 149 148 186 187
f 157 158 166 176
f 153 156 175 172
f 155 154 173 174
f 114 166 158 109
f 147 146 160 159
f 154 152 171 173
f 107 108 113 112
f 740 896 913 912
f 5242 5243 913 896
f 790 794 798 792
f 804 798 794 800
f 806 812 816 810
f 728 727 920 919
f 915 917 923 922
f 921 914 922 923
f 892 923 917 918
f 892 744 921 923
f 785 789 925 924
f 815 1039 1038 795
f 796 791 1039 815
f 808 803 797 814
f 811 817 813 807
f 805 811 807 801
f 801 795 799 805
f 924 925 926 927
f 995 994 914 921
f 995 996 785 924
f 916 738 894 893
f 1035 928 776 1034
f 777 778 930 929
f 778 779 931 930
f 779 780 932 931
f 1000 1002 762 776
f 998 997 749 746
f 1001 1000 776 928
f 998 999 740 912
f 1002 999 763 762
f 993 886 749 997
f 964 861 5370 1008
f 874 866 861 964
f 5098 5099 869 860
f 1022 5371 5369 970
f 966 865 5368 967
f 912 913 870 867
f 960 5378 5375 961
f 1003 887 886 993
f 5284 5285 935 1024
f 5547 1044 1029 5546
f 5548 941 1044 5547
f 5281 5282 891 890
f 5280 5281 890 889
f 5279 5280 889 888
f 5286 5279 888 887
f 1040 848 891 1043
f 945 952 953 946
f 1028 1027 956 949
f 944 951 952 945
f 947 954 955 948
f 1005 1006 951 944
f 946 953 954 947
f 5392 1007 958 5385
f 5388 960 961 5387
f 5389 959 960 5388
f 5393 1023 963 5390
f 5385 958 959 5389
f 5387 961 962 5391
f 5375 968 969 5374
f 5381 1008 965 5376
f 5378 967 968 5375
f 5379 966 967 5378
f 5382 1022 970 5380
f 5376 965 966 5379
f 1030 883 882 1025
f 973 884 971 972
f 249 247 981 977
f 974 274 273 250
f 974 250 249 977
f 1053 1051 879 971
f 946 947 940 939
f 947 948 941 940
f 5245 253 252 5244
f 981 247 248 982
f 5246 251 253 5245
f 5552 974 977 5549
f 5552 5553 274 974
f 941 948 1049 1044
f 989 986 976 988
f 986 987 975 976
f 5549 977 981 5550
f 747 991 990 745
f 1044 1049 1028 1029
f 924 927 994 995
f 921 744 996 995
f 742 741 1002 1000
f 912 739 997 998
f 743 742 1000 1001
f 746 763 999 998
f 741 740 999 1002
f 885 993 997 739
f 934 1003 993 885
f 5278 5286 887 1003
f 943 950 1006 1005
f 5386 957 1007 5392
f 5377 964 1008 5381
f 986 1011 1010 987
f 986 989 1012 1011
f 1029 1028 949 942
f 987 1010 1013 973
f 5557 1015 1016 5555
f 1045 1032 1031 1052
f 882 880 1026 1025
f 5559 5560 936 1004
f 1042 884 1017 1055
f 231 224 234 237
f 1015 985 984 1016
f 1049 1048 1027 1028
f 884 973 1013 1017
f 1054 1020 1032 1045
f 5383 1050 1022 5382
f 987 973 972 975
f 1021 1014 883 1030
f 1041 1033 1018 1046
f 1040 1019 1020 1054
f 5394 1047 1023 5393
f 854 1019 1024 935
f 1052 1031 1033 1041
f 1042 1030 1025 1053
f 5550 5556 1017 1013
f 206 209 234 224
f 371 402 480 5336
f 723 480 402 722
f 5337 486 492 5338
f 486 724 725 492
f 915 922 728 919
f 922 914 747 728
f 991 747 914 994
f 994 927 783 991
f 787 783 927 926
f 782 786 788 784
f 990 782 784 992
f 992 781 745 990
f 781 748 727 745
f 920 727 748 733
f 5133 5308 910 5248
f 5296 918 917 5295
f 5295 917 915 5294
f 5294 915 919 5293
f 5293 919 920 5292
f 283 284 5070 285
f 1037 1035 1034 1036
f 762 764 1034 776
f 764 766 1036 1034
f 925 789 793 1038
f 926 925 1038 1039
f 791 787 926 1039
f 1037 1036 777 929
f 766 768 777 1036
f 950 943 876 877
f 5384 875 957 5386
f 1007 5381 5376 958
f 985 1015 227 983
f 983 227 982 248
f 1019 1040 1043 1024
f 1025 1026 1051 1053
f 850 1045 1052 851
f 1030 1042 1055 1021
f 948 955 1048 1049
f 849 1054 1045 850
f 5374 969 1050 5383
f 852 1041 1046 853
f 848 1040 1054 849
f 5391 962 1047 5394
f 851 1052 1041 852
f 884 1042 1053 971
f 5557 1021 1055 5561
f 5561 1055 1017 5556
f 6758 1056 1057 6757
f 6760 16 19 6759
f 6761 13 16 6760
f 6762 10 13 6761
f 6763 7 10 6762
f 6764 55 2 6757
f 6766 73 70 6765
f 6769 1081 1077 6768
f 6765 70 67 6770
f 6783 5081 54 6767
f 6770 67 64 6768
f 6773 48 51 6772
f 6769 103 61 6774
f 6775 45 48 6773
f 6774 61 58 6776
f 6776 58 55 6764
f 6779 34 37 6778
f 6784 5079 31 6771
f 6781 25 28 6780
f 6758 1 7 6763
f 6782 22 25 6781
f 6759 19 22 6782
f 1096 1070 1071 1097
f 1093 1067 1068 1094
f 1088 1062 1063 1089
f 1082 1056 1058 1084
f 1102 1076 1075 1101
f 1097 1071 1072 1098
f 1089 1063 1064 1090
f 1084 1058 1059 1085
f 1081 1107 1103 1077
f 1107 1081 1076 1102
f 5105 5103 1073 1099
f 1090 1064 1065 1091
f 1085 1059 1060 1086
f 1104 1078 1077 1103
f 5104 5102 1066 1092
f 1086 1060 1061 1087
f 1105 1079 1078 1104
f 1100 1074 1057 1083
f 1087 1061 1062 1088
f 1056 1082 1083 1057
f 1106 1080 1079 1105
f 1101 1075 1074 1100
f 1127 1101 1100 1126
f 1122 1096 1097 1123
f 1119 1093 1094 1120
f 1114 1088 1089 1115
f 1108 1082 1084 1110
f 1128 1102 1101 1127
f 1123 1097 1098 1124
f 1115 1089 1090 1116
f 1110 1084 1085 1111
f 1107 1133 1129 1103
f 1133 1107 1102 1128
f 5107 5105 1099 1125
f 1116 1090 1091 1117
f 1111 1085 1086 1112
f 1130 1104 1103 1129
f 5106 5104 1092 1118
f 1112 1086 1087 1113
f 1131 1105 1104 1130
f 1126 1100 1083 1109
f 1113 1087 1088 1114
f 1082 1108 1109 1083
f 1132 1106 1105 1131
f 1157 1131 1130 1156
f 1152 1126 1109 1135
f 1139 1113 1114 1140
f 1108 1134 1135 1109
f 1158 1132 1131 1157
f 1153 1127 1126 1152
f 1148 1122 1123 1149
f 1145 1119 1120 1146
f 1140 1114 1115 1141
f 1134 1108 1110 1136
f 1154 1128 1127 1153
f 1149 1123 1124 1150
f 1141 1115 1116 1142
f 1136 1110 1111 1137
f 1133 1159 1155 1129
f 1159 1133 1128 1154
f 5109 5107 1125 1151
f 1142 1116 1117 1143
f 1137 1111 1112 1138
f 1156 1130 1129 1155
f 5108 5106 1118 1144
f 1138 1112 1113 1139
f 1160 1134 1136 1162
f 1180 1154 1153 1179
f 1175 1149 1150 1176
f 1167 1141 1142 1168
f 1162 1136 1137 1163
f 1159 1185 1181 1155
f 1185 1159 1154 1180
f 5111 5109 1151 1177
f 1168 1142 1143 1169
f 1163 1137 1138 1164
f 1182 1156 1155 1181
f 5110 5108 1144 1170
f 1164 1138 1139 1165
f 1183 1157 1156 1182
f 1178 1152 1135 1161
f 1165 1139 1140 1166
f 1134 1160 1161 1135
f 1184 1158 1157 1183
f 1179 1153 1152 1178
f 1174 1148 1149 1175
f 1171 1145 1146 1172
f 1166 1140 1141 1167
f 1160 1186 1187 1161
f 1210 1184 1183 1209
f 1205 1179 1178 1204
f 1200 1174 1175 1201
f 1197 1171 1172 1198
f 1192 1166 1167 1193
f 1186 1160 1162 1188
f 1206 1180 1179 1205
f 1201 1175 1176 1202
f 1193 1167 1168 1194
f 1188 1162 1163 1189
f 1185 1211 1207 1181
f 1211 1185 1180 1206
f 5113 5111 1177 1203
f 1194 1168 1169 1195
f 1189 1163 1164 1190
f 1208 1182 1181 1207
f 5112 5110 1170 1196
f 1190 1164 1165 1191
f 1209 1183 1182 1208
f 1204 1178 1161 1187
f 1191 1165 1166 1192
f 1216 1190 1191 1217
f 1191 1192 1229 1217
f 1192 1193 1218 1229
f 1194 1195 1226 1219
f 1236 1210 1209 1235
f 5112 1196 1221 5114
f 1197 1198 1223 1222
f 1200 1201 1220 1225
f 1212 1186 1188 1214
f 1201 1202 1227 1220
f 1204 1231 1230 1205
f 1218 1193 1194 1219
f 1209 1208 1213 1235
f 1211 1237 1233 1207
f 1208 1207 1233 1213
f 5115 5113 1203 1228
f 1211 1206 1215 1237
f 1206 1205 1230 1215
f 1204 1187 1234 1231
f 1212 1234 1187 1186
f 1188 1189 1232 1214
f 1189 1190 1216 1232
f 1196 1197 1222 1221
f 1171 1197 1196 1170
f 1145 1171 1170 1144
f 1144 1118 1119 1145
f 1216 1242 1258 1232
f 1237 1263 1259 1233
f 1215 1241 1263 1237
f 5115 5117 1253 1227
f 1220 1246 1251 1225
f 1231 1257 1256 1230
f 1226 1252 1245 1219
f 1214 1240 1238 1212
f 1230 1256 1241 1215
f 5114 5116 1252 1226
f 1217 1243 1242 1216
f 1232 1258 1240 1214
f 1234 1260 1257 1231
f 1213 1239 1261 1235
f 1223 1249 1248 1222
f 1229 1255 1243 1217
f 1235 1261 1262 1236
f 1233 1259 1239 1213
f 1227 1253 1246 1220
f 1218 1244 1255 1229
f 1212 1238 1260 1234
f 1222 1248 1247 1221
f 1219 1245 1244 1218
f 5116 5118 1278 1252
f 1243 1269 1268 1242
f 1257 1283 1282 1256
f 1261 1287 1288 1262
f 1239 1265 1287 1261
f 1249 1275 1274 1248
f 1255 1281 1269 1243
f 1238 1264 1286 1260
f 1259 1285 1265 1239
f 1253 1279 1272 1246
f 1244 1270 1281 1255
f 1263 1289 1285 1259
f 1241 1267 1289 1263
f 1248 1274 1273 1247
f 1245 1271 1270 1244
f 1258 1284 1266 1240
f 1256 1282 1267 1241
f 5117 5119 1279 1253
f 1246 1272 1277 1251
f 1252 1278 1271 1245
f 1240 1266 1264 1238
f 1242 1268 1284 1258
f 1260 1286 1283 1257
f 1265 1291 1313 1287
f 1275 1301 1300 1274
f 1281 1307 1295 1269
f 1264 1290 1312 1286
f 1285 1311 1291 1265
f 1279 1305 1298 1272
f 1270 1296 1307 1281
f 1289 1315 1311 1285
f 1267 1293 1315 1289
f 1274 1300 1299 1273
f 1271 1297 1296 1270
f 1284 1310 1292 1266
f 1282 1308 1293 1267
f 5119 5121 1305 1279
f 1272 1298 1303 1277
f 1278 1304 1297 1271
f 1266 1292 1290 1264
f 1268 1294 1310 1284
f 1286 1312 1309 1283
f 5118 5120 1304 1278
f 1269 1295 1294 1268
f 1283 1309 1308 1282
f 1287 1313 1314 1288
f 5309 1352 1351 1316
f 1335 1332 1320 1347
f 1343 1324 5315 5124
f 5314 5123 5122 5313
f 1348 1319 1318 1349
f 5123 5314 1326 1341
f 1319 1348 1353 5310
f 1316 1351 1350 1317
f 1325 1342 1339 1328
f 5313 5122 1344 1323
f 5318 5127 5125 5316
f 1322 1345 1337 1330
f 1324 1343 1342 1325
f 5310 1353 1346 1321
f 1330 1337 1338 1329
f 1355 5312 1323 1344
f 1333 1334 1345 1322
f 1332 1335 1352 5309
f 5127 5318 1328 1339
f 5312 1355 1354 5311
f 1334 1333 1321 1346
f 1329 1338 5126 5317
f 1336 1331 1327 1340
f 1347 1320 5311 1354
f 5124 5315 1331 1336
f 1317 1350 1349 1318
f 5317 5126 1340 1327
f 5127 1290 1292 5125
f 1304 1347 1354 1297
f 1353 1298 1305 1346
f 1308 1343 5124 1293
f 5125 1292 1310 1341
f 5121 1334 1346 1305
f 1355 1296 1297 1354
f 1348 1303 1298 1353
f 1293 5124 1336 1315
f 1315 1336 1340 1311
f 1335 5120 1299 1352
f 1296 1355 1344 1307
f 1352 1299 1300 1351
f 5126 1291 1311 1340
f 1290 5127 1339 1312
f 1303 1348 1349 1302
f 5122 1295 1307 1344
f 1351 1300 1301 1350
f 1338 1313 1291 5126
f 219 260 903 902
f 5239 870 913 5243
f 867 933 739 912
f 197 219 902 907
f 907 904 905 197
f 904 138 151 905
f 89 151 138 76
f 4891 36 33 4883
f 32 33 36 35
f 4858 32 35 4859
f 6779 1067 1066 6771
f 1067 1093 1092 1066
f 1093 1119 1118 1092
f 1455 1454 1387 1397
f 1454 1453 1377 1387
f 1453 1452 1367 1377
f 1452 1451 1357 1367
f 1451 1459 1432 1357
f 1682 1456 1406 1676
f 1456 1460 1442 1406
f 1460 1457 1416 1442
f 1457 1458 1426 1416
f 1397 1387 1386 1396
f 1387 1377 1376 1386
f 1377 1367 1366 1376
f 1367 1357 1358 1366
f 1357 1432 1433 1358
f 1676 1406 1407 1675
f 1406 1442 1443 1407
f 1442 1416 1417 1443
f 1416 1426 1427 1417
f 1389 1379 1380 1390
f 1379 1369 1370 1380
f 1369 1359 1360 1370
f 1359 1434 1435 1360
f 1681 1408 1409 1680
f 1408 1444 1445 1409
f 1444 1418 1419 1445
f 1418 1428 1429 1419
f 1472 1537 1507 1509
f 1390 1380 1381 1391
f 1380 1370 1371 1381
f 1370 1360 1361 1371
f 1360 1435 1436 1361
f 1680 1409 1410 1679
f 1409 1445 1446 1410
f 1445 1664 1654 1446
f 1419 1429 1430 1420
f 1400 1529 1528 1503
f 1391 1381 1382 1392
f 1381 1371 1372 1382
f 1371 1361 1362 1372
f 1361 1436 1437 1362
f 1679 1410 1411 1678
f 1410 1446 1447 1411
f 1420 1653 1644 1664
f 1503 1528 1509 1507
f 1392 1382 1383 1393
f 1382 1372 1373 1383
f 1372 1362 1363 1373
f 1362 1437 1438 1363
f 1678 1411 1412 1685
f 1411 1447 1448 1412
f 1447 1421 1422 1448
f 1390 1391 1537 1472
f 1393 1383 1384 1394
f 1383 1373 1374 1384
f 1373 1363 1364 1374
f 1363 1438 1439 1364
f 1685 1412 1413 1684
f 1412 1448 1449 1413
f 1448 1422 1423 1449
f 1402 1477 1475 1403
f 1394 1384 1385 1395
f 1384 1374 1375 1385
f 1374 1364 1365 1375
f 1364 1439 1440 1365
f 1684 1413 1414 1683
f 1413 1449 1450 1414
f 1449 1423 1424 1450
f 1403 1475 1474 1473
f 1401 1478 1477 1402
f 1400 1503 1478 1401
f 1463 932 780 1464
f 1398 1388 1454 1455
f 1388 1378 1453 1454
f 1378 1368 1452 1453
f 1368 1356 1451 1452
f 1356 1431 1459 1451
f 1677 1405 1456 1682
f 1405 1441 1460 1456
f 1441 1415 1457 1460
f 1415 1425 1458 1457
f 1503 1507 1508 1478
f 1475 1531 1532 1474
f 1404 1390 1472 1510
f 1477 1530 1531 1475
f 1478 1508 1530 1477
f 1510 1472 1509 1476
f 1399 1389 1390 1404
f 1462 797 813 1461
f 1511 814 797 1462
f 1461 813 817 1512
f 1520 1455 1397 1519
f 1465 774 775 1513
f 1501 835 841 1500
f 1495 1046 1018 1496
f 1502 829 835 1501
f 1496 1018 859 1497
f 1046 1495 1498 853
f 1504 823 829 1502
f 1506 760 761 1505
f 1499 847 853 1498
f 1505 761 823 1504
f 1500 841 847 1499
f 1485 1505 1504 1486
f 1490 1499 1498 1491
f 1484 1506 1505 1485
f 1489 1500 1499 1490
f 1488 1501 1500 1489
f 1487 1502 1501 1488
f 1494 1495 1496 1493
f 1486 1504 1502 1487
f 1495 1494 1491 1498
f 1493 1496 1497 1492
f 1467 1493 1492 1468
f 1479 1488 1489 1471
f 1471 1489 1490 1470
f 1470 1490 1491 1469
f 1483 1484 1485 1482
f 1494 1466 1469 1491
f 1482 1485 1486 1481
f 1466 1494 1493 1467
f 1481 1486 1487 1480
f 1480 1487 1488 1479
f 1518 1463 1464 1519
f 1517 1462 1461 1516
f 1515 1511 1462 1517
f 1516 1461 1512 1514
f 774 1465 1464 780
f 1520 1465 1513 1521
f 1396 1518 1519 1397
f 1506 1484 1521 1513
f 1455 1520 1521 1398
f 1404 1516 1514 1399
f 1465 1520 1519 1464
f 1476 1515 1517 1510
f 1510 1517 1516 1404
f 1484 1483 1398 1521
f 1506 1513 775 760
f 812 1522 1523 816
f 1522 1524 1525 1523
f 1524 1526 1527 1525
f 1526 1528 1529 1527
f 1508 1536 1535 1530
f 1530 1535 1534 1531
f 1531 1534 1533 1532
f 1507 1537 1536 1508
f 1511 1522 812 814
f 1524 1522 1511 1515
f 1515 1476 1526 1524
f 1476 1509 1528 1526
f 1537 1391 1392 1536
f 1534 1394 1395 1533
f 1535 1393 1394 1534
f 1536 1392 1393 1535
f 1539 1467 1468 1540
f 1547 1482 1481 1546
f 1466 1538 1541 1469
f 1546 1481 1480 1545
f 1538 1466 1467 1539
f 1545 1480 1479 1544
f 1544 1479 1471 1543
f 1543 1471 1470 1542
f 1542 1470 1469 1541
f 1548 1483 1482 1547
f 1555 1544 1543 1554
f 1554 1543 1542 1553
f 1553 1542 1541 1552
f 1559 1548 1547 1558
f 1550 1539 1540 1551
f 1558 1547 1546 1557
f 1538 1549 1552 1541
f 1557 1546 1545 1556
f 1549 1538 1539 1550
f 1556 1545 1544 1555
f 1566 1567 1561 1560
f 1570 1571 1565 1564
f 1567 1568 1562 1561
f 3839 1569 1563 3838
f 1569 1570 1564 1563
f 1572 1573 1567 1566
f 1576 1577 1571 1570
f 1573 1574 1568 1567
f 3840 1575 1569 3839
f 1575 1576 1570 1569
f 1578 1579 1573 1572
f 1582 1583 1577 1576
f 1579 1580 1574 1573
f 3841 1581 1575 3840
f 1581 1582 1576 1575
f 1584 1585 1579 1578
f 1588 1589 1583 1582
f 1585 1586 1580 1579
f 3842 1587 1581 3841
f 1587 1588 1582 1581
f 1590 1591 1585 1584
f 1594 1595 1589 1588
f 1591 1592 1586 1585
f 3843 1593 1587 3842
f 1593 1594 1588 1587
f 1596 1597 1591 1590
f 1600 1601 1595 1594
f 1597 1598 1592 1591
f 3844 1599 1593 3843
f 1599 1600 1594 1593
f 1560 1555 1554 1566
f 1566 1554 1553 1572
f 1572 1553 1552 1578
f 1549 1584 1578 1552
f 1584 1549 1550 1590
f 1590 1550 1551 1596
f 1378 1388 1548 1559
f 1388 1398 1483 1548
f 1605 1559 1558 1604
f 1604 1558 1557 1603
f 1603 1557 1556 1602
f 1631 1686 1687 1641
f 1609 1605 1604 1608
f 1694 1693 1614 1613
f 1608 1604 1603 1607
f 1693 1692 1615 1614
f 1607 1603 1602 1606
f 1668 1690 1686 1631
f 1613 1623 1669 1667
f 3845 1613 1667 3850
f 1619 1609 1608 1618
f 1613 1614 1624 1623
f 1618 1608 1607 1617
f 1614 1615 1625 1624
f 1617 1607 1606 1616
f 1616 1606 1610 1620
f 1620 1610 1611 1621
f 3850 1667 1632 3846
f 1667 1669 1633 1632
f 1671 1619 1618 1670
f 1670 1618 1617 1672
f 1672 1617 1616 1673
f 1673 1616 1620 1674
f 1674 1620 1621 1668
f 1640 1630 1631 1641
f 3846 1632 1642 3847
f 1632 1633 1643 1642
f 1639 1629 1628 1638
f 1666 1421 1654 1665
f 1638 1628 1627 1637
f 1643 1633 1665 1644
f 1637 1627 1626 1636
f 1636 1626 1630 1640
f 1649 1640 1641 1650
f 3847 1642 1651 3848
f 1642 1643 1652 1651
f 1648 1639 1638 1647
f 1643 1644 1653 1652
f 1647 1638 1637 1646
f 1419 1420 1664 1445
f 1646 1637 1636 1645
f 1645 1636 1640 1649
f 1655 1645 1649 1659
f 1659 1649 1650 1660
f 3848 1651 1661 3849
f 1651 1652 1662 1661
f 1658 1648 1647 1657
f 1652 1653 1663 1662
f 1657 1647 1646 1656
f 1653 1420 1430 1663
f 1656 1646 1645 1655
f 1422 1634 1635 1423
f 1654 1664 1644 1665
f 1654 1421 1447 1446
f 1666 1634 1422 1421
f 1621 1612 1690 1668
f 1629 1671 1670 1628
f 1628 1670 1672 1627
f 1669 1666 1665 1633
f 1627 1672 1673 1626
f 1626 1673 1674 1630
f 1630 1674 1668 1631
f 1437 1678 1685 1438
f 1435 1680 1679 1436
f 1459 1682 1676 1432
f 1431 1677 1682 1459
f 1436 1679 1678 1437
f 1432 1676 1675 1433
f 1434 1681 1680 1435
f 1439 1684 1683 1440
f 1438 1685 1684 1439
f 1623 1634 1666 1669
f 1368 1378 1559 1605
f 1356 1368 1605 1609
f 1609 1619 1431 1356
f 1677 1431 1619 1671
f 1671 1629 1405 1677
f 1629 1639 1441 1405
f 1415 1441 1639 1648
f 1648 1658 1425 1415
f 1634 1623 1624 1635
f 1641 1687 1688 1650
f 1650 1688 1689 1660
f 3872 1694 1613 3845
f 1635 1624 1625 1691
f 1635 1691 1424 1423
f 1622 1612 1621 1611
f 1661 1662 1709 1708
f 1705 1658 1657 1704
f 1458 1701 1696 1426
f 1662 1663 1710 1709
f 1711 1707 1660 1689
f 1704 1657 1656 1703
f 1426 1696 1697 1427
f 1703 1656 1655 1702
f 1701 1458 1425 1695
f 1702 1655 1659 1706
f 1706 1659 1660 1707
f 1695 1425 1658 1705
f 1428 1698 1699 1429
f 3849 1661 1708 3851
f 1429 1699 1700 1430
f 1663 1430 1700 1710
f 1708 1709 1726 1725
f 1722 1705 1704 1721
f 1696 1713 1714 1697
f 1709 1710 1727 1726
f 1721 1704 1703 1720
f 1710 1700 1717 1727
f 1720 1703 1702 1719
f 1712 1695 1705 1722
f 1719 1702 1706 1723
f 1698 1715 1716 1699
f 1728 1724 1707 1711
f 1723 1706 1707 1724
f 1699 1716 1717 1700
f 3851 1708 1725 3852
f 1718 1701 1695 1712
f 1701 1718 1713 1696
f 1726 1727 1744 1743
f 1738 1721 1720 1737
f 1727 1717 1734 1744
f 1737 1720 1719 1736
f 1729 1712 1722 1739
f 1736 1719 1723 1740
f 1715 1732 1733 1716
f 1745 1741 1724 1728
f 1740 1723 1724 1741
f 1716 1733 1734 1717
f 3852 1725 1742 3853
f 1735 1718 1712 1729
f 1718 1735 1730 1713
f 1725 1726 1743 1742
f 1739 1722 1721 1738
f 1713 1730 1731 1714
f 1744 1734 1751 1761
f 1754 1737 1736 1753
f 1746 1729 1739 1756
f 1753 1736 1740 1757
f 1732 1749 1750 1733
f 1762 1758 1741 1745
f 1757 1740 1741 1758
f 1733 1750 1751 1734
f 3853 1742 1759 3854
f 1752 1735 1729 1746
f 1735 1752 1747 1730
f 1742 1743 1760 1759
f 1756 1739 1738 1755
f 1730 1747 1748 1731
f 1743 1744 1761 1760
f 1755 1738 1737 1754
f 1786 1787 1771 1770
f 1793 1794 1778 1777
f 1787 1788 1772 1771
f 1779 1763 1778 1794
f 1788 1789 1773 1772
f 1779 1780 1764 1763
f 1789 1790 1774 1773
f 1783 1784 1768 1767
f 1780 1781 1765 1764
f 1790 1791 1775 1774
f 1784 1785 1769 1768
f 1782 1783 1767 1766
f 1791 1792 1776 1775
f 1785 1786 1770 1769
f 1781 1782 1766 1765
f 1792 1793 1777 1776
f 1793 1780 1779 1794
f 1792 1781 1780 1793
f 1791 1782 1781 1792
f 1790 1783 1782 1791
f 1783 1790 1789 1784
f 1784 1789 1788 1785
f 1785 1788 1787 1786
f 1770 1771 1803 1802
f 1777 1778 1810 1809
f 1771 1772 1804 1803
f 1763 1795 1810 1778
f 1772 1773 1805 1804
f 1763 1764 1796 1795
f 1773 1774 1806 1805
f 1767 1768 1800 1799
f 1764 1765 1797 1796
f 1774 1775 1807 1806
f 1768 1769 1801 1800
f 1766 1767 1799 1798
f 1775 1776 1808 1807
f 1769 1770 1802 1801
f 1765 1766 1798 1797
f 1776 1777 1809 1808
f 1795 1811 1826 1810
f 1804 1805 1821 1820
f 1795 1796 1812 1811
f 1805 1806 1822 1821
f 1799 1800 1816 1815
f 1796 1797 1813 1812
f 1806 1807 1823 1822
f 1800 1801 1817 1816
f 1798 1799 1815 1814
f 1807 1808 1824 1823
f 1801 1802 1818 1817
f 1797 1798 1814 1813
f 1808 1809 1825 1824
f 1802 1803 1819 1818
f 1809 1810 1826 1825
f 1803 1804 1820 1819
f 1876 1875 1842 1841
f 1878 1877 1836 1835
f 1879 1827 1842 1875
f 1877 1880 1837 1836
f 1879 1881 1828 1827
f 1880 1882 1838 1837
f 1884 1883 1832 1831
f 1881 1885 1829 1828
f 1882 1886 1839 1838
f 1883 1887 1833 1832
f 1888 1884 1831 1830
f 1886 1889 1840 1839
f 1887 1890 1834 1833
f 1885 1888 1830 1829
f 1889 1876 1841 1840
f 1890 1878 1835 1834
f 1827 1843 1858 1842
f 1836 1837 1853 1852
f 1827 1828 1844 1843
f 1837 1838 1854 1853
f 1831 1832 1848 1847
f 1828 1829 1845 1844
f 1838 1839 1855 1854
f 1832 1833 1849 1848
f 1830 1831 1847 1846
f 1839 1840 1856 1855
f 1833 1834 1850 1849
f 1829 1830 1846 1845
f 1840 1841 1857 1856
f 1834 1835 1851 1850
f 1841 1842 1858 1857
f 1835 1836 1852 1851
f 1857 1858 1874 1873
f 1851 1852 1868 1867
f 1843 1859 1874 1858
f 1852 1853 1869 1868
f 1843 1844 1860 1859
f 1853 1854 1870 1869
f 1847 1848 1864 1863
f 1844 1845 1861 1860
f 1854 1855 1871 1870
f 1848 1849 1865 1864
f 1846 1847 1863 1862
f 1855 1856 1872 1871
f 1849 1850 1866 1865
f 1845 1846 1862 1861
f 1856 1857 1873 1872
f 1850 1851 1867 1866
f 1825 1826 1875 1876
f 1819 1820 1877 1878
f 1811 1879 1875 1826
f 1820 1821 1880 1877
f 1811 1812 1881 1879
f 1821 1822 1882 1880
f 1815 1816 1883 1884
f 1812 1813 1885 1881
f 1822 1823 1886 1882
f 1816 1817 1887 1883
f 1814 1815 1884 1888
f 1823 1824 1889 1886
f 1817 1818 1890 1887
f 1813 1814 1888 1885
f 1824 1825 1876 1889
f 1818 1819 1878 1890
f 1874 1859 1385 1375
f 1873 1874 1375 1365
f 1859 1860 1395 1385
f 1533 1395 1860 1861
f 1532 1533 1861 1862
f 1895 1862 1863 1896
f 1896 1863 1864 1897
f 1897 1864 1865 1898
f 1891 1895 1896 1892
f 1892 1896 1897 1893
f 1893 1897 1898 1894
f 1473 1474 1895 1891
f 1474 1532 1862 1895
f 1365 1440 1872 1873
f 1683 1414 3924 4065
f 2814 2792 1903 2006
f 2813 2791 1905 1974
f 1971 1939 1904 1973
f 3262 1940 1911 3258
f 3266 2794 1910 3257
f 3267 2793 1912 3259
f 2817 2789 1902 2011
f 2818 2790 1900 2012
f 2014 1938 1901 2017
f 2959 1988 1916 2945
f 2001 2008 1904 1939
f 2961 1999 1915 2946
f 3268 3261 1922 2948
f 1966 1963 1908 1918
f 2013 2012 1900 1920
f 3260 3259 1912 1917
f 1972 1974 1905 1919
f 1988 1990 1899 1916
f 3261 3256 1907 1922
f 1968 1967 1922 1907
f 2815 2009 1903 2792
f 2816 2007 1905 2791
f 2812 2821 2029 1959
f 1956 2032 2033 1962
f 2955 2967 2028 1952
f 2807 2822 2034 1961
f 1959 2029 2032 1956
f 2802 2797 1923 1948
f 1933 1925 1923 1937
f 1951 1927 1926 1949
f 2950 2966 1925 1933
f 2801 2798 1929 1950
f 2059 2068 1928 1931
f 1953 1930 1924 1947
f 1950 1929 1930 1953
f 1929 1935 1932 1930
f 1930 1932 1942 1924
f 2006 1903 1939 1971
f 3257 1910 1940 3262
f 2011 1902 1938 2014
f 2064 1987 1943 2067
f 2009 2001 1939 1903
f 2055 2002 1944 2066
f 3265 3263 1946 2060
f 2068 2058 1954 1928
f 2798 2800 1935 1929
f 2966 2955 1952 1925
f 1927 1934 1936 1926
f 1925 1952 1948 1923
f 2797 2799 1937 1923
f 2056 2063 1955 2027
f 2028 1957 1961 2034
f 2821 2801 1950 2029
f 2967 2956 1957 2028
f 2029 1950 1953 2032
f 2030 1951 1949 2031
f 2032 1953 1947 2033
f 2822 2802 1948 2034
f 2826 2812 1959 2085
f 2086 1956 1962 2084
f 2090 2061 1986 2083
f 1941 1909 1964 1969
f 2948 1922 1967 2957
f 2010 2007 1963 1966
f 2000 1999 1967 1968
f 2795 1914 1965 2803
f 2796 1908 1963 2804
f 1914 1941 1969 1965
f 2060 1946 1970 2057
f 1997 1976 1991 1996
f 2081 1958 1960 2082
f 2810 2805 1993 1995
f 2982 2960 1984 2087
f 2026 2024 1980 1984
f 2962 2004 1977 2958
f 2054 2003 1975 2062
f 2790 2810 1995 1900
f 1989 1992 1976 1997
f 2811 2806 1992 1989
f 1965 1969 2001 2009
f 1998 1995 1993 1978
f 2062 1975 1987 2064
f 2004 2005 1994 1977
f 2827 2807 1961 2088
f 2803 1965 2009 2815
f 2085 1959 1956 2086
f 1976 1971 1973 1991
f 2052 2023 1986 2061
f 2789 2811 1989 1902
f 1938 1997 1996 1901
f 1920 1900 1995 1998
f 2964 2026 1984 2960
f 2087 1984 1980 2088
f 2805 2813 1974 1993
f 1977 1994 1990 1988
f 2958 1977 1988 2959
f 1902 1989 1997 1938
f 1919 1905 2007 2010
f 2957 1967 1999 2961
f 1969 1964 2008 2001
f 2066 1944 2003 2054
f 1915 1906 2005 2004
f 2804 1963 2007 2816
f 1906 1915 1999 2000
f 2057 1970 2002 2055
f 2946 1915 2004 2962
f 2806 2814 2006 1992
f 1992 2006 1971 1976
f 1978 1993 1974 1972
f 2819 2817 2011 2019
f 2820 2818 2012 2020
f 2022 2014 2017 2025
f 2021 2020 2012 2013
f 2019 2011 2014 2022
f 1916 1899 2016 2018
f 2067 1943 2015 2053
f 2945 1916 2018 2963
f 2018 2016 2024 2026
f 2053 2015 2023 2052
f 2963 2018 2026 2964
f 2809 2819 2019 1979
f 2808 2820 2020 1981
f 1985 2022 2025 1982
f 1983 1981 2020 2021
f 1979 2019 2022 1985
f 1958 2030 2031 1960
f 2058 2056 2027 1954
f 1952 2028 2034 1948
f 1987 2045 2035 1943
f 2002 2047 2036 1944
f 3263 3264 2038 1946
f 1954 2027 2051 2041
f 1931 1928 2039 2040
f 1928 1954 2041 2039
f 2027 1955 2042 2051
f 1946 2038 2043 1970
f 2083 1986 2046 2089
f 2003 2048 2044 1975
f 2023 2050 2046 1986
f 1975 2044 2045 1987
f 1970 2043 2047 2002
f 1944 2036 2048 2003
f 1943 2035 2049 2015
f 2015 2049 2050 2023
f 2972 2057 2055 2970
f 3269 3265 2060 2954
f 2954 2060 2057 2972
f 2968 2052 2061 2975
f 2949 2974 2058 2068
f 2952 2066 2054 2969
f 2951 2067 2053 2971
f 2965 2976 2063 2056
f 2977 2064 2067 2951
f 2970 2055 2066 2952
f 2978 2062 2064 2977
f 2974 2965 2056 2058
f 2973 2949 2068 2059
f 2971 2053 2052 2968
f 2983 2975 2061 2090
f 2969 2054 2062 2978
f 2078 2059 1931 2070
f 1935 2073 2069 1932
f 2040 2077 2070 1931
f 2800 2823 2073 1935
f 2071 1933 1937 2075
f 1934 2072 2074 1936
f 2973 2980 2072 1934
f 2799 2824 2075 1937
f 2979 2950 1933 2071
f 1932 2069 2076 1942
f 2980 2981 2080 2072
f 2979 2071 2080 2981
f 2071 2075 2079 2080
f 2080 2079 2074 2072
f 2825 2069 2073 2823
f 2825 2079 2075 2824
f 2808 2826 2085 1982
f 1985 2086 2084 1979
f 2063 2090 2083 1955
f 1983 2081 2082 1981
f 2956 2982 2087 1957
f 2809 2827 2088 1980
f 1982 2085 2086 1985
f 1957 2087 2088 1961
f 1955 2083 2089 2042
f 2976 2983 2090 2063
f 2853 2831 2095 2198
f 2852 2830 2097 2166
f 2163 2131 2096 2165
f 3271 2132 2103 3305
f 3275 2833 2102 3306
f 3274 2832 2104 3304
f 2856 2828 2094 2203
f 2857 2829 2092 2204
f 2206 2130 2093 2209
f 2998 2180 2108 2984
f 2193 2200 2096 2131
f 3000 2191 2107 2985
f 3281 3272 2114 2987
f 2158 2155 2100 2110
f 2205 2204 2092 2112
f 3273 3304 2104 2109
f 2164 2166 2097 2111
f 2180 2182 2091 2108
f 3272 3307 2099 2114
f 2160 2159 2114 2099
f 2854 2201 2095 2831
f 2855 2199 2097 2830
f 2851 2860 2221 2151
f 2148 2224 2225 2154
f 2994 3006 2220 2144
f 2846 2861 2226 2153
f 2151 2221 2224 2148
f 2841 2836 2115 2140
f 2125 2117 2115 2129
f 2143 2119 2118 2141
f 2989 3005 2117 2125
f 2840 2837 2121 2142
f 2251 2260 2120 2123
f 2145 2122 2116 2139
f 2142 2121 2122 2145
f 2121 2127 2124 2122
f 2122 2124 2134 2116
f 2198 2095 2131 2163
f 3306 2102 2132 3271
f 2203 2094 2130 2206
f 2256 2179 2135 2259
f 2201 2193 2131 2095
f 2247 2194 2136 2258
f 3276 3270 2138 2252
f 2260 2250 2146 2120
f 2837 2839 2127 2121
f 3005 2994 2144 2117
f 2119 2126 2128 2118
f 2117 2144 2140 2115
f 2836 2838 2129 2115
f 2248 2255 2147 2219
f 2220 2149 2153 2226
f 2860 2840 2142 2221
f 3006 2995 2149 2220
f 2221 2142 2145 2224
f 2222 2143 2141 2223
f 2224 2145 2139 2225
f 2861 2841 2140 2226
f 2865 2851 2151 2277
f 2278 2148 2154 2276
f 2282 2253 2178 2275
f 2133 2101 2156 2161
f 2987 2114 2159 2996
f 2202 2199 2155 2158
f 2192 2191 2159 2160
f 2834 2106 2157 2842
f 2835 2100 2155 2843
f 2106 2133 2161 2157
f 2252 2138 2162 2249
f 2189 2168 2183 2188
f 2273 2150 2152 2274
f 2849 2844 2185 2187
f 3021 2999 2176 2279
f 2218 2216 2172 2176
f 3001 2196 2169 2997
f 2246 2195 2167 2254
f 2829 2849 2187 2092
f 2181 2184 2168 2189
f 2850 2845 2184 2181
f 2157 2161 2193 2201
f 2190 2187 2185 2170
f 2254 2167 2179 2256
f 2196 2197 2186 2169
f 2866 2846 2153 2280
f 2842 2157 2201 2854
f 2277 2151 2148 2278
f 2168 2163 2165 2183
f 2244 2215 2178 2253
f 2828 2850 2181 2094
f 2130 2189 2188 2093
f 2112 2092 2187 2190
f 3003 2218 2176 2999
f 2279 2176 2172 2280
f 2844 2852 2166 2185
f 2169 2186 2182 2180
f 2997 2169 2180 2998
f 2094 2181 2189 2130
f 2111 2097 2199 2202
f 2996 2159 2191 3000
f 2161 2156 2200 2193
f 2258 2136 2195 2246
f 2107 2098 2197 2196
f 2843 2155 2199 2855
f 2098 2107 2191 2192
f 2249 2162 2194 2247
f 2985 2107 2196 3001
f 2845 2853 2198 2184
f 2184 2198 2163 2168
f 2170 2185 2166 2164
f 2858 2856 2203 2211
f 2859 2857 2204 2212
f 2214 2206 2209 2217
f 2213 2212 2204 2205
f 2211 2203 2206 2214
f 2108 2091 2208 2210
f 2259 2135 2207 2245
f 2984 2108 2210 3002
f 2210 2208 2216 2218
f 2245 2207 2215 2244
f 3002 2210 2218 3003
f 2848 2858 2211 2171
f 2847 2859 2212 2173
f 2177 2214 2217 2174
f 2175 2173 2212 2213
f 2171 2211 2214 2177
f 2150 2222 2223 2152
f 2250 2248 2219 2146
f 2144 2220 2226 2140
f 2179 2237 2227 2135
f 2194 2239 2228 2136
f 3270 3277 2230 2138
f 2146 2219 2243 2233
f 2123 2120 2231 2232
f 2120 2146 2233 2231
f 2219 2147 2234 2243
f 2138 2230 2235 2162
f 2275 2178 2238 2281
f 2195 2240 2236 2167
f 2215 2242 2238 2178
f 2167 2236 2237 2179
f 2162 2235 2239 2194
f 2136 2228 2240 2195
f 2135 2227 2241 2207
f 2207 2241 2242 2215
f 3011 2249 2247 3009
f 3280 3276 2252 2993
f 2993 2252 2249 3011
f 3007 2244 2253 3014
f 2988 3013 2250 2260
f 2991 2258 2246 3008
f 2990 2259 2245 3010
f 3004 3015 2255 2248
f 3016 2256 2259 2990
f 3009 2247 2258 2991
f 3017 2254 2256 3016
f 3013 3004 2248 2250
f 3012 2988 2260 2251
f 3010 2245 2244 3007
f 3022 3014 2253 2282
f 3008 2246 2254 3017
f 2270 2251 2123 2262
f 2127 2265 2261 2124
f 2232 2269 2262 2123
f 2839 2862 2265 2127
f 2263 2125 2129 2267
f 2126 2264 2266 2128
f 3012 3019 2264 2126
f 2838 2863 2267 2129
f 3018 2989 2125 2263
f 2124 2261 2268 2134
f 3019 3020 2272 2264
f 3018 2263 2272 3020
f 2263 2267 2271 2272
f 2272 2271 2266 2264
f 2864 2261 2265 2862
f 2864 2271 2267 2863
f 2847 2865 2277 2174
f 2177 2278 2276 2171
f 2255 2282 2275 2147
f 2175 2273 2274 2173
f 2995 3021 2279 2149
f 2848 2866 2280 2172
f 2174 2277 2278 2177
f 2149 2279 2280 2153
f 2147 2275 2281 2234
f 3015 3022 2282 2255
f 2892 2870 2287 2390
f 2891 2869 2289 2358
f 2355 2323 2288 2357
f 3294 2324 2295 3296
f 3290 2872 2294 3287
f 3291 2871 2296 3297
f 2895 2867 2286 2395
f 2896 2868 2284 2396
f 2398 2322 2285 2401
f 3037 2372 2300 3023
f 2385 2392 2288 2323
f 3039 2383 2299 3024
f 3282 3285 2306 3026
f 2350 2347 2292 2302
f 2397 2396 2284 2304
f 3284 3297 2296 2301
f 2356 2358 2289 2303
f 2372 2374 2283 2300
f 3285 3286 2291 2306
f 2352 2351 2306 2291
f 2893 2393 2287 2870
f 2894 2391 2289 2869
f 2890 2899 2413 2343
f 2340 2416 2417 2346
f 3033 3045 2412 2336
f 2885 2900 2418 2345
f 2343 2413 2416 2340
f 2880 2875 2307 2332
f 2317 2309 2307 2321
f 2335 2311 2310 2333
f 3028 3044 2309 2317
f 2879 2876 2313 2334
f 2443 2452 2312 2315
f 2337 2314 2308 2331
f 2334 2313 2314 2337
f 2313 2319 2316 2314
f 2314 2316 2326 2308
f 2390 2287 2323 2355
f 3287 2294 2324 3294
f 2395 2286 2322 2398
f 2448 2371 2327 2451
f 2393 2385 2323 2287
f 2439 2386 2328 2450
f 3289 3295 2330 2444
f 2452 2442 2338 2312
f 2876 2878 2319 2313
f 3044 3033 2336 2309
f 2311 2318 2320 2310
f 2309 2336 2332 2307
f 2875 2877 2321 2307
f 2440 2447 2339 2411
f 2412 2341 2345 2418
f 2899 2879 2334 2413
f 3045 3034 2341 2412
f 2413 2334 2337 2416
f 2414 2335 2333 2415
f 2416 2337 2331 2417
f 2900 2880 2332 2418
f 2904 2890 2343 2469
f 2470 2340 2346 2468
f 2474 2445 2370 2467
f 2325 2293 2348 2353
f 3026 2306 2351 3035
f 2394 2391 2347 2350
f 2384 2383 2351 2352
f 2873 2298 2349 2881
f 2874 2292 2347 2882
f 2298 2325 2353 2349
f 2444 2330 2354 2441
f 2381 2360 2375 2380
f 2465 2342 2344 2466
f 2888 2883 2377 2379
f 3060 3038 2368 2471
f 2410 2408 2364 2368
f 3040 2388 2361 3036
f 2438 2387 2359 2446
f 2868 2888 2379 2284
f 2373 2376 2360 2381
f 2889 2884 2376 2373
f 2349 2353 2385 2393
f 2382 2379 2377 2362
f 2446 2359 2371 2448
f 2388 2389 2378 2361
f 2905 2885 2345 2472
f 2881 2349 2393 2893
f 2469 2343 2340 2470
f 2360 2355 2357 2375
f 2436 2407 2370 2445
f 2867 2889 2373 2286
f 2322 2381 2380 2285
f 2304 2284 2379 2382
f 3042 2410 2368 3038
f 2471 2368 2364 2472
f 2883 2891 2358 2377
f 2361 2378 2374 2372
f 3036 2361 2372 3037
f 2286 2373 2381 2322
f 2303 2289 2391 2394
f 3035 2351 2383 3039
f 2353 2348 2392 2385
f 2450 2328 2387 2438
f 2299 2290 2389 2388
f 2882 2347 2391 2894
f 2290 2299 2383 2384
f 2441 2354 2386 2439
f 3024 2299 2388 3040
f 2884 2892 2390 2376
f 2376 2390 2355 2360
f 2362 2377 2358 2356
f 2897 2895 2395 2403
f 2898 2896 2396 2404
f 2406 2398 2401 2409
f 2405 2404 2396 2397
f 2403 2395 2398 2406
f 2300 2283 2400 2402
f 2451 2327 2399 2437
f 3023 2300 2402 3041
f 2402 2400 2408 2410
f 2437 2399 2407 2436
f 3041 2402 2410 3042
f 2887 2897 2403 2363
f 2886 2898 2404 2365
f 2369 2406 2409 2366
f 2367 2365 2404 2405
f 2363 2403 2406 2369
f 2342 2414 2415 2344
f 2442 2440 2411 2338
f 2336 2412 2418 2332
f 2371 2429 2419 2327
f 2386 2431 2420 2328
f 3295 3288 2422 2330
f 2338 2411 2435 2425
f 2315 2312 2423 2424
f 2312 2338 2425 2423
f 2411 2339 2426 2435
f 2330 2422 2427 2354
f 2467 2370 2430 2473
f 2387 2432 2428 2359
f 2407 2434 2430 2370
f 2359 2428 2429 2371
f 2354 2427 2431 2386
f 2328 2420 2432 2387
f 2327 2419 2433 2399
f 2399 2433 2434 2407
f 3050 2441 2439 3048
f 3283 3289 2444 3032
f 3032 2444 2441 3050
f 3046 2436 2445 3053
f 3027 3052 2442 2452
f 3030 2450 2438 3047
f 3029 2451 2437 3049
f 3043 3054 2447 2440
f 3055 2448 2451 3029
f 3048 2439 2450 3030
f 3056 2446 2448 3055
f 3052 3043 2440 2442
f 3051 3027 2452 2443
f 3049 2437 2436 3046
f 3061 3053 2445 2474
f 3047 2438 2446 3056
f 2462 2443 2315 2454
f 2319 2457 2453 2316
f 2424 2461 2454 2315
f 2878 2901 2457 2319
f 2455 2317 2321 2459
f 2318 2456 2458 2320
f 3051 3058 2456 2318
f 2877 2902 2459 2321
f 3057 3028 2317 2455
f 2316 2453 2460 2326
f 3058 3059 2464 2456
f 3057 2455 2464 3059
f 2455 2459 2463 2464
f 2464 2463 2458 2456
f 2903 2453 2457 2901
f 2903 2463 2459 2902
f 2886 2904 2469 2366
f 2369 2470 2468 2363
f 2447 2474 2467 2339
f 2367 2465 2466 2365
f 3034 3060 2471 2341
f 2887 2905 2472 2364
f 2366 2469 2470 2369
f 2341 2471 2472 2345
f 2339 2467 2473 2426
f 3054 3061 2474 2447
f 2931 2909 2479 2582
f 2930 2908 2481 2550
f 2547 2515 2480 2549
f 3301 2516 2487 3279
f 3303 2911 2486 3292
f 3302 2910 2488 3278
f 2934 2906 2478 2587
f 2935 2907 2476 2588
f 2590 2514 2477 2593
f 3076 2564 2492 3062
f 2577 2584 2480 2515
f 3078 2575 2491 3063
f 3299 3309 2498 3065
f 2542 2539 2484 2494
f 2589 2588 2476 2496
f 3308 3278 2488 2493
f 2548 2550 2481 2495
f 2564 2566 2475 2492
f 3309 3293 2483 2498
f 2544 2543 2498 2483
f 2932 2585 2479 2909
f 2933 2583 2481 2908
f 2929 2938 2605 2535
f 2532 2608 2609 2538
f 3072 3084 2604 2528
f 2924 2939 2610 2537
f 2535 2605 2608 2532
f 2919 2914 2499 2524
f 2509 2501 2499 2513
f 2527 2503 2502 2525
f 3067 3083 2501 2509
f 2918 2915 2505 2526
f 2635 2644 2504 2507
f 2529 2506 2500 2523
f 2526 2505 2506 2529
f 2505 2511 2508 2506
f 2506 2508 2518 2500
f 2582 2479 2515 2547
f 3292 2486 2516 3301
f 2587 2478 2514 2590
f 2640 2563 2519 2643
f 2585 2577 2515 2479
f 2631 2578 2520 2642
f 3310 3300 2522 2636
f 2644 2634 2530 2504
f 2915 2917 2511 2505
f 3083 3072 2528 2501
f 2503 2510 2512 2502
f 2501 2528 2524 2499
f 2914 2916 2513 2499
f 2632 2639 2531 2603
f 2604 2533 2537 2610
f 2938 2918 2526 2605
f 3084 3073 2533 2604
f 2605 2526 2529 2608
f 2606 2527 2525 2607
f 2608 2529 2523 2609
f 2939 2919 2524 2610
f 2943 2929 2535 2661
f 2662 2532 2538 2660
f 2666 2637 2562 2659
f 2517 2485 2540 2545
f 3065 2498 2543 3074
f 2586 2583 2539 2542
f 2576 2575 2543 2544
f 2912 2490 2541 2920
f 2913 2484 2539 2921
f 2490 2517 2545 2541
f 2636 2522 2546 2633
f 2573 2552 2567 2572
f 2657 2534 2536 2658
f 2927 2922 2569 2571
f 3099 3077 2560 2663
f 2602 2600 2556 2560
f 3079 2580 2553 3075
f 2630 2579 2551 2638
f 2907 2927 2571 2476
f 2565 2568 2552 2573
f 2928 2923 2568 2565
f 2541 2545 2577 2585
f 2574 2571 2569 2554
f 2638 2551 2563 2640
f 2580 2581 2570 2553
f 2944 2924 2537 2664
f 2920 2541 2585 2932
f 2661 2535 2532 2662
f 2552 2547 2549 2567
f 2628 2599 2562 2637
f 2906 2928 2565 2478
f 2514 2573 2572 2477
f 2496 2476 2571 2574
f 3081 2602 2560 3077
f 2663 2560 2556 2664
f 2922 2930 2550 2569
f 2553 2570 2566 2564
f 3075 2553 2564 3076
f 2478 2565 2573 2514
f 2495 2481 2583 2586
f 3074 2543 2575 3078
f 2545 2540 2584 2577
f 2642 2520 2579 2630
f 2491 2482 2581 2580
f 2921 2539 2583 2933
f 2482 2491 2575 2576
f 2633 2546 2578 2631
f 3063 2491 2580 3079
f 2923 2931 2582 2568
f 2568 2582 2547 2552
f 2554 2569 2550 2548
f 2936 2934 2587 2595
f 2937 2935 2588 2596
f 2598 2590 2593 2601
f 2597 2596 2588 2589
f 2595 2587 2590 2598
f 2492 2475 2592 2594
f 2643 2519 2591 2629
f 3062 2492 2594 3080
f 2594 2592 2600 2602
f 2629 2591 2599 2628
f 3080 2594 2602 3081
f 2926 2936 2595 2555
f 2925 2937 2596 2557
f 2561 2598 2601 2558
f 2559 2557 2596 2597
f 2555 2595 2598 2561
f 2534 2606 2607 2536
f 2634 2632 2603 2530
f 2528 2604 2610 2524
f 2563 2621 2611 2519
f 2578 2623 2612 2520
f 3300 3311 2614 2522
f 2530 2603 2627 2617
f 2507 2504 2615 2616
f 2504 2530 2617 2615
f 2603 2531 2618 2627
f 2522 2614 2619 2546
f 2659 2562 2622 2665
f 2579 2624 2620 2551
f 2599 2626 2622 2562
f 2551 2620 2621 2563
f 2546 2619 2623 2578
f 2520 2612 2624 2579
f 2519 2611 2625 2591
f 2591 2625 2626 2599
f 3089 2633 2631 3087
f 3298 3310 2636 3071
f 3071 2636 2633 3089
f 3085 2628 2637 3092
f 3066 3091 2634 2644
f 3069 2642 2630 3086
f 3068 2643 2629 3088
f 3082 3093 2639 2632
f 3094 2640 2643 3068
f 3087 2631 2642 3069
f 3095 2638 2640 3094
f 3091 3082 2632 2634
f 3090 3066 2644 2635
f 3088 2629 2628 3085
f 3100 3092 2637 2666
f 3086 2630 2638 3095
f 2654 2635 2507 2646
f 2511 2649 2645 2508
f 2616 2653 2646 2507
f 2917 2940 2649 2511
f 2647 2509 2513 2651
f 2510 2648 2650 2512
f 3090 3097 2648 2510
f 2916 2941 2651 2513
f 3096 3067 2509 2647
f 2508 2645 2652 2518
f 3097 3098 2656 2648
f 3096 2647 2656 3098
f 2647 2651 2655 2656
f 2656 2655 2650 2648
f 2942 2645 2649 2940
f 2942 2655 2651 2941
f 2925 2943 2661 2558
f 2561 2662 2660 2555
f 2639 2666 2659 2531
f 2559 2657 2658 2557
f 3073 3099 2663 2533
f 2926 2944 2664 2556
f 2558 2661 2662 2561
f 2533 2663 2664 2537
f 2531 2659 2665 2618
f 3093 3100 2666 2639
f 2728 2667 2670 2723
f 2729 2669 2668 2724
f 2726 2688 2669 2729
f 2752 2716 2671 2747
f 2725 2724 2668 2672
f 2716 2718 2667 2671
f 2704 2743 2741 2703
f 2700 2744 2745 2706
f 2750 2756 2740 2696
f 2706 2745 2746 2705
f 2703 2741 2744 2700
f 2691 2674 2673 2692
f 2683 2675 2673 2687
f 2695 2677 2676 2693
f 2749 2748 2675 2683
f 2693 2676 2679 2694
f 2761 2766 2678 2681
f 2697 2680 2674 2691
f 2694 2679 2680 2697
f 2679 2685 2682 2680
f 2680 2682 2689 2674
f 2723 2670 2688 2726
f 2764 2715 2690 2765
f 2766 2760 2698 2678
f 2676 2686 2685 2679
f 2748 2750 2696 2675
f 2677 2684 2686 2676
f 2675 2696 2692 2673
f 2674 2689 2687 2673
f 2759 2763 2699 2739
f 2740 2701 2705 2746
f 2743 2693 2694 2741
f 2756 2751 2701 2740
f 2741 2694 2697 2744
f 2742 2695 2693 2743
f 2744 2697 2691 2745
f 2745 2691 2692 2746
f 2780 2704 2703 2783
f 2784 2700 2706 2782
f 2788 2762 2714 2781
f 2779 2702 2704 2780
f 2787 2753 2712 2785
f 2738 2736 2708 2712
f 2669 2720 2719 2668
f 2782 2706 2705 2786
f 2783 2703 2700 2784
f 2757 2735 2714 2762
f 2667 2718 2717 2670
f 2688 2721 2720 2669
f 2672 2668 2719 2722
f 2755 2738 2712 2753
f 2785 2712 2708 2786
f 2670 2717 2721 2688
f 2736 2728 2723 2731
f 2737 2729 2724 2732
f 2734 2726 2729 2737
f 2733 2732 2724 2725
f 2731 2723 2726 2734
f 2671 2667 2728 2730
f 2765 2690 2727 2758
f 2747 2671 2730 2754
f 2730 2728 2736 2738
f 2758 2727 2735 2757
f 2754 2730 2738 2755
f 2708 2736 2731 2707
f 2710 2737 2732 2709
f 2713 2734 2737 2710
f 2711 2709 2732 2733
f 2707 2731 2734 2713
f 2702 2742 2743 2704
f 2760 2759 2739 2698
f 2696 2740 2746 2692
f 2715 2752 2747 2690
f 2698 2739 2756 2750
f 2681 2678 2748 2749
f 2678 2698 2750 2748
f 2739 2699 2751 2756
f 2781 2714 2753 2787
f 2735 2755 2753 2714
f 2690 2747 2754 2727
f 2727 2754 2755 2735
f 2733 2757 2762 2711
f 2677 2695 2760 2766
f 2672 2765 2758 2725
f 2742 2702 2763 2759
f 2722 2764 2765 2672
f 2695 2742 2759 2760
f 2684 2677 2766 2761
f 2725 2758 2757 2733
f 2779 2711 2762 2788
f 2776 2761 2681 2768
f 2685 2771 2767 2682
f 2749 2775 2768 2681
f 2686 2772 2771 2685
f 2769 2683 2687 2773
f 2684 2770 2772 2686
f 2761 2776 2770 2684
f 2689 2774 2773 2687
f 2775 2749 2683 2769
f 2682 2767 2774 2689
f 2776 2768 2778 2770
f 2775 2769 2778 2768
f 2769 2773 2777 2778
f 2778 2777 2772 2770
f 2777 2767 2771 2772
f 2767 2777 2773 2774
f 2709 2780 2783 2710
f 2713 2784 2782 2707
f 2763 2788 2781 2699
f 2711 2779 2780 2709
f 2751 2787 2785 2701
f 2707 2782 2786 2708
f 2710 2783 2784 2713
f 2701 2785 2786 2705
f 2699 2781 2787 2751
f 2702 2779 2788 2763
f 2005 1906 2792 2814
f 1973 1904 2791 2813
f 3256 1913 2794 3266
f 3258 1911 2793 3267
f 2016 1899 2789 2817
f 2017 1901 2790 2818
f 2000 2815 2792 1906
f 2008 2816 2791 1904
f 1960 2031 2821 2812
f 1962 2033 2822 2807
f 1947 1924 2797 2802
f 1949 1926 2798 2801
f 1926 1936 2800 2798
f 1924 1942 2799 2797
f 2031 1949 2801 2821
f 2033 1947 2802 2822
f 2082 1960 2812 2826
f 1907 2795 2803 1968
f 1909 2796 2804 1964
f 1996 1991 2805 2810
f 1901 1996 2810 2790
f 1990 1994 2806 2811
f 2084 1962 2807 2827
f 1968 2803 2815 2000
f 1899 1990 2811 2789
f 1991 1973 2813 2805
f 1964 2804 2816 2008
f 1994 2005 2814 2806
f 2024 2016 2817 2819
f 2025 2017 2818 2820
f 1980 2024 2819 2809
f 1982 2025 2820 2808
f 1936 2074 2823 2800
f 1942 2076 2824 2799
f 2079 2825 2823 2074
f 2069 2825 2824 2076
f 1981 2082 2826 2808
f 1979 2084 2827 2809
f 2197 2098 2831 2853
f 2165 2096 2830 2852
f 3307 2105 2833 3275
f 3305 2103 2832 3274
f 2208 2091 2828 2856
f 2209 2093 2829 2857
f 2192 2854 2831 2098
f 2200 2855 2830 2096
f 2152 2223 2860 2851
f 2154 2225 2861 2846
f 2139 2116 2836 2841
f 2141 2118 2837 2840
f 2118 2128 2839 2837
f 2116 2134 2838 2836
f 2223 2141 2840 2860
f 2225 2139 2841 2861
f 2274 2152 2851 2865
f 2099 2834 2842 2160
f 2101 2835 2843 2156
f 2188 2183 2844 2849
f 2093 2188 2849 2829
f 2182 2186 2845 2850
f 2276 2154 2846 2866
f 2160 2842 2854 2192
f 2091 2182 2850 2828
f 2183 2165 2852 2844
f 2156 2843 2855 2200
f 2186 2197 2853 2845
f 2216 2208 2856 2858
f 2217 2209 2857 2859
f 2172 2216 2858 2848
f 2174 2217 2859 2847
f 2128 2266 2862 2839
f 2134 2268 2863 2838
f 2271 2864 2862 2266
f 2261 2864 2863 2268
f 2173 2274 2865 2847
f 2171 2276 2866 2848
f 2389 2290 2870 2892
f 2357 2288 2869 2891
f 3286 2297 2872 3290
f 3296 2295 2871 3291
f 2400 2283 2867 2895
f 2401 2285 2868 2896
f 2384 2893 2870 2290
f 2392 2894 2869 2288
f 2344 2415 2899 2890
f 2346 2417 2900 2885
f 2331 2308 2875 2880
f 2333 2310 2876 2879
f 2310 2320 2878 2876
f 2308 2326 2877 2875
f 2415 2333 2879 2899
f 2417 2331 2880 2900
f 2466 2344 2890 2904
f 2291 2873 2881 2352
f 2293 2874 2882 2348
f 2380 2375 2883 2888
f 2285 2380 2888 2868
f 2374 2378 2884 2889
f 2468 2346 2885 2905
f 2352 2881 2893 2384
f 2283 2374 2889 2867
f 2375 2357 2891 2883
f 2348 2882 2894 2392
f 2378 2389 2892 2884
f 2408 2400 2895 2897
f 2409 2401 2896 2898
f 2364 2408 2897 2887
f 2366 2409 2898 2886
f 2320 2458 2901 2878
f 2326 2460 2902 2877
f 2463 2903 2901 2458
f 2453 2903 2902 2460
f 2365 2466 2904 2886
f 2363 2468 2905 2887
f 2581 2482 2909 2931
f 2549 2480 2908 2930
f 3293 2489 2911 3303
f 3279 2487 2910 3302
f 2592 2475 2906 2934
f 2593 2477 2907 2935
f 2576 2932 2909 2482
f 2584 2933 2908 2480
f 2536 2607 2938 2929
f 2538 2609 2939 2924
f 2523 2500 2914 2919
f 2525 2502 2915 2918
f 2502 2512 2917 2915
f 2500 2518 2916 2914
f 2607 2525 2918 2938
f 2609 2523 2919 2939
f 2658 2536 2929 2943
f 2483 2912 2920 2544
f 2485 2913 2921 2540
f 2572 2567 2922 2927
f 2477 2572 2927 2907
f 2566 2570 2923 2928
f 2660 2538 2924 2944
f 2544 2920 2932 2576
f 2475 2566 2928 2906
f 2567 2549 2930 2922
f 2540 2921 2933 2584
f 2570 2581 2931 2923
f 2600 2592 2934 2936
f 2601 2593 2935 2937
f 2556 2600 2936 2926
f 2558 2601 2937 2925
f 2512 2650 2940 2917
f 2518 2652 2941 2916
f 2655 2942 2940 2650
f 2645 2942 2941 2652
f 2557 2658 2943 2925
f 2555 2660 2944 2926
f 2045 2959 2945 2035
f 2047 2961 2946 2036
f 3264 3268 2948 2038
f 2041 2051 2967 2955
f 2040 2039 2966 2950
f 2039 2041 2955 2966
f 2051 2042 2956 2967
f 2038 2948 2957 2043
f 2089 2046 2960 2982
f 2048 2962 2958 2044
f 2050 2964 2960 2046
f 2044 2958 2959 2045
f 2043 2957 2961 2047
f 2036 2946 2962 2048
f 2035 2945 2963 2049
f 2049 2963 2964 2050
f 1966 2972 2970 2010
f 3260 3269 2954 1918
f 1918 2954 2972 1966
f 2021 2968 2975 1983
f 1927 1951 2974 2949
f 1919 2952 2969 1972
f 1920 2951 2971 2013
f 2030 1958 2976 2965
f 1998 2977 2951 1920
f 2010 2970 2952 1919
f 1978 2978 2977 1998
f 1951 2030 2965 2974
f 1934 1927 2949 2973
f 2013 2971 2968 2021
f 2081 1983 2975 2983
f 1972 2969 2978 1978
f 2059 2078 2980 2973
f 2077 2040 2950 2979
f 2078 2070 2981 2980
f 2077 2979 2981 2070
f 2042 2089 2982 2956
f 1958 2081 2983 2976
f 2237 2998 2984 2227
f 2239 3000 2985 2228
f 3277 3281 2987 2230
f 2233 2243 3006 2994
f 2232 2231 3005 2989
f 2231 2233 2994 3005
f 2243 2234 2995 3006
f 2230 2987 2996 2235
f 2281 2238 2999 3021
f 2240 3001 2997 2236
f 2242 3003 2999 2238
f 2236 2997 2998 2237
f 2235 2996 3000 2239
f 2228 2985 3001 2240
f 2227 2984 3002 2241
f 2241 3002 3003 2242
f 2158 3011 3009 2202
f 3273 3280 2993 2110
f 2110 2993 3011 2158
f 2213 3007 3014 2175
f 2119 2143 3013 2988
f 2111 2991 3008 2164
f 2112 2990 3010 2205
f 2222 2150 3015 3004
f 2190 3016 2990 2112
f 2202 3009 2991 2111
f 2170 3017 3016 2190
f 2143 2222 3004 3013
f 2126 2119 2988 3012
f 2205 3010 3007 2213
f 2273 2175 3014 3022
f 2164 3008 3017 2170
f 2251 2270 3019 3012
f 2269 2232 2989 3018
f 2270 2262 3020 3019
f 2269 3018 3020 2262
f 2234 2281 3021 2995
f 2150 2273 3022 3015
f 2429 3037 3023 2419
f 2431 3039 3024 2420
f 3288 3282 3026 2422
f 2425 2435 3045 3033
f 2424 2423 3044 3028
f 2423 2425 3033 3044
f 2435 2426 3034 3045
f 2422 3026 3035 2427
f 2473 2430 3038 3060
f 2432 3040 3036 2428
f 2434 3042 3038 2430
f 2428 3036 3037 2429
f 2427 3035 3039 2431
f 2420 3024 3040 2432
f 2419 3023 3041 2433
f 2433 3041 3042 2434
f 2350 3050 3048 2394
f 3284 3283 3032 2302
f 2302 3032 3050 2350
f 2405 3046 3053 2367
f 2311 2335 3052 3027
f 2303 3030 3047 2356
f 2304 3029 3049 2397
f 2414 2342 3054 3043
f 2382 3055 3029 2304
f 2394 3048 3030 2303
f 2362 3056 3055 2382
f 2335 2414 3043 3052
f 2318 2311 3027 3051
f 2397 3049 3046 2405
f 2465 2367 3053 3061
f 2356 3047 3056 2362
f 2443 2462 3058 3051
f 2461 2424 3028 3057
f 2462 2454 3059 3058
f 2461 3057 3059 2454
f 2426 2473 3060 3034
f 2342 2465 3061 3054
f 2621 3076 3062 2611
f 2623 3078 3063 2612
f 3311 3299 3065 2614
f 2617 2627 3084 3072
f 2616 2615 3083 3067
f 2615 2617 3072 3083
f 2627 2618 3073 3084
f 2614 3065 3074 2619
f 2665 2622 3077 3099
f 2624 3079 3075 2620
f 2626 3081 3077 2622
f 2620 3075 3076 2621
f 2619 3074 3078 2623
f 2612 3063 3079 2624
f 2611 3062 3080 2625
f 2625 3080 3081 2626
f 2542 3089 3087 2586
f 3308 3298 3071 2494
f 2494 3071 3089 2542
f 2597 3085 3092 2559
f 2503 2527 3091 3066
f 2495 3069 3086 2548
f 2496 3068 3088 2589
f 2606 2534 3093 3082
f 2574 3094 3068 2496
f 2586 3087 3069 2495
f 2554 3095 3094 2574
f 2527 2606 3082 3091
f 2510 2503 3066 3090
f 2589 3088 3085 2597
f 2657 2559 3092 3100
f 2548 3086 3095 2554
f 2635 2654 3097 3090
f 2653 2616 3067 3096
f 2654 2646 3098 3097
f 2653 3096 3098 2646
f 2618 2665 3099 3073
f 2534 2657 3100 3093
f 2324 3117 3116 2295
f 2257 3114 3112 2137
f 3125 2516 2486 3121
f 3132 3070 2493 3124
f 2794 3129 3101 1910
f 3131 2947 2037 3107
f 2516 3125 3122 2487
f 3130 2910 2487 3122
f 2641 3128 3126 2521
f 3070 3132 3128 2641
f 2449 3120 3118 2329
f 3129 2794 1913 3103
f 3113 2229 2137 3112
f 3111 2132 2102 3109
f 3107 2037 1945 3106
f 3127 2613 2521 3126
f 2947 3131 3104 1921
f 3119 2421 2329 3118
f 2132 3111 3110 2103
f 3105 1940 1910 3101
f 3103 1913 1921 3104
f 3124 2493 2488 3123
f 2910 3130 3123 2488
f 2065 3108 3106 1945
f 3117 2324 2294 3115
f 1940 3105 3102 1911
f 3811 3119 3118 3810
f 3814 3145 3143 3813
f 3815 3127 3126 3816
f 3154 3209 3191 3156
f 3809 3113 3112 3813
f 3819 3151 3149 3810
f 3818 3139 3137 3812
f 3165 3139 3144 3168
f 3151 3157 3662 3160
f 2871 2295 3116 3255
f 3165 3164 3137 3139
f 3165 3181 3178 3164
f 3145 3169 3167 3143
f 3177 3158 3135 3161
f 3168 3144 3143 3167
f 3195 3115 2294 2872
f 3187 3185 3221 3160
f 3183 3168 3167 3182
f 3160 3221 3149 3151
f 3169 3184 3182 3167
f 3210 3192 3188 3207
f 3250 3198 3214 3244
f 3192 3210 3208 3189
f 3244 3214 3224 3225
f 3216 3226 3225 3224
f 3871 3666 3236 3855
f 3200 3245 3226 3216
f 3666 3674 3233 3236
f 3198 3250 3243 3215
f 3667 3247 3253 3676
f 3668 3239 3228 3672
f 3669 3246 3240 3664
f 3676 3253 3196 3673
f 3243 3254 3175 3249
f 2832 2103 3110 3238
f 3672 3228 3231 3664
f 3663 3252 3246 3669
f 3668 3176 3247 3667
f 3222 3244 3225 3174
f 3249 3175 3162 3251
f 3582 3581 3188 3192
f 3215 3243 3249 3199
f 3188 3581 3213 3245
f 1941 3262 3258 1909
f 2795 3266 3257 1914
f 2796 3267 3259 1908
f 2947 1921 3261 3268
f 1918 1908 3259 3260
f 1921 1913 3256 3261
f 1914 3257 3262 1941
f 2065 1945 3263 3265
f 1945 2037 3264 3263
f 2953 2065 3265 3269
f 1907 3256 3266 2795
f 1909 3258 3267 2796
f 2037 2947 3268 3264
f 1917 2953 3269 3260
f 2992 2257 3276 3280
f 2834 3275 3306 2106
f 2835 3274 3304 2100
f 2110 2100 3304 3273
f 2302 2292 3297 3284
f 2986 2113 3272 3281
f 3031 2449 3289 3283
f 2329 2421 3288 3295
f 2257 2137 3270 3276
f 2298 3287 3294 2325
f 2229 2986 3281 3277
f 2101 3305 3274 2835
f 2874 3291 3297 2292
f 2099 3307 3275 2834
f 2873 3290 3287 2298
f 2109 2992 3280 3273
f 2137 2229 3277 3270
f 2521 2613 3311 3300
f 2106 3306 3271 2133
f 2113 2105 3307 3272
f 2421 3025 3282 3288
f 2133 3271 3305 2101
f 2301 3031 3283 3284
f 2641 2521 3300 3310
f 3025 2305 3285 3282
f 2517 3301 3279 2485
f 3064 2497 3309 3299
f 2912 3303 3292 2490
f 2293 3296 3291 2874
f 2305 2297 3286 3285
f 2325 3294 3296 2293
f 2291 3286 3290 2873
f 2449 2329 3295 3289
f 2485 3279 3302 2913
f 2490 3292 3301 2517
f 2613 3064 3299 3311
f 3070 2641 3310 3298
f 2483 3293 3303 2912
f 2493 3070 3298 3308
f 2497 2489 3293 3309
f 2913 3302 3278 2484
f 2494 2484 3278 3308
f 3327 1761 1751 3317
f 3320 1754 1753 3319
f 3312 1746 1756 3322
f 3319 1753 1757 3323
f 1749 3315 3316 1750
f 1762 3328 3324 1758
f 3323 1757 1758 3324
f 1750 3316 3317 1751
f 3856 3854 1759 3325
f 3318 1752 1746 3312
f 1752 3318 3313 1747
f 3325 1759 1760 3326
f 3322 1756 1755 3321
f 1747 3313 3314 1748
f 3326 1760 1761 3327
f 3321 1755 1754 3320
f 3340 3323 3324 3341
f 3316 3333 3334 3317
f 3857 3856 3325 3342
f 3335 3318 3312 3329
f 3318 3335 3330 3313
f 3342 3325 3326 3343
f 3339 3322 3321 3338
f 3313 3330 3331 3314
f 3343 3326 3327 3344
f 3338 3321 3320 3337
f 3344 3327 3317 3334
f 3337 3320 3319 3336
f 3329 3312 3322 3339
f 3336 3319 3323 3340
f 3315 3332 3333 3316
f 3328 3345 3341 3324
f 3858 3857 3342 3359
f 3352 3335 3329 3346
f 3335 3352 3347 3330
f 3359 3342 3343 3360
f 3356 3339 3338 3355
f 3330 3347 3348 3331
f 3360 3343 3344 3361
f 3355 3338 3337 3354
f 3361 3344 3334 3351
f 3354 3337 3336 3353
f 3346 3329 3339 3356
f 3353 3336 3340 3357
f 3332 3349 3350 3333
f 3345 3362 3358 3341
f 3357 3340 3341 3358
f 3333 3350 3351 3334
f 3376 3359 3360 3377
f 3373 3356 3355 3372
f 3347 3364 3365 3348
f 3377 3360 3361 3378
f 3372 3355 3354 3371
f 3378 3361 3351 3368
f 3371 3354 3353 3370
f 3363 3346 3356 3373
f 3370 3353 3357 3374
f 3349 3366 3367 3350
f 3362 3379 3375 3358
f 3374 3357 3358 3375
f 3350 3367 3368 3351
f 3859 3858 3359 3376
f 3369 3352 3346 3363
f 3352 3369 3364 3347
f 3860 3859 3376 3393
f 3386 3369 3363 3380
f 3369 3386 3381 3364
f 3393 3376 3377 3394
f 3390 3373 3372 3389
f 3364 3381 3382 3365
f 3394 3377 3378 3395
f 3389 3372 3371 3388
f 3395 3378 3368 3385
f 3388 3371 3370 3387
f 3380 3363 3373 3390
f 3387 3370 3374 3391
f 3366 3383 3384 3367
f 3379 3396 3392 3375
f 3391 3374 3375 3392
f 3367 3384 3385 3368
f 3410 3393 3394 3411
f 3407 3390 3389 3406
f 3381 3398 3399 3382
f 3411 3394 3395 3412
f 3406 3389 3388 3405
f 3412 3395 3385 3402
f 3405 3388 3387 3404
f 3397 3380 3390 3407
f 3404 3387 3391 3408
f 3383 3400 3401 3384
f 3396 3413 3409 3392
f 3408 3391 3392 3409
f 3384 3401 3402 3385
f 3861 3860 3393 3410
f 3403 3386 3380 3397
f 3386 3403 3398 3381
f 3428 3411 3412 3429
f 3423 3406 3405 3422
f 3429 3412 3402 3419
f 3422 3405 3404 3421
f 3414 3397 3407 3424
f 3421 3404 3408 3425
f 3400 3417 3418 3401
f 3413 3430 3426 3409
f 3425 3408 3409 3426
f 3401 3418 3419 3402
f 3862 3861 3410 3427
f 3420 3403 3397 3414
f 3403 3420 3415 3398
f 3427 3410 3411 3428
f 3424 3407 3406 3423
f 3398 3415 3416 3399
f 3446 3429 3419 3436
f 3439 3422 3421 3438
f 3431 3414 3424 3441
f 3438 3421 3425 3442
f 3417 3434 3435 3418
f 3430 3447 3443 3426
f 3442 3425 3426 3443
f 3418 3435 3436 3419
f 3863 3862 3427 3444
f 3437 3420 3414 3431
f 3420 3437 3432 3415
f 3444 3427 3428 3445
f 3441 3424 3423 3440
f 3415 3432 3433 3416
f 3445 3428 3429 3446
f 3440 3423 3422 3439
f 3448 3431 3441 3458
f 3455 3438 3442 3459
f 3434 3451 3452 3435
f 3447 3464 3460 3443
f 3459 3442 3443 3460
f 3435 3452 3453 3436
f 3864 3863 3444 3461
f 3454 3437 3431 3448
f 3437 3454 3449 3432
f 3461 3444 3445 3462
f 3458 3441 3440 3457
f 3432 3449 3450 3433
f 3462 3445 3446 3463
f 3457 3440 3439 3456
f 3463 3446 3436 3453
f 3456 3439 3438 3455
f 3464 3481 3477 3460
f 3476 3459 3460 3477
f 3452 3469 3470 3453
f 3865 3864 3461 3478
f 3471 3454 3448 3465
f 3454 3471 3466 3449
f 3478 3461 3462 3479
f 3475 3458 3457 3474
f 3449 3466 3467 3450
f 3479 3462 3463 3480
f 3474 3457 3456 3473
f 3480 3463 3453 3470
f 3473 3456 3455 3472
f 3465 3448 3458 3475
f 3472 3455 3459 3476
f 3451 3468 3469 3452
f 3866 3865 3478 3495
f 3488 3471 3465 3482
f 3471 3488 3483 3466
f 3495 3478 3479 3496
f 3492 3475 3474 3491
f 3466 3483 3484 3467
f 3496 3479 3480 3497
f 3491 3474 3473 3490
f 3497 3480 3470 3487
f 3490 3473 3472 3489
f 3482 3465 3475 3492
f 3489 3472 3476 3493
f 3468 3485 3486 3469
f 3481 3498 3494 3477
f 3493 3476 3477 3494
f 3469 3486 3487 3470
f 3512 3495 3496 3513
f 3509 3492 3491 3508
f 3483 3500 3501 3484
f 3513 3496 3497 3514
f 3508 3491 3490 3507
f 3514 3497 3487 3504
f 3507 3490 3489 3506
f 3499 3482 3492 3509
f 3506 3489 3493 3510
f 3485 3502 3503 3486
f 3498 3515 3511 3494
f 3510 3493 3494 3511
f 3486 3503 3504 3487
f 3867 3866 3495 3512
f 3505 3488 3482 3499
f 3488 3505 3500 3483
f 3530 3513 3514 3531
f 3525 3508 3507 3524
f 3531 3514 3504 3521
f 3524 3507 3506 3523
f 3516 3499 3509 3526
f 3523 3506 3510 3527
f 3502 3519 3520 3503
f 3515 3532 3528 3511
f 3527 3510 3511 3528
f 3503 3520 3521 3504
f 3868 3867 3512 3529
f 3522 3505 3499 3516
f 3505 3522 3517 3500
f 3529 3512 3513 3530
f 3526 3509 3508 3525
f 3500 3517 3518 3501
f 3548 3531 3521 3538
f 3541 3524 3523 3540
f 3533 3516 3526 3543
f 3540 3523 3527 3544
f 3519 3536 3537 3520
f 3532 3549 3545 3528
f 3544 3527 3528 3545
f 3520 3537 3538 3521
f 3869 3868 3529 3546
f 3539 3522 3516 3533
f 3522 3539 3534 3517
f 3546 3529 3530 3547
f 3543 3526 3525 3542
f 3517 3534 3535 3518
f 3547 3530 3531 3548
f 3542 3525 3524 3541
f 3885 3533 3543 3884
f 3887 3540 3544 3886
f 3889 3553 3554 3888
f 3891 3566 3562 3890
f 3886 3544 3545 3890
f 3888 3554 3555 3892
f 3903 3869 3546 3893
f 3894 3539 3533 3885
f 3894 3556 3551 3895
f 3893 3546 3547 3896
f 3884 3543 3542 3897
f 3895 3551 3552 3898
f 3896 3547 3548 3899
f 3897 3542 3541 3900
f 3899 3548 3538 3892
f 3900 3541 3540 3887
f 3245 3213 3579 3226
f 3250 3166 3254 3243
f 3158 3177 3251 3162
f 3166 3250 3244 3222
f 3148 3146 3174 3579
f 3142 3140 3254 3166
f 3226 3579 3174 3225
f 3155 3153 3122 3125
f 3577 3109 2102 2833
f 2793 1911 3102 3578
f 2833 2105 1912 2793
f 2793 3578 3577 2833
f 3125 3121 3152 3155
f 3581 3152 3121 3580
f 2872 2297 2104 2832
f 3579 3213 3147 3148
f 2832 3238 3195 2872
f 3213 3581 3580 3255
f 3582 3159 3153 3155
f 3192 3189 3159 3582
f 3580 3121 2486 2911
f 2871 3255 3580 2911
f 2911 2489 2296 2871
f 3155 3152 3581 3582
f 3170 3221 3185 3186
f 3914 3915 3552 3551
f 3913 3914 3551 3556
f 2716 3585 3587 2718
f 3591 2722 2719 3588
f 3592 2752 2715 3584
f 2764 3593 3584 2715
f 3589 2720 2721 3590
f 3588 2719 2720 3589
f 3593 2764 2722 3591
f 3590 2721 2717 3586
f 2752 3592 3585 2716
f 3586 2717 2718 3587
f 3600 3590 3586 3596
f 3596 3586 3587 3597
f 3592 3602 3595 3585
f 3601 3591 3588 3598
f 3585 3595 3597 3587
f 3602 3592 3584 3594
f 3593 3603 3594 3584
f 3603 3593 3591 3601
f 3599 3589 3590 3600
f 3598 3588 3589 3599
f 3609 3599 3600 3610
f 3608 3598 3599 3609
f 3610 3600 3596 3606
f 3606 3596 3597 3607
f 3602 3612 3605 3595
f 3611 3601 3598 3608
f 3595 3605 3607 3597
f 3612 3602 3594 3604
f 3603 3613 3604 3594
f 3613 3603 3601 3611
f 3622 3612 3604 3614
f 3613 3623 3614 3604
f 3623 3613 3611 3621
f 3619 3609 3610 3620
f 3618 3608 3609 3619
f 3620 3610 3606 3616
f 3616 3606 3607 3617
f 3612 3622 3615 3605
f 3621 3611 3608 3618
f 3605 3615 3617 3607
f 3622 3632 3625 3615
f 3631 3621 3618 3628
f 3615 3625 3627 3617
f 3632 3622 3614 3624
f 3623 3633 3624 3614
f 3633 3623 3621 3631
f 3629 3619 3620 3630
f 3628 3618 3619 3629
f 3630 3620 3616 3626
f 3626 3616 3617 3627
f 3640 3630 3626 3636
f 3636 3626 3627 3637
f 3632 3642 3635 3625
f 3641 3631 3628 3638
f 3625 3635 3637 3627
f 3642 3632 3624 3634
f 3633 3643 3634 3624
f 3643 3633 3631 3641
f 3639 3629 3630 3640
f 3638 3628 3629 3639
f 3173 3172 3636 3637
f 3193 3173 3637 3635
f 3205 3647 3646 3204
f 3204 3646 3645 3203
f 3203 3645 3644 3202
f 3647 3649 3648 3646
f 3649 3651 3650 3648
f 3651 3654 3653 3650
f 3217 3827 3679 3826
f 3654 3657 3656 3653
f 3657 3660 3659 3656
f 3671 3235 3829 3659
f 3179 3671 3659 3660
f 1917 1912 2105 2113
f 2109 2104 2297 2305
f 2953 1917 2113 2986
f 2986 2229 2065 2953
f 2229 3113 3108 2065
f 3818 3108 3113 3809
f 3178 3181 3205 3823
f 3168 3183 3181 3165
f 3194 3193 3635 3642
f 2992 2109 2305 3025
f 3025 2421 2257 2992
f 2301 2296 2489 2497
f 3031 2301 2497 3064
f 3064 2613 2449 3031
f 2613 3127 3120 2449
f 3819 3120 3127 3815
f 3170 3169 3145 3150
f 3186 3184 3169 3170
f 3221 3170 3150 3149
f 3811 3150 3145 3814
f 3114 2257 2421 3119
f 3157 3156 3191 3662
f 3663 3227 3233 3674
f 3245 3200 3207 3188
f 3162 3175 3134 3136
f 3162 3136 3133 3158
f 3166 3222 3141 3142
f 3189 3209 3154 3159
f 3211 3194 3642 3634
f 3220 3219 3674 3666
f 3229 3667 3676 3223
f 3252 3663 3674 3219
f 3227 3663 3669 3230
f 3223 3676 3673 3232
f 3176 3668 3672 3248
f 3230 3669 3664 3231
f 3239 3668 3667 3229
f 3248 3672 3664 3240
f 3191 3190 3678 3662
f 3656 3659 3829 3830
f 3160 3662 3678 3187
f 3653 3656 3830 3832
f 3212 3211 3634 3643
f 3643 3641 3820 3212
f 3180 3820 3641 3638
f 3237 3180 3638 3639
f 3639 3640 3675 3237
f 3673 3826 3679 3232
f 3665 3234 3241 3677
f 3677 3171 3242 3665
f 3208 3197 3209 3189
f 3201 3569 3827 3217
f 3913 3912 3573 3574
f 3912 3911 3572 3573
f 3911 3910 3571 3572
f 3910 3909 3575 3571
f 3909 3908 3583 3575
f 3901 3889 3536 3771
f 3770 3771 3536 3519
f 3774 3769 3502 3485
f 3688 3689 932 1463
f 3689 3690 931 932
f 3690 3691 930 931
f 3691 3692 929 930
f 3692 3693 1037 929
f 3693 3694 1035 1037
f 3694 3695 928 1035
f 3696 3695 785 996
f 3696 3697 743 1001
f 3698 3697 744 892
f 3698 3699 916 893
f 5298 3699 918 5296
f 295 294 5053 5055
f 5054 5053 294 293
f 3702 3701 730 400
f 5339 3702 400 374
f 3704 3703 405 442
f 3705 3704 442 443
f 3706 3705 443 504
f 3706 3707 430 502
f 3708 3707 444 445
f 3709 3708 445 446
f 3710 3709 446 530
f 3710 3711 545 528
f 3712 3711 547 564
f 3713 3712 564 581
f 3713 3714 596 579
f 3714 3715 613 596
f 3716 3715 615 632
f 3717 3716 632 649
f 3717 3718 664 647
f 3718 3719 681 664
f 3719 3720 698 681
f 3721 3720 700 699
f 3721 3722 680 697
f 3722 3723 663 680
f 3724 3723 665 648
f 3724 3725 629 646
f 3726 3725 631 614
f 3727 3726 614 597
f 3727 3728 578 595
f 3728 3729 561 578
f 3730 3729 563 546
f 3731 3730 546 529
f 3731 3732 435 527
f 3733 3732 437 434
f 3734 3733 434 431
f 3735 3734 431 500
f 3735 3736 426 501
f 3737 3736 428 425
f 3737 3738 403 423
f 5340 3739 380 370
f 3739 3740 713 380
f 278 5051 5054 293
f 278 339 5058 5051
f 3752 3688 1463 1518
f 3752 3753 1399 1514
f 3754 3753 1396 1386
f 3755 3754 1386 1376
f 3756 3755 1376 1366
f 3757 3756 1366 1358
f 3757 3758 1434 1359
f 3759 3758 1433 1675
f 3759 3760 1408 1681
f 3760 3761 1444 1408
f 3762 3761 1443 1417
f 3762 3763 1428 1418
f 3763 3764 1698 1428
f 3764 3765 1715 1698
f 3766 3765 1714 1731
f 3766 3767 1749 1732
f 3767 3768 3315 1749
f 3908 3907 3576 3583
f 3907 3906 3808 3576
f 1512 817 3689 3688
f 817 811 3690 3689
f 811 805 3691 3690
f 805 799 3692 3691
f 799 793 3693 3692
f 793 789 3694 3693
f 789 785 3695 3694
f 1001 928 3695 3696
f 996 744 3697 3696
f 893 743 3697 3698
f 892 918 3699 3698
f 277 336 368 276
f 5132 5058 339 5097
f 5132 5097 340 5056
f 381 726 3701 3702
f 362 381 3702 5339
f 424 404 3703 3704
f 427 424 3704 3705
f 502 427 3705 3706
f 504 444 3707 3706
f 433 430 3707 3708
f 436 433 3708 3709
f 528 436 3709 3710
f 530 547 3711 3710
f 562 545 3711 3712
f 579 562 3712 3713
f 581 598 3714 3713
f 598 615 3715 3714
f 630 613 3715 3716
f 647 630 3716 3717
f 649 666 3718 3717
f 666 683 3719 3718
f 683 700 3720 3719
f 697 698 3720 3721
f 699 682 3722 3721
f 682 665 3723 3722
f 646 663 3723 3724
f 648 631 3725 3724
f 612 629 3725 3726
f 595 612 3726 3727
f 597 580 3728 3727
f 580 563 3729 3728
f 544 561 3729 3730
f 527 544 3730 3731
f 529 437 3732 3731
f 432 435 3732 3733
f 429 432 3733 3734
f 501 429 3734 3735
f 500 428 3736 3735
f 423 426 3736 3737
f 425 408 3738 3737
f 369 379 3739 5340
f 379 712 3740 3739
f 5057 5056 340 341
f 5265 5264 3742 3741
f 5264 5263 3743 3742
f 5263 5262 3744 3743
f 5261 5260 3746 3745
f 5260 897 3747 3746
f 897 5319 3748 3747
f 5319 5266 3749 3748
f 5266 5320 3750 3749
f 5320 5321 3751 3750
f 1514 1512 3688 3752
f 1518 1396 3753 3752
f 1389 1399 3753 3754
f 1379 1389 3754 3755
f 1369 1379 3755 3756
f 1359 1369 3756 3757
f 1358 1433 3758 3757
f 1681 1434 3758 3759
f 1675 1407 3760 3759
f 1407 1443 3761 3760
f 1418 1444 3761 3762
f 1417 1427 3763 3762
f 1427 1697 3764 3763
f 1697 1714 3765 3764
f 1732 1715 3765 3766
f 1731 1748 3767 3766
f 1748 3314 3768 3767
f 3229 3223 3567 3574
f 3239 3229 3574 3573
f 3573 3572 3228 3239
f 3572 3571 3231 3228
f 3230 3231 3571 3575
f 3519 3502 3769 3770
f 3227 3230 3575 3583
f 3583 3576 3233 3227
f 3905 3906 3562 3566
f 3898 3552 3772 3901
f 3518 3535 3771 3770
f 1568 3776 3775 1562
f 1574 3777 3776 1568
f 1580 3778 3777 1574
f 1586 3779 3778 1580
f 1592 3780 3779 1586
f 1598 3781 3780 1592
f 1612 3782 3787 1690
f 1690 3787 3783 1686
f 1686 3783 3784 1687
f 1687 3784 3785 1688
f 1688 3785 3786 1689
f 1622 3788 3782 1612
f 1689 3786 3789 1711
f 1711 3789 3790 1728
f 1728 3790 3791 1745
f 1745 3791 3792 1762
f 3328 1762 3792 3793
f 3345 3328 3793 3794
f 3362 3345 3794 3795
f 3379 3362 3795 3796
f 3396 3379 3796 3797
f 3413 3396 3797 3798
f 3430 3413 3798 3799
f 3447 3430 3799 3800
f 3464 3447 3800 3801
f 3481 3464 3801 3802
f 3498 3481 3802 3803
f 3515 3498 3803 3804
f 3532 3515 3804 3805
f 3549 3532 3805 3806
f 3891 3549 3806 3902
f 3904 3905 3566 3807
f 3236 3233 3576 3808
f 3147 3213 3255 3116
f 3150 3811 3810 3149
f 3138 3131 3812 3137
f 3148 3147 3116 3117
f 3117 3115 3146 3148
f 3114 3814 3813 3112
f 3174 3146 3115 3195
f 3157 3815 3816 3156
f 3131 3107 3106 3812
f 3195 3238 3222 3174
f 3141 3222 3238 3110
f 3142 3141 3110 3111
f 3111 3109 3140 3142
f 3144 3809 3813 3143
f 3120 3819 3810 3118
f 3132 3124 3156 3816
f 3254 3140 3109 3577
f 3108 3818 3812 3106
f 3577 3578 3175 3254
f 3134 3175 3578 3102
f 3136 3134 3102 3105
f 3132 3816 3126 3128
f 3105 3101 3133 3136
f 3158 3133 3101 3129
f 3129 3103 3135 3158
f 3161 3135 3817 3837
f 3138 3163 3837 3817
f 3124 3123 3154 3156
f 3159 3154 3123 3130
f 3130 3122 3153 3159
f 3103 3104 3817 3135
f 3139 3818 3809 3144
f 3151 3819 3815 3157
f 3119 3811 3814 3114
f 3640 3636 3172 3675
f 3821 3822 3820 3180
f 3218 3821 3180 3237
f 3251 3206 3199 3249
f 3826 3673 3196 3824
f 3855 3236 3808 3873
f 3217 3218 3237 3675
f 3855 3873 3683 3234
f 3825 3206 3251 3177
f 3206 3825 3824 3196
f 3824 3825 3821 3218
f 3177 3161 3821 3825
f 3199 3206 3196 3253
f 3215 3199 3253 3247
f 3671 3179 3171 3677
f 3677 3241 3235 3671
f 3661 3234 3683 3681
f 3658 3661 3681 3682
f 3655 3658 3682 3684
f 3652 3655 3684 3686
f 3680 3652 3686 3685
f 3569 3680 3685 3773
f 3827 3569 3773 3687
f 3679 3827 3687 3568
f 3661 3828 3241 3234
f 3644 3569 3201 3202
f 3658 3670 3828 3661
f 3241 3828 3829 3235
f 3650 3653 3832 3834
f 3834 3836 3648 3650
f 3830 3829 3828 3670
f 3670 3831 3832 3830
f 3831 3833 3834 3832
f 3833 3835 3836 3834
f 3655 3831 3670 3658
f 3833 3831 3655 3652
f 3652 3680 3835 3833
f 3648 3836 3645 3646
f 3836 3835 3644 3645
f 3644 3835 3680 3569
f 3209 3197 3190 3191
f 3198 3215 3247 3176
f 3176 3248 3214 3198
f 3248 3240 3224 3214
f 3216 3224 3240 3246
f 3200 3216 3246 3252
f 3207 3200 3252 3219
f 3210 3207 3219 3220
f 3190 3197 3242 3171
f 3171 3179 3678 3190
f 3187 3678 3179 3660
f 3660 3657 3185 3187
f 3186 3185 3657 3654
f 3654 3651 3184 3186
f 3651 3649 3182 3184
f 3183 3182 3649 3647
f 3647 3205 3181 3183
f 3138 3817 3104 3131
f 3164 3178 3837 3163
f 3138 3137 3164 3163
f 3161 3837 3822 3821
f 3776 3839 3838 3775
f 3777 3840 3839 3776
f 3778 3841 3840 3777
f 3779 3842 3841 3778
f 3780 3843 3842 3779
f 3781 3844 3843 3780
f 3782 3845 3850 3787
f 3787 3850 3846 3783
f 3783 3846 3847 3784
f 3784 3847 3848 3785
f 3785 3848 3849 3786
f 3788 3872 3845 3782
f 3786 3849 3851 3789
f 3789 3851 3852 3790
f 3790 3852 3853 3791
f 3791 3853 3854 3792
f 3665 3871 3855 3234
f 3793 3792 3854 3856
f 3794 3793 3856 3857
f 3795 3794 3857 3858
f 3796 3795 3858 3859
f 3797 3796 3859 3860
f 3798 3797 3860 3861
f 3799 3798 3861 3862
f 3800 3799 3862 3863
f 3801 3800 3863 3864
f 3802 3801 3864 3865
f 3803 3802 3865 3866
f 3804 3803 3866 3867
f 3805 3804 3867 3868
f 3806 3805 3868 3869
f 3902 3806 3869 3903
f 3232 3679 3568 3570
f 3223 3232 3570 3567
f 3197 3208 3874 3242
f 3665 3242 3874 3871
f 3220 3874 3208 3210
f 3871 3874 3220 3666
f 3875 3876 3468 3451
f 3875 3877 3433 3450
f 3878 3877 3434 3417
f 3878 3879 3399 3416
f 3880 3879 3400 3383
f 3881 3880 3383 3366
f 3882 3881 3366 3349
f 3883 3882 3349 3332
f 3450 3467 3876 3875
f 3451 3434 3877 3875
f 3416 3433 3877 3878
f 3417 3400 3879 3878
f 3382 3399 3879 3880
f 3365 3382 3880 3881
f 3348 3365 3881 3882
f 3331 3348 3882 3883
f 3876 3774 3485 3468
f 3770 3769 3501 3518
f 3768 3883 3332 3315
f 3467 3484 3774 3876
f 3314 3331 3883 3768
f 3484 3501 3769 3774
f 3218 3217 3826 3824
f 3212 3820 3822 3823
f 3823 3205 3211 3212
f 3205 3204 3194 3211
f 3204 3203 3193 3194
f 3203 3202 3173 3193
f 3202 3201 3172 3173
f 3201 3217 3675 3172
f 3923 3922 3553 3772
f 3922 3921 3554 3553
f 3921 3920 3555 3554
f 3919 3920 3685 3686
f 3918 3919 3686 3684
f 3917 3918 3684 3682
f 3916 3917 3682 3681
f 3916 3904 3807 3870
f 3915 3923 3772 3552
f 3550 3885 3884 3560
f 3557 3887 3886 3561
f 3536 3889 3888 3537
f 3549 3891 3890 3545
f 3561 3886 3890 3562
f 3537 3888 3892 3538
f 3870 3903 3893 3563
f 3556 3894 3885 3550
f 3539 3894 3895 3534
f 3563 3893 3896 3564
f 3560 3884 3897 3559
f 3534 3895 3898 3535
f 3564 3896 3899 3565
f 3559 3897 3900 3558
f 3565 3899 3892 3555
f 3558 3900 3887 3557
f 3772 3553 3889 3901
f 3535 3898 3901 3771
f 3566 3891 3902 3807
f 3807 3902 3903 3870
f 3683 3873 3905 3904
f 3556 3550 3912 3913
f 3564 3565 3919 3918
f 3574 3567 3914 3913
f 3773 3685 3920 3921
f 3567 3570 3915 3914
f 3561 3562 3906 3907
f 3570 3568 3923 3915
f 3559 3558 3909 3910
f 3557 3561 3907 3908
f 3687 3773 3921 3922
f 3870 3563 3917 3916
f 3560 3559 3910 3911
f 3558 3557 3908 3909
f 3681 3683 3904 3916
f 3565 3555 3920 3919
f 3550 3560 3911 3912
f 3873 3808 3906 3905
f 3563 3564 3918 3917
f 3568 3687 3922 3923
f 3837 3178 3823 3822
f 1589 3931 3930 1583
f 1692 3937 3934 1615
f 1583 3930 3929 1577
f 1450 3926 3924 1414
f 1625 3935 3936 1691
f 1424 3925 3926 1450
f 1615 3934 3935 1625
f 1577 3929 3928 1571
f 1691 3936 3925 1424
f 1601 3933 3932 1595
f 1571 3928 3927 1565
f 1595 3932 3931 1589
f 3932 3946 3945 3931
f 3925 3939 3940 3926
f 3933 3947 3946 3932
f 3928 3942 3941 3927
f 3937 3951 3948 3934
f 3929 3943 3942 3928
f 3934 3948 3949 3935
f 3930 3944 3943 3929
f 3935 3949 3950 3936
f 3931 3945 3944 3930
f 3926 3940 3938 3924
f 3936 3950 3939 3925
f 3950 3964 3953 3939
f 3946 3960 3959 3945
f 3939 3953 3954 3940
f 3947 3961 3960 3946
f 3942 3956 3955 3941
f 3951 3965 3962 3948
f 3943 3957 3956 3942
f 3948 3962 3963 3949
f 3944 3958 3957 3943
f 3949 3963 3964 3950
f 3945 3959 3958 3944
f 3940 3954 3952 3938
f 3964 3978 3967 3953
f 3960 3974 3973 3959
f 3953 3967 3968 3954
f 3961 3975 3974 3960
f 3956 3970 3969 3955
f 3965 3979 3976 3962
f 3957 3971 3970 3956
f 3962 3976 3977 3963
f 3958 3972 3971 3957
f 3963 3977 3978 3964
f 3959 3973 3972 3958
f 3954 3968 3966 3952
f 3978 3992 3981 3967
f 3974 3988 3987 3973
f 3967 3981 3982 3968
f 3975 3989 3988 3974
f 3970 3984 3983 3969
f 3979 3993 3990 3976
f 3971 3985 3984 3970
f 3976 3990 3991 3977
f 3972 3986 3985 3971
f 3977 3991 3992 3978
f 3973 3987 3986 3972
f 3968 3982 3980 3966
f 3992 4006 3995 3981
f 3988 4002 4001 3987
f 3981 3995 3996 3982
f 3989 4003 4002 3988
f 3984 3998 3997 3983
f 3993 4007 4004 3990
f 3985 3999 3998 3984
f 3990 4004 4005 3991
f 3986 4000 3999 3985
f 3991 4005 4006 3992
f 3987 4001 4000 3986
f 3982 3996 3994 3980
f 3996 4010 4008 3994
f 4006 4020 4009 3995
f 4002 4016 4015 4001
f 3995 4009 4010 3996
f 4003 4017 4016 4002
f 3998 4012 4011 3997
f 4007 4021 4018 4004
f 3999 4013 4012 3998
f 4004 4018 4019 4005
f 4000 4014 4013 3999
f 4005 4019 4020 4006
f 4001 4015 4014 4000
f 4015 4029 4028 4014
f 4010 4024 4022 4008
f 4020 4034 4023 4009
f 4016 4030 4029 4015
f 4009 4023 4024 4010
f 4017 4031 4030 4016
f 4012 4026 4025 4011
f 4021 4035 4032 4018
f 4013 4027 4026 4012
f 4018 4032 4033 4019
f 4014 4028 4027 4013
f 4019 4033 4034 4020
f 4141 4048 4049 4140
f 4029 4044 4043 4028
f 4143 4038 4036 4142
f 4140 4049 4037 4144
f 4030 4045 4044 4029
f 4144 4037 4038 4143
f 4031 4046 4045 4030
f 4026 4041 4040 4025
f 4027 4042 4041 4026
f 4028 4043 4042 4027
f 4048 4062 4063 4049
f 4147 4059 4058 4146
f 4038 4053 4051 4036
f 4049 4063 4052 4037
f 4148 4060 4059 4147
f 4037 4052 4053 4038
f 4149 4061 4060 4148
f 1556 1555 1560 1602
f 4151 4056 4055 4150
f 4153 4057 4056 4151
f 4146 4058 4057 4153
f 4065 1872 1440 1683
f 1871 1872 4065 4066
f 3924 3938 4066 4065
f 3938 3952 4067 4066
f 1870 1871 4066 4067
f 4103 4104 4081 4087
f 3994 4008 4103 4102
f 4103 4087 4093 4102
f 3980 3994 4102 4068
f 4157 4054 4047 4152
f 4102 4093 4099 4068
f 4152 4047 4070 4155
f 1868 4074 4073 1867
f 4156 4039 4054 4157
f 3966 3980 4068 4069
f 4088 4078 4076 4090
f 4074 4080 4079 4073
f 4068 4099 1869 4069
f 4090 4076 4072 4094
f 4084 4082 4078 4088
f 4096 4088 4090 4077
f 4077 4090 4094 4071
f 4100 4084 4088 4096
f 4080 4086 4085 4079
f 3952 3966 4069 4067
f 4095 4100 4096 4101
f 4083 4077 4071 4089
f 4101 4096 4077 4083
f 4086 4092 4091 4085
f 1869 1870 4067 4069
f 1866 4095 4101 1865
f 1898 4083 4089 1894
f 1865 4101 4083 1898
f 4159 4098 4097 4158
f 1868 1869 4099 4074
f 4080 4074 4099 4093
f 4086 4080 4093 4087
f 4086 4087 4081 4092
f 4159 4160 4075 4098
f 4008 4022 4104 4103
f 4154 4105 4075 4160
f 4142 4036 4105 4154
f 1866 1867 4073 4095
f 4073 4079 4100 4095
f 4084 4100 4079 4085
f 4082 4084 4085 4091
f 4156 4082 4091 4158
f 4161 4141 4033 4032
f 4145 4161 4032 4035
f 4108 4113 4112 4107
f 4109 4114 4113 4108
f 4110 4115 4114 4109
f 4111 4116 4115 4110
f 4113 4118 4117 4112
f 4114 4119 4118 4113
f 4115 4120 4119 4114
f 4116 4121 4120 4115
f 4117 4118 4119 4122
f 4119 4120 4121 4122
f 4108 4107 4070 4047
f 4097 4126 4123 4039
f 4098 4127 4126 4097
f 4105 4128 4125 4075
f 4075 4125 4127 4098
f 4039 4123 4124 4054
f 4036 4051 4128 4105
f 4047 4054 4124 4108
f 4127 4138 4137 4126
f 4125 4136 4138 4127
f 4062 4132 4133 4063
f 4128 4139 4136 4125
f 4063 4133 4130 4052
f 4126 4137 4134 4123
f 4051 4129 4139 4128
f 4053 4131 4129 4051
f 4052 4130 4131 4053
f 4123 4134 4135 4124
f 4124 4135 4109 4108
f 4033 4141 4140 4034
f 4024 4143 4142 4022
f 4034 4140 4144 4023
f 4023 4144 4143 4024
f 4044 4147 4146 4043
f 4045 4148 4147 4044
f 4046 4149 4148 4045
f 4041 4151 4150 4040
f 4042 4153 4151 4041
f 4043 4146 4153 4042
f 4078 4157 4152 4076
f 4076 4152 4155 4072
f 4082 4156 4157 4078
f 4092 4159 4158 4091
f 4092 4081 4160 4159
f 4104 4154 4160 4081
f 4022 4142 4154 4104
f 4039 4156 4158 4097
f 4106 4048 4141 4161
f 4050 4106 4161 4145
f 4129 4169 4170 4139
f 4136 4162 4171 4138
f 4130 4168 4167 4131
f 4134 4164 4163 4135
f 4135 4163 4110 4109
f 4138 4171 4172 4137
f 4132 4166 4165 4133
f 4139 4170 4162 4136
f 4137 4172 4164 4134
f 4131 4167 4169 4129
f 4133 4165 4168 4130
f 4166 4132 4174 4175
f 4132 4062 4173 4174
f 4062 4048 4106 4173
f 4050 4064 4173 4106
f 4060 4181 4180 4059
f 4056 4177 4176 4055
f 4059 4180 4179 4058
f 4058 4179 4178 4057
f 4061 4182 4181 4060
f 4057 4178 4177 4056
f 4178 4185 4184 4177
f 4181 4188 4187 4180
f 4177 4184 4183 4176
f 4180 4187 4186 4179
f 4179 4186 4185 4178
f 4182 4189 4188 4181
f 4064 4197 4174 4173
f 4197 4198 4175 4174
f 4388 4206 4205 4387
f 4390 4201 4200 4389
f 4391 4202 4201 4390
f 4393 4203 4202 4391
f 4394 4204 4203 4393
f 4392 4207 4199 4395
f 4387 4205 4204 4394
f 4207 4209 4208 4199
f 4211 4219 4218 4210
f 4212 4220 4219 4211
f 4213 4221 4220 4212
f 4214 4222 4221 4213
f 4215 4223 4222 4214
f 4216 4224 4223 4215
f 4219 4228 4227 4218
f 4220 4229 4228 4219
f 4225 4234 4226 4217
f 4221 4230 4229 4220
f 4222 4231 4230 4221
f 4223 4232 4231 4222
f 4224 4233 4232 4223
f 4233 4242 4241 4232
f 4228 4237 4236 4227
f 4229 4238 4237 4228
f 4234 4243 4235 4226
f 4230 4239 4238 4229
f 4231 4240 4239 4230
f 4232 4241 4240 4231
f 4242 4251 4250 4241
f 4237 4246 4245 4236
f 4238 4247 4246 4237
f 4243 4252 4244 4235
f 4239 4248 4247 4238
f 4240 4249 4248 4239
f 4241 4250 4249 4240
f 4247 4256 4255 4246
f 4252 4261 4253 4244
f 4248 4257 4256 4247
f 4249 4258 4257 4248
f 4250 4259 4258 4249
f 4251 4260 4259 4250
f 4246 4255 4254 4245
f 4255 4264 4263 4254
f 4261 4269 4262 4253
f 4258 4266 4265 4257
f 4259 4267 4266 4258
f 4260 4268 4267 4259
f 4397 4270 4273 4396
f 4399 4274 4275 4398
f 4396 4273 4272 4400
f 4400 4272 4274 4399
f 4401 4271 4270 4397
f 4271 4277 4276 4270
f 4270 4276 4279 4273
f 4274 4280 4281 4275
f 4273 4279 4278 4272
f 4272 4278 4280 4274
f 4283 4289 4288 4282
f 4282 4288 4291 4285
f 4286 4292 4293 4287
f 4285 4291 4290 4284
f 4284 4290 4292 4286
f 4289 4295 4294 4288
f 4288 4294 4297 4291
f 4292 4298 4299 4293
f 4291 4297 4296 4290
f 4290 4296 4298 4292
f 4295 4301 4300 4294
f 4294 4300 4303 4297
f 4298 4304 4305 4299
f 4297 4303 4302 4296
f 4296 4302 4304 4298
f 4301 4307 4306 4300
f 4300 4306 4309 4303
f 4304 4310 4311 4305
f 4303 4309 4308 4302
f 4302 4308 4310 4304
f 4307 4313 4312 4306
f 4306 4312 4315 4309
f 4317 4316 4417 4409
f 4309 4315 4314 4308
f 4411 4419 4418 4410
f 4401 4395 4199 4271
f 4199 4208 4277 4271
f 4217 4226 4289 4283
f 4226 4235 4295 4289
f 4235 4244 4301 4295
f 4244 4253 4307 4301
f 4253 4262 4313 4307
f 4320 4326 4359 4358
f 4364 4322 4323 4365
f 4365 4323 4321 4370
f 4370 4321 4320 4366
f 4369 4319 4322 4364
f 4319 4325 4328 4322
f 4323 4329 4327 4321
f 4322 4328 4329 4323
f 4358 4359 4324 4318
f 4321 4327 4326 4320
f 4331 4337 4340 4334
f 4335 4341 4339 4333
f 4334 4340 4341 4335
f 4360 4361 4336 4330
f 4333 4339 4338 4332
f 4337 4343 4346 4340
f 4341 4347 4345 4339
f 4340 4346 4347 4341
f 4361 4362 4342 4336
f 4339 4345 4344 4338
f 4343 4349 4352 4346
f 4347 4353 4351 4345
f 4346 4352 4353 4347
f 4362 4363 4348 4342
f 4345 4351 4350 4344
f 4349 4354 4356 4352
f 4352 4356 4357 4353
f 4332 4338 4361 4360
f 4338 4344 4362 4361
f 4344 4350 4363 4362
f 4372 4374 4373 4371
f 4372 4379 4380 4374
f 4379 4383 4384 4380
f 4367 4366 4320 4358
f 4358 4318 4368 4367
f 4196 4388 4387 4195
f 4191 4390 4389 4190
f 4192 4391 4390 4191
f 4193 4393 4391 4192
f 1602 1560 1610 1606
f 4194 4394 4393 4193
f 4195 4387 4394 4194
f 4293 4299 4343 4337
f 4275 4281 4325 4319
f 4398 4275 4319 4369
f 4305 4311 4354 4349
f 4287 4293 4337 4331
f 4299 4305 4349 4343
f 1560 1561 1611 1610
f 1561 1562 1622 1611
f 3788 1622 1562 3775
f 3872 3788 3775 3838
f 3838 1563 1694 3872
f 1563 1564 1693 1694
f 1564 1565 1692 1693
f 3937 1692 1565 3927
f 3927 3941 3951 3937
f 3941 3955 3965 3951
f 3955 3969 3979 3965
f 3969 3983 3993 3979
f 3983 3997 4007 3993
f 3997 4011 4021 4007
f 4011 4025 4035 4021
f 4145 4035 4025 4040
f 4040 4150 4050 4145
f 4150 4055 4064 4050
f 4055 4176 4197 4064
f 4176 4183 4198 4197
f 4190 4389 4207 4392
f 4389 4200 4209 4207
f 4210 4218 4234 4225
f 4218 4227 4243 4234
f 4227 4236 4252 4243
f 4236 4245 4261 4252
f 4269 4261 4245 4254
f 4351 4353 4357 4355
f 4407 4315 4312 4404
f 4313 4405 4404 4312
f 4262 4402 4405 4313
f 4317 4357 4356 4408
f 4315 4407 4406 4314
f 4402 4262 4269 4403
f 4357 4317 4409 4355
f 4311 4411 4410 4354
f 4408 4356 4354 4410
f 4254 4263 4403 4269
f 6394 6393 4384 4413
f 4413 4384 4383 4412
f 4416 4408 4410 4418
f 4316 4317 4408 4416
f 4421 4413 4412 4420
f 6395 6394 4413 4421
f 4425 4421 4420 4424
f 6396 6395 4421 4425
f 4419 4411 4429 4430
f 4429 4411 4311 4310
f 4310 4308 4314 4429
f 4430 4429 4314 4406
f 4265 4428 4256 4257
f 4428 4431 4255 4256
f 4431 4432 4264 4255
f 6397 6396 4425 4447
f 4442 4416 4418 4444
f 4263 4433 4437 4403
f 4432 4451 4434 4264
f 4405 4439 4438 4404
f 4419 4445 4444 4418
f 4402 4436 4439 4405
f 4445 4419 4430 4450
f 4436 4402 4403 4437
f 4316 4435 4443 4417
f 4441 4407 4404 4438
f 4407 4441 4440 4406
f 4447 4425 4424 4446
f 4264 4434 4433 4263
f 4406 4440 4450 4430
f 4435 4316 4416 4442
f 4433 4452 4456 4437
f 4455 4436 4437 4456
f 4454 4435 4442 4461
f 4460 4441 4438 4457
f 4434 4453 4452 4433
f 4466 4447 4446 4465
f 4441 4460 4459 4440
f 4461 4442 4444 4463
f 4464 4445 4450 4469
f 6398 6397 4447 4466
f 4439 4458 4457 4438
f 4435 4454 4462 4443
f 4440 4459 4469 4450
f 4436 4455 4458 4439
f 4445 4464 4463 4444
f 4451 4470 4453 4434
f 6756 6737 4481 4473
f 6738 4484 4481 6737
f 6739 6738 4503 4504
f 6740 6739 4504 6400
f 6740 6400 4505 6741
f 6742 4487 4486 6741
f 6743 4489 4487 6742
f 6743 6744 4472 4489
f 6744 6745 4471 4472
f 6745 6746 4475 4471
f 6747 6746 4494 4493
f 6747 6748 4477 4474
f 4536 4517 4514 4533
f 4510 4529 4528 4509
f 4542 4523 4522 4541
f 4517 4536 4535 4516
f 4537 4518 4520 4539
f 4540 4521 4526 4545
f 6402 6401 4523 4542
f 4515 4534 4533 4514
f 4511 4530 4538 4519
f 4516 4535 4545 4526
f 4512 4531 4534 4515
f 4521 4540 4539 4520
f 4527 4546 4529 4510
f 4509 4528 4532 4513
f 4531 4512 4513 4532
f 4530 4511 4518 4537
f 4535 4554 4564 4545
f 4531 4550 4553 4534
f 4540 4559 4558 4539
f 4546 4565 4548 4529
f 4528 4547 4551 4532
f 4550 4531 4532 4551
f 4549 4530 4537 4556
f 4555 4536 4533 4552
f 4529 4548 4547 4528
f 4561 4542 4541 4560
f 4536 4555 4554 4535
f 4556 4537 4539 4558
f 4559 4540 4545 4564
f 6403 6402 4542 4561
f 4534 4553 4552 4533
f 4530 4549 4557 4538
f 4568 4549 4556 4575
f 4574 4555 4552 4571
f 4548 4567 4566 4547
f 4580 4561 4560 4579
f 4555 4574 4573 4554
f 4575 4556 4558 4577
f 4578 4559 4564 4583
f 6404 6403 4561 4580
f 4553 4572 4571 4552
f 4549 4568 4576 4557
f 4554 4573 4583 4564
f 4550 4569 4572 4553
f 4559 4578 4577 4558
f 4565 4584 4567 4548
f 4547 4566 4570 4551
f 4569 4550 4551 4570
f 4573 4592 4602 4583
f 4569 4588 4591 4572
f 4578 4597 4596 4577
f 4584 4603 4586 4567
f 4566 4585 4589 4570
f 4588 4569 4570 4589
f 4587 4568 4575 4594
f 4593 4574 4571 4590
f 4567 4586 4585 4566
f 4599 4580 4579 4598
f 4574 4593 4592 4573
f 4594 4575 4577 4596
f 4597 4578 4583 4602
f 6405 6404 4580 4599
f 4572 4591 4590 4571
f 4568 4587 4595 4576
f 4606 4587 4594 4613
f 4612 4593 4590 4609
f 4586 4605 4604 4585
f 4618 4599 4598 4617
f 4593 4612 4611 4592
f 4613 4594 4596 4615
f 4616 4597 4602 4621
f 6406 6405 4599 4618
f 4591 4610 4609 4590
f 4587 4606 4614 4595
f 4592 4611 4621 4602
f 4588 4607 4610 4591
f 4597 4616 4615 4596
f 4603 4622 4605 4586
f 4585 4604 4608 4589
f 4607 4588 4589 4608
f 4606 4625 4633 4614
f 4611 4630 4640 4621
f 4607 4626 4629 4610
f 4616 4635 4634 4615
f 4622 4641 4624 4605
f 4604 4623 4627 4608
f 4626 4607 4608 4627
f 4625 4606 4613 4632
f 4631 4612 4609 4628
f 4605 4624 4623 4604
f 4637 4618 4617 4636
f 4612 4631 4630 4611
f 4632 4613 4615 4634
f 4635 4616 4621 4640
f 6407 6406 4618 4637
f 4610 4629 4628 4609
f 4644 4625 4632 4651
f 4650 4631 4628 4647
f 4624 4643 4642 4623
f 4656 4637 4636 4655
f 4631 4650 4649 4630
f 4651 4632 4634 4653
f 4654 4635 4640 4659
f 6408 6407 4637 4656
f 4629 4648 4647 4628
f 4625 4644 4652 4633
f 4630 4649 4659 4640
f 4626 4645 4648 4629
f 4635 4654 4653 4634
f 4641 4660 4643 4624
f 4623 4642 4646 4627
f 4645 4626 4627 4646
f 4673 4654 4659 4678
f 6409 6408 4656 4675
f 4648 4667 4666 4647
f 4644 4663 4671 4652
f 4649 4668 4678 4659
f 4645 4664 4667 4648
f 4654 4673 4672 4653
f 4660 4679 4662 4643
f 4642 4661 4665 4646
f 4664 4645 4646 4665
f 4663 4644 4651 4670
f 4669 4650 4647 4666
f 4643 4662 4661 4642
f 4675 4656 4655 4674
f 4650 4669 4668 4649
f 4670 4651 4653 4672
f 4683 4664 4665 4684
f 4682 4663 4670 4689
f 4688 4669 4666 4685
f 4662 4681 4680 4661
f 4694 4675 4674 4693
f 4669 4688 4687 4668
f 4689 4670 4672 4691
f 4692 4673 4678 4697
f 6410 6409 4675 4694
f 4667 4686 4685 4666
f 4663 4682 4690 4671
f 4668 4687 4697 4678
f 4664 4683 4686 4667
f 4673 4692 4691 4672
f 4679 4698 4681 4662
f 4661 4680 4684 4665
f 4711 4692 4697 4716
f 6411 6410 4694 4713
f 4686 4705 4704 4685
f 4682 4701 4709 4690
f 4687 4706 4716 4697
f 4683 4702 4705 4686
f 4692 4711 4710 4691
f 4698 4717 4700 4681
f 4680 4699 4703 4684
f 4702 4683 4684 4703
f 4701 4682 4689 4708
f 4707 4688 4685 4704
f 4681 4700 4699 4680
f 4713 4694 4693 4712
f 4688 4707 4706 4687
f 4708 4689 4691 4710
f 4717 4736 4719 4700
f 4699 4718 4722 4703
f 4721 4702 4703 4722
f 4720 4701 4708 4727
f 4726 4707 4704 4723
f 4700 4719 4718 4699
f 4732 4713 4712 4731
f 4707 4726 4725 4706
f 4727 4708 4710 4729
f 4730 4711 4716 4735
f 6412 6411 4713 4732
f 4705 4724 4723 4704
f 4701 4720 4728 4709
f 4706 4725 4735 4716
f 4702 4721 4724 4705
f 4711 4730 4729 4710
f 4726 4745 4744 4725
f 4746 4727 4729 4748
f 4749 4730 4735 4754
f 6413 6412 4732 4751
f 4724 4743 4742 4723
f 4720 4739 4747 4728
f 4725 4744 4754 4735
f 4721 4740 4743 4724
f 4730 4749 4748 4729
f 4736 4755 4738 4719
f 4718 4737 4741 4722
f 4740 4721 4722 4741
f 4739 4720 4727 4746
f 4745 4726 4723 4742
f 4719 4738 4737 4718
f 4751 4732 4731 4750
f 4755 4774 4757 4738
f 4737 4756 4760 4741
f 4759 4740 4741 4760
f 4758 4739 4746 4765
f 4764 4745 4742 4761
f 4738 4757 4756 4737
f 4770 4751 4750 4769
f 4745 4764 4763 4744
f 4765 4746 4748 4767
f 4768 4749 4754 4773
f 6414 6413 4751 4770
f 4743 4762 4761 4742
f 4739 4758 4766 4747
f 4744 4763 4773 4754
f 4740 4759 4762 4743
f 4749 4768 4767 4748
f 4789 4770 4769 4788
f 4764 4783 4782 4763
f 4784 4765 4767 4786
f 4787 4768 4773 4792
f 6415 6414 4770 4789
f 4762 4781 4780 4761
f 4758 4777 4785 4766
f 4763 4782 4792 4773
f 4759 4778 4781 4762
f 4768 4787 4786 4767
f 4774 4793 4776 4757
f 4756 4775 4779 4760
f 4778 4759 4760 4779
f 4777 4758 4765 4784
f 4783 4764 4761 4780
f 4757 4776 4775 4756
f 6372 5868 6328 6325
f 6347 6342 6341 6348
f 6381 6435 6390 6374
f 6374 6390 6242 6441
f 6373 4803 6441 6242
f 4842 4802 4803 6373
f 4830 4799 4802 4842
f 4799 4830 4812 6416
f 4809 4800 4799 6416
f 4800 4809 4810 4828
f 4800 4828 6362 4801
f 4787 4820 4815 4786
f 4824 4806 4813 4831
f 4805 4823 4822 4804
f 4835 4817 4816 4834
f 4812 4830 4829 4811
f 4831 4813 4815 4833
f 6418 6417 4817 4835
f 4802 4799 4800 4801
f 4806 4824 4832 4814
f 4811 4829 4838 4820
f 4807 4825 4828 4810
f 4821 4839 4823 4805
f 4804 4822 4826 4808
f 4825 4807 4808 4826
f 4824 4840 4844 4832
f 4829 4841 4847 4838
f 6377 6289 4801 6362
f 4840 4824 4831 4843
f 6223 6233 6248 6237
f 4830 4842 4841 4829
f 4843 4831 4833 4845
f 3 4849 4848 4
f 7 1 4849 4850
f 10 7 4850 4851
f 13 10 4851 4852
f 16 13 4852 4853
f 19 16 4853 4854
f 22 19 4854 4855
f 25 22 4855 4856
f 28 25 4856 4857
f 5079 28 4857 5128
f 37 34 4859 4860
f 48 45 4862 4863
f 51 48 4863 4864
f 5081 51 4864 5129
f 56 4 4848 4866
f 59 56 4866 4867
f 62 59 4867 4868
f 101 62 4868 4873
f 68 65 4869 4870
f 71 68 4870 4871
f 74 71 4871 4872
f 65 101 4873 4869
f 31 4858 4859 34
f 91 4898 4896 94
f 84 4879 4878 83
f 81 4890 4888 80
f 77 4886 4891 76
f 93 4899 4877 92
f 98 4895 4893 99
f 99 4893 4874 100
f 15 12 4899 4878
f 86 4881 4880 85
f 63 102 4892 4876
f 87 4882 4881 86
f 76 4891 4883 89
f 5084 5130 4884 88
f 97 4894 4895 98
f 92 4877 4897 90
f 90 4897 4898 91
f 102 66 4894 4892
f 95 4875 4876 96
f 85 4880 4879 84
f 46 43 4887 4888
f 94 4896 4875 95
f 5083 5131 4890 81
f 88 4884 4882 87
f 4964 4954 4901 4920
f 4963 4968 4929 4914
f 4974 4981 4905 4908
f 4957 4959 4910 4907
f 4982 4976 4912 4928
f 4979 4927 4919 4977
f 4966 4964 4920 4924
f 4972 4902 4923 4978
f 4978 4923 4927 4979
f 4962 4966 4924 4916
f 4983 4940 4944 4986
f 4975 4946 4941 4984
f 4980 4987 4945 4942
f 4985 4973 4947 4943
f 4984 4941 4940 4983
f 4959 4970 4950 4910
f 4985 4989 4949 4909
f 4988 4974 4908 4948
f 4922 4900 4955 4965
f 4915 4931 4969 4960
f 4904 4911 4958 4956
f 4926 4922 4965 4967
f 4917 4926 4967 4961
f 4911 4951 4971 4958
f 4934 4933 4981 4974
f 4939 4935 4976 4982
f 4938 4979 4977 4936
f 4932 4972 4978 4937
f 4937 4978 4979 4938
f 4925 4983 4986 4918
f 4903 4975 4984 4921
f 4930 4913 4987 4980
f 4909 4906 4973 4985
f 4921 4984 4983 4925
f 4943 4953 4989 4985
f 4952 4934 4974 4988
f 4962 4916 4915 4960
f 6173 6172 4917 4914
f 5031 5032 5003 5000
f 5039 5042 4991 4994
f 5027 5029 4996 4993
f 5043 5040 4998 5002
f 5036 5031 5000 5022
f 6308 6322 6311 6309
f 5041 5045 5012 5010
f 5044 5038 5013 5011
f 5029 5034 5016 4996
f 5044 5047 5015 4995
f 5046 5039 4994 5014
f 6309 6311 6312 6310
f 5040 5048 5023 4998
f 5045 5049 5025 5012
f 5001 5005 5033 5030
f 4990 4997 5028 5026
f 5021 5001 5030 5037
f 4997 5017 5035 5028
f 5007 5006 5042 5039
f 5009 5008 5040 5043
f 5004 4999 5045 5041
f 4995 4992 5038 5044
f 5011 5019 5047 5044
f 5018 5007 5039 5046
f 5008 5024 5048 5040
f 4999 5020 5049 5045
f 32 5078 5077 33
f 5052 5057 341 285
f 5070 5140 5052 285
f 5061 5060 5059 5062
f 5101 183 215 5091
f 164 5063 5065 163
f 5087 908 183 5101
f 164 163 200 201
f 338 337 5056 5057
f 165 5064 5063 164
f 165 164 201 202
f 5062 5059 908 5087
f 338 289 359 319
f 5304 5307 5249 5210
f 3750 3751 245 246
f 3749 3750 246 244
f 3748 3749 244 714
f 714 715 3747 3748
f 315 360 5074 5139
f 5136 5074 360 361
f 5137 5138 359 289
f 310 315 342 316
f 305 310 316 311
f 300 305 311 306
f 306 301 276 300
f 276 301 296 277
f 293 5071 279 278
f 378 377 712 379
f 301 302 297 296
f 298 297 302 303
f 4858 5128 5078 32
f 4865 5129 5080 53
f 53 5080 5082 52
f 4889 52 5082 5131
f 4883 33 5077 5130
f 144 82 5083 5085
f 219 197 5088 5090
f 260 219 5090 5092
f 283 5095 5094 284
f 284 5094 5089 198
f 715 716 3746 3747
f 204 5147 5140 5070
f 281 5095 5097 339
f 5239 5247 5099 870
f 89 5084 5086 151
f 188 5100 5086 150
f 905 5100 5088 197
f 5250 5061 5062 5304
f 867 870 5099 5098
f 143 142 5210 5249
f 6772 51 5081 6783
f 6780 28 5079 6784
f 1098 1072 5103 5105
f 1091 1065 5102 5104
f 1124 1098 5105 5107
f 1117 1091 5104 5106
f 1150 1124 5107 5109
f 1143 1117 5106 5108
f 1176 1150 5109 5111
f 1169 1143 5108 5110
f 1202 1176 5111 5113
f 1195 1169 5110 5112
f 1195 5112 5114 1226
f 1227 1202 5113 5115
f 1228 1254 5117 5115
f 1221 1247 5116 5114
f 1247 1273 5118 5116
f 1254 1280 5119 5117
f 1280 1306 5121 5119
f 1273 1299 5120 5118
f 1337 1314 1313 1338
f 1343 1308 1309 1342
f 5123 1294 1295 5122
f 5120 1335 1347 1304
f 1350 1301 1302 1349
f 1345 1306 1314 1337
f 1334 5121 1306 1345
f 716 717 3745 3746
f 31 5079 5128 4858
f 54 5081 5129 4865
f 89 4883 5130 5084
f 82 4889 5131 5083
f 732 734 725 724
f 5220 5250 5304 5210
f 5096 337 320 288
f 5071 290 280 279
f 288 368 336 5096
f 5075 342 315 5139
f 5189 5330 5265 3741
f 5137 289 5052 5140
f 342 5075 5072 343
f 724 723 729 732
f 5140 5147 5076 5137
f 735 729 723 722
f 722 731 899 735
f 898 899 731 730
f 296 297 5053 5054
f 277 296 5054 5051
f 5051 5058 336 277
f 5096 336 5058 5132
f 5132 5056 337 5096
f 162 185 204 198
f 289 338 5057 5052
f 3700 898 730 3701
f 3701 726 5143 3700
f 5144 5143 726 713
f 5145 5144 713 3740
f 3740 712 5146 5145
f 712 377 5259 5146
f 5147 5068 5069 5076
f 5323 5142 901 5322
f 5147 204 185 5068
f 910 5091 124 118
f 3744 3745 717 721
f 721 720 3743 3744
f 5308 5101 5091 910
f 720 718 3742 3743
f 718 719 3741 3742
f 5307 5087 5101 5308
f 5178 5206 5207 5155
f 3741 719 5190 5189
f 5187 5186 5189 5190
f 5186 5187 5184 5183
f 5183 5184 5181 5180
f 5178 5177 5180 5181
f 5153 5177 5178 5155
f 5298 5299 916 3699
f 5215 5212 5163 5158
f 132 126 5063 5064
f 126 120 5065 5063
f 5219 5208 5157 5156
f 5258 5065 120 215
f 5216 5168 5169 5215
f 5208 5213 5165 5157
f 5218 5173 5166 5211
f 5214 5167 5168 5216
f 5211 5166 5167 5214
f 5217 5213 5170 5171
f 5221 5226 5172 5169
f 5217 5171 5173 5218
f 5168 5222 5221 5169
f 5167 5223 5222 5168
f 5325 5326 5177 5153
f 5181 5205 5206 5178
f 5326 5327 5180 5177
f 5327 5328 5183 5180
f 5256 5258 215 183
f 183 908 5254 5256
f 5328 5329 5186 5183
f 5329 5330 5189 5186
f 5202 5203 269 270
f 5203 5196 268 269
f 258 257 264 5188
f 259 258 5188 5185
f 5092 259 5185 5182
f 5182 5179 260 5092
f 5179 5176 903 260
f 5176 5067 220 903
f 5204 5202 270 5093
f 253 5194 5193 252
f 251 5195 5194 253
f 240 5191 5197 241
f 243 5192 5198 242
f 242 5198 5191 240
f 241 5197 5195 251
f 268 5196 5199 265
f 265 5199 5200 266
f 266 5200 5201 267
f 5093 271 5205 5204
f 271 911 5206 5205
f 911 737 5207 5206
f 141 5220 5210 142
f 5155 5207 5209 5154
f 5169 5172 5212 5215
f 5174 5175 5208 5219
f 5159 5216 5215 5158
f 5175 5170 5213 5208
f 5162 5218 5211 5161
f 5160 5214 5216 5159
f 5161 5211 5214 5160
f 5164 5165 5213 5217
f 5164 5217 5218 5162
f 5166 5224 5223 5167
f 5252 5254 908 5059
f 5251 5252 5059 5060
f 5050 5148 5251 5060
f 5050 5151 5149 5148
f 5219 5156 5150 5141
f 5173 5225 5224 5166
f 5171 5227 5225 5173
f 5171 5170 5228 5227
f 5292 5297 5226 5221
f 5170 5175 5229 5228
f 5300 5299 5228 5229
f 5209 5207 737 736
f 249 5230 5232 247
f 247 5232 5233 248
f 272 5234 5235 273
f 243 5231 5235 267
f 265 266 5234 5240
f 248 5233 5246 983
f 270 269 5237 5236
f 269 268 5238 5237
f 5093 270 5236 5247
f 268 265 5240 5238
f 736 737 5242 5241
f 737 911 5243 5242
f 985 5245 5244 984
f 983 5246 5245 985
f 271 5239 5243 911
f 271 5093 5247 5239
f 5241 895 894 738
f 5225 5296 5295 5224
f 143 5249 5133 5085
f 5085 5133 5248 144
f 5062 5087 5307 5304
f 120 124 5091 215
f 5153 5155 5154 5152
f 901 5142 5141 5150
f 5148 5068 185 5251
f 5146 5150 5156 5145
f 5156 5157 5144 5145
f 5252 5251 185 162
f 162 5253 5254 5252
f 5157 5165 5143 5144
f 5165 5164 3700 5143
f 5089 5253 162 198
f 5164 5162 898 3700
f 5253 5255 5256 5254
f 899 898 5162 5161
f 5089 203 5255 5253
f 5257 5255 203 199
f 163 5257 199 200
f 5257 5258 5256 5255
f 5258 5257 163 5065
f 735 899 5161 5160
f 729 735 5160 5159
f 5159 5158 732 729
f 5158 5163 734 732
f 5322 901 5259 5331
f 3745 3744 5262 5261
f 5546 5545 5267 5268
f 5283 5269 5268 5284
f 5282 5270 5269 5283
f 5551 5548 5270 5271
f 5554 5551 5271 5272
f 5558 5554 5272 5273
f 5562 5558 5273 5274
f 5559 5562 5274 5275
f 5278 5277 5276 5275
f 5271 5270 5282 5281
f 5268 5267 5285 5284
f 5274 5273 5279 5286
f 5275 5274 5286 5278
f 1043 5283 5284 1024
f 5272 5271 5281 5280
f 5273 5272 5280 5279
f 891 5282 5283 1043
f 1003 934 5277 5278
f 5259 901 5150 5146
f 5289 5287 5288 5290
f 5219 5141 5289 5174
f 5287 5289 5141 5142
f 5323 5333 5287 5142
f 5289 5290 5291 5174
f 5291 5229 5175 5174
f 5224 5295 5294 5223
f 5223 5294 5293 5222
f 5222 5293 5292 5221
f 5227 5298 5296 5225
f 5227 5228 5299 5298
f 920 733 5297 5292
f 738 916 5299 5300
f 5152 5154 5302 5303
f 5305 5306 5134 5066
f 5300 5229 5291 5301
f 5306 5061 193 5134
f 5300 5301 5209 736
f 5050 5306 5305 5151
f 5061 5306 5050 5060
f 5301 5302 5154 5209
f 738 5300 736 5241
f 5290 5302 5301 5291
f 5249 5307 5308 5133
f 5302 5290 5288 5303
f 5066 5134 220 5067
f 214 220 5134 193
f 193 909 906 214
f 909 192 184 906
f 139 184 192 140
f 140 78 77 139
f 4886 77 78 4885
f 4885 40 39 4886
f 38 39 40 41
f 4860 38 41 4861
f 5184 5204 5205 5181
f 5184 5187 5202 5204
f 5187 5190 5203 5202
f 5196 5203 5190 719
f 5199 5196 719 718
f 5200 5199 718 720
f 5201 5200 720 721
f 1342 1309 1312 1339
f 1301 1275 1276 1302
f 1275 1249 1250 1276
f 1224 1250 1249 1223
f 1199 1224 1223 1198
f 1198 1172 1173 1199
f 1172 1146 1147 1173
f 1146 1120 1121 1147
f 1120 1094 1095 1121
f 1094 1068 1069 1095
f 6777 1069 1068 6778
f 4861 42 37 4860
f 721 717 5192 5201
f 5198 5192 717 716
f 5191 5198 716 715
f 5197 5191 715 714
f 714 244 5195 5197
f 244 246 5194 5195
f 246 245 5193 5194
f 1294 5123 1341 1310
f 1302 1276 1277 1303
f 1288 1314 1306 1280
f 909 193 5061 5250
f 5250 5220 192 909
f 140 192 5220 141
f 141 79 78 140
f 5248 910 118 113
f 144 5248 113 108
f 82 144 108 100
f 5316 5125 1341 1326
f 5318 5316 1325 1328
f 5316 1326 1324 1325
f 1326 5314 5315 1324
f 5314 5313 1331 5315
f 5313 1323 1327 1331
f 5317 1327 1323 5312
f 5312 5311 1329 5317
f 1330 1329 5311 1320
f 1322 1330 1320 1332
f 1333 1322 1332 5309
f 5309 1316 1321 1333
f 1316 1317 5310 1321
f 1319 5310 1317 1318
f 1276 1250 1251 1277
f 1225 1251 1250 1224
f 1224 1199 1200 1225
f 1174 1200 1199 1173
f 1173 1147 1148 1174
f 1147 1121 1122 1148
f 1096 1122 1121 1095
f 1070 1096 1095 1069
f 6775 1070 1069 6777
f 4862 45 42 4861
f 4861 41 44 4862
f 41 40 43 44
f 4887 43 40 4885
f 4885 78 79 4887
f 4889 82 100 4874
f 4874 75 52 4889
f 53 52 75 74
f 4865 53 74 4872
f 4872 73 54 4865
f 6766 1080 1073 6767
f 1099 1073 1080 1106
f 1125 1099 1106 1132
f 1132 1158 1151 1125
f 1177 1151 1158 1184
f 1184 1210 1203 1177
f 1210 1236 1228 1203
f 1254 1228 1236 1262
f 1262 1288 1280 1254
f 5152 5324 5325 5153
f 5287 5333 5332 5288
f 5303 5288 5332 5334
f 5303 5334 5324 5152
f 5331 5259 377 373
f 375 373 377 378
f 376 364 409 412
f 451 455 358 357
f 380 381 362 370
f 5345 5346 356 357
f 457 356 5335 410
f 5341 5342 375 376
f 487 481 5336 5337
f 407 371 5336 481
f 487 5337 5338 493
f 3703 5339 374 405
f 3738 5340 370 403
f 404 362 5339 3703
f 408 369 5340 3738
f 375 378 364 376
f 418 420 470 450
f 498 418 450 505
f 505 449 416 498
f 414 416 449 448
f 412 414 448 411
f 376 412 411 5341
f 5331 373 5138 5137
f 375 5342 5138 373
f 5137 5076 5322 5331
f 5076 5069 5323 5322
f 5069 5149 5333 5323
f 5149 5151 5332 5333
f 5151 5305 5334 5332
f 5324 5334 5305 5066
f 5066 5067 5325 5324
f 363 5343 5344 358
f 357 358 5344 5345
f 356 5346 5347 5335
f 5075 5139 5346 5345
f 470 517 5361 5363
f 506 5362 5354 454
f 5364 5365 5335 5347
f 453 5353 5362 506
f 410 5355 5352 452
f 5335 5365 5355 410
f 452 5352 5353 453
f 470 5363 5354 450
f 517 534 5360 5361
f 534 551 5351 5360
f 551 568 5350 5351
f 568 585 5349 5350
f 585 602 5348 5349
f 602 619 5359 5348
f 619 636 5358 5359
f 636 653 5357 5358
f 653 670 5356 5357
f 670 687 5367 5356
f 687 704 5366 5367
f 5342 5341 5365 5364
f 5138 5136 361 359
f 5138 5342 5364 5136
f 5347 5074 5136 5364
f 701 707 5366 695
f 707 706 703 5366
f 703 709 710 702
f 706 705 709 703
f 705 711 708 709
f 662 679 687 670
f 670 653 645 662
f 653 636 628 645
f 636 619 611 628
f 619 602 594 611
f 577 594 602 585
f 585 568 560 577
f 568 551 543 560
f 551 534 526 543
f 534 517 422 526
f 420 422 517 470
f 5326 5325 5067 5176
f 5327 5326 5176 5179
f 5328 5327 5179 5182
f 5329 5328 5182 5185
f 5330 5329 5185 5188
f 5265 5330 5188 264
f 264 261 5264 5265
f 261 262 5263 5264
f 262 263 5262 5263
f 5261 5262 263 233
f 233 232 5260 5261
f 232 230 897 5260
f 230 231 5319 897
f 231 237 5266 5319
f 237 239 5320 5266
f 239 238 5321 5320
f 961 5375 5374 962
f 959 5379 5378 960
f 1023 5382 5380 963
f 958 5376 5379 959
f 957 5377 5381 1007
f 1047 5383 5382 1023
f 962 5374 5383 1047
f 874 964 5377 5373
f 5377 957 875 5373
f 1004 1005 944 937
f 936 943 1005 1004
f 5553 5563 5395 274
f 5398 1012 989 5397
f 988 5396 5397 989
f 5396 5400 5401 5397
f 5563 5564 5399 5395
f 5402 5398 5397 5401
f 5400 5404 5405 5401
f 5564 5565 5403 5399
f 5406 5402 5401 5405
f 5277 5411 5410 5276
f 5560 5566 5409 936
f 885 5407 5408 934
f 5411 5277 934 5408
f 885 739 933 5407
f 876 943 936 5409
f 871 872 5399 5403
f 5395 5399 872 272
f 5404 5400 980 873
f 988 979 1009 5396
f 1009 980 5400 5396
f 272 273 274 5395
f 868 871 5403 5412
f 860 869 868 5412
f 5759 866 874 5749
f 5748 877 876 5750
f 5760 5098 860 5751
f 5731 5418 5423 5730
f 5762 933 867 5753
f 5763 5411 5408 5754
f 5737 5425 5434 5736
f 5735 5433 5432 5738
f 5766 5406 5405 5756
f 5751 860 5412 5764
f 5743 5416 5426 5742
f 5733 5421 5429 5744
f 5742 5426 5427 5739
f 5750 876 5409 5758
f 5744 5429 5430 5734
f 5746 5567 5425 5737
f 5741 5424 5418 5731
f 5749 874 5373 5761
f 5729 5422 5415 5732
f 5747 5568 5431 5745
f 5450 5428 5427 5449
f 5443 5421 5415 5437
f 5435 5413 5434 5456
f 5433 5455 5454 5432
f 5426 5448 5449 5427
f 5444 5422 5413 5435
f 5424 5446 5440 5418
f 5421 5443 5451 5429
f 5567 5569 5447 5425
f 5439 5417 5423 5445
f 5442 5420 5419 5441
f 5441 5419 5431 5453
f 5429 5451 5452 5430
f 5418 5440 5445 5423
f 5422 5444 5437 5415
f 5416 5438 5448 5426
f 5568 5570 5453 5431
f 5436 5414 5417 5439
f 5425 5447 5456 5434
f 5455 5433 5430 5452
f 5438 5460 5470 5448
f 5570 5572 5475 5453
f 5458 5436 5439 5461
f 5447 5469 5478 5456
f 5477 5455 5452 5474
f 5472 5450 5449 5471
f 5465 5443 5437 5459
f 5457 5435 5456 5478
f 5455 5477 5476 5454
f 5448 5470 5471 5449
f 5466 5444 5435 5457
f 5446 5468 5462 5440
f 5443 5465 5473 5451
f 5569 5571 5469 5447
f 5461 5439 5445 5467
f 5464 5442 5441 5463
f 5463 5441 5453 5475
f 5451 5473 5474 5452
f 5440 5462 5467 5445
f 5444 5466 5459 5437
f 5639 5573 5491 5662
f 5668 5495 5496 5659
f 5667 5484 5489 5615
f 5674 5488 5481 5656
f 5673 5482 5492 5655
f 5638 5574 5497 5669
f 5662 5491 5500 5611
f 5610 5499 5498 5672
f 5655 5492 5493 5671
f 5654 5490 5484 5667
f 5618 5487 5495 5668
f 5710 5479 5500 5700
f 5713 5488 5479 5710
f 5717 5483 5489 5706
f 5718 5486 5485 5707
f 5707 5485 5497 5708
f 5721 5480 5483 5717
f 5701 5499 5496 5719
f 5705 5494 5493 5712
f 5704 5487 5481 5720
f 5540 5641 5620 5532
f 5526 5523 5614 5536
f 5609 5544 5538 5622
f 5641 5540 5578 5651
f 5524 5525 5529 5630
f 5537 5621 5646 5543
f 5645 5542 5530 5631
f 5532 5620 5619 5531
f 5543 5646 5622 5538
f 5640 5539 5580 5625
f 5642 5541 5542 5645
f 5577 5650 5613 5535
f 5525 5524 5631 5530
f 5542 5507 5519 5530
f 5541 5508 5507 5542
f 5544 5505 5511 5538
f 5575 5526 5536 5513
f 5526 5575 5516 5533
f 5509 5540 5532 5517
f 5512 5537 5543 5506
f 5539 5510 5501 5580
f 5514 5535 5534 5515
f 5521 5528 5529 5520
f 5580 5501 5522 5527
f 5540 5509 5503 5578
f 5533 5516 5515 5534
f 5528 5521 5518 5531
f 5513 5536 5527 5522
f 5579 5502 5505 5544
f 5576 5525 5530 5519
f 5504 5577 5535 5514
f 5673 5655 5470 5460
f 5655 5671 5471 5470
f 5472 5471 5671 5616
f 5571 5472 5616 5639
f 5639 5662 5469 5571
f 5662 5611 5478 5469
f 5457 5478 5611 5617
f 5269 5547 5546 5268
f 5270 5548 5547 5269
f 1011 5552 5549 1010
f 1011 1012 5553 5552
f 1010 5549 5550 1013
f 1021 5557 5555 1014
f 5275 5276 5560 5559
f 981 982 5556 5550
f 1015 5557 5561 227
f 227 5561 5556 982
f 1029 942 5545 5546
f 940 941 5548 5551
f 939 940 5551 5554
f 938 939 5554 5558
f 937 938 5558 5562
f 1004 937 5562 5559
f 1012 5398 5563 5553
f 5398 5402 5564 5563
f 5402 5406 5565 5564
f 5276 5410 5566 5560
f 5740 5428 5567 5746
f 5738 5432 5568 5747
f 5428 5450 5569 5567
f 5432 5454 5570 5568
f 5454 5476 5572 5570
f 5450 5472 5571 5569
f 5616 5494 5573 5639
f 5672 5498 5574 5638
f 5510 5539 5578 5503
f 5506 5543 5538 5511
f 5517 5532 5531 5518
f 5525 5576 5520 5529
f 5466 5457 5617 5674
f 5674 5656 5459 5466
f 5701 5585 5584 5711
f 5702 5587 5586 5712
f 5703 5590 5589 5714
f 5704 5592 5591 5715
f 5722 5603 5593 5716
f 5715 5591 5600 5719
f 5714 5589 5595 5706
f 5713 5588 5601 5720
f 5709 5581 5587 5702
f 5723 5604 5599 5708
f 5716 5593 5582 5700
f 5705 5594 5603 5722
f 5711 5584 5604 5723
f 5487 5618 5656 5481
f 5465 5459 5656 5618
f 5618 5668 5473 5465
f 5668 5659 5474 5473
f 5477 5474 5659 5610
f 5610 5672 5476 5477
f 5485 5670 5669 5497
f 5572 5476 5672 5638
f 5535 5613 5633 5534
f 5625 5580 5527 5628
f 5499 5610 5659 5496
f 5624 5579 5544 5609
f 5488 5674 5617 5479
f 5486 5660 5670 5485
f 5638 5669 5475 5572
f 5483 5661 5615 5489
f 5463 5475 5669 5670
f 5494 5616 5671 5493
f 5479 5617 5611 5500
f 5464 5463 5670 5660
f 5480 5612 5661 5483
f 5654 5667 5462 5468
f 5667 5615 5467 5462
f 5461 5467 5615 5661
f 5458 5461 5661 5612
f 5528 5629 5630 5529
f 5523 5526 5533 5632
f 5632 5533 5534 5633
f 5539 5640 5651 5578
f 5632 5633 5608 5607
f 5536 5614 5628 5527
f 5523 5632 5607 5648
f 5648 5664 5614 5523
f 5664 5606 5628 5614
f 5625 5628 5606 5653
f 5640 5625 5653 5643
f 5643 5666 5651 5640
f 5641 5651 5666 5644
f 5644 5637 5620 5641
f 5637 5636 5619 5620
f 5629 5619 5636 5605
f 5629 5528 5531 5619
f 5605 5658 5630 5629
f 5524 5630 5658 5649
f 5649 5657 5631 5524
f 5645 5631 5657 5626
f 5642 5645 5626 5623
f 5634 5627 5646 5621
f 5627 5635 5622 5646
f 5609 5622 5635 5647
f 5624 5609 5647 5652
f 5665 5663 5613 5650
f 5663 5608 5633 5613
f 5696 5697 5657 5649
f 5690 5688 5608 5663
f 5502 5504 5581 5602
f 5684 5696 5649 5658
f 5685 5684 5658 5605
f 5502 5579 5577 5504
f 5689 5688 5677 5676
f 5692 5694 5677 5675
f 5665 5650 5624 5652
f 5680 5689 5676 5678
f 5691 5680 5678 5679
f 5687 5666 5643 5679
f 5678 5676 5693 5686
f 5579 5624 5650 5577
f 5676 5677 5694 5693
f 5686 5693 5682 5698
f 5675 5677 5688 5690
f 5607 5608 5688 5689
f 5648 5607 5689 5680
f 5664 5648 5680 5691
f 5682 5681 5697 5696
f 5683 5681 5694 5692
f 5679 5678 5686 5687
f 5652 5647 5675 5690
f 5647 5635 5692 5675
f 5693 5694 5681 5682
f 5691 5653 5606 5664
f 5623 5626 5695 5634
f 5683 5692 5635 5627
f 5695 5697 5681 5683
f 5687 5686 5698 5699
f 5626 5657 5697 5695
f 5699 5698 5684 5685
f 5698 5682 5696 5684
f 5699 5644 5666 5687
f 5679 5643 5653 5691
f 5605 5636 5637 5685
f 5685 5637 5644 5699
f 5583 5710 5700 5582
f 5588 5713 5710 5583
f 5596 5717 5706 5595
f 5598 5718 5707 5597
f 5597 5707 5708 5599
f 5602 5721 5717 5596
f 5585 5701 5719 5600
f 5594 5705 5712 5586
f 5592 5704 5720 5601
f 5499 5701 5711 5498
f 5492 5702 5712 5493
f 5490 5703 5714 5484
f 5487 5704 5715 5495
f 5573 5722 5716 5491
f 5495 5715 5719 5496
f 5484 5714 5706 5489
f 5488 5713 5720 5481
f 5482 5709 5702 5492
f 5574 5723 5708 5497
f 5491 5716 5700 5500
f 5494 5705 5722 5573
f 5498 5711 5723 5574
f 5594 5586 5515 5516
f 5603 5594 5516 5575
f 5575 5513 5593 5603
f 5513 5522 5582 5593
f 5583 5582 5522 5501
f 5588 5583 5501 5510
f 5510 5503 5601 5588
f 5592 5601 5503 5509
f 5509 5517 5591 5592
f 5517 5518 5600 5591
f 5585 5600 5518 5521
f 5521 5520 5584 5585
f 5604 5584 5520 5576
f 5576 5519 5599 5604
f 5597 5599 5519 5507
f 5598 5597 5507 5508
f 5512 5506 5589 5590
f 5506 5511 5595 5589
f 5596 5595 5511 5505
f 5602 5596 5505 5502
f 5504 5514 5587 5581
f 5514 5515 5586 5587
f 5414 5726 5725 5417
f 5420 5724 5727 5419
f 5422 5729 5728 5413
f 5752 5731 5730 5761
f 5421 5733 5732 5415
f 5433 5735 5734 5430
f 5458 5612 5673 5460
f 5755 5737 5736 5764
f 5763 5735 5738 5765
f 5428 5740 5739 5427
f 5413 5728 5736 5434
f 5757 5743 5742 5768
f 5762 5733 5744 5769
f 5768 5742 5739 5756
f 5612 5480 5482 5673
f 5419 5727 5745 5431
f 5769 5744 5734 5754
f 5770 5746 5737 5755
f 5767 5741 5731 5752
f 5417 5725 5730 5423
f 5760 5729 5732 5753
f 5771 5747 5745 5758
f 5766 5740 5746 5770
f 5765 5738 5747 5771
f 5726 5759 5749 5725
f 5724 5748 5750 5727
f 5729 5760 5751 5728
f 5733 5762 5753 5732
f 5735 5763 5754 5734
f 5740 5766 5756 5739
f 5728 5751 5764 5736
f 5727 5750 5758 5745
f 5725 5749 5761 5730
f 5634 5621 5642 5623
f 875 5752 5761 5373
f 5709 5482 5480 5721
f 5403 5755 5764 5412
f 5411 5763 5765 5410
f 873 5757 5768 5404
f 933 5762 5769 5407
f 5404 5768 5756 5405
f 5709 5721 5602 5581
f 5407 5769 5754 5408
f 5565 5770 5755 5403
f 5384 5767 5752 875
f 5098 5760 5753 867
f 5566 5771 5758 5409
f 5406 5766 5770 5565
f 5410 5765 5771 5566
f 5695 5683 5627 5634
f 5652 5690 5663 5665
f 5541 5642 5621 5537
f 5508 5541 5537 5512
f 5512 5590 5598 5508
f 5718 5598 5590 5703
f 5703 5490 5486 5718
f 5660 5486 5490 5654
f 5464 5660 5654 5468
f 5442 5464 5468 5446
f 5446 5424 5420 5442
f 5724 5420 5424 5741
f 5748 5724 5741 5767
f 5767 5384 877 5748
f 5384 5386 950 877
f 1006 950 5386 5392
f 5392 5385 951 1006
f 5385 5389 952 951
f 5460 5438 5436 5458
f 5414 5436 5438 5416
f 5726 5414 5416 5743
f 5759 5726 5743 5757
f 5757 873 866 5759
f 861 866 873 980
f 5370 861 980 1009
f 864 5370 1009 979
f 865 864 979 978
f 5368 865 978 878
f 862 5368 878 881
f 863 862 881 879
f 5372 863 879 1051
f 5371 5372 1051 1026
f 5369 5371 1026 880
f 5389 5388 953 952
f 5388 5387 954 953
f 5387 5391 955 954
f 1048 955 5391 5394
f 5394 5393 1027 1048
f 5393 5390 956 1027
f 6184 6185 5772 4900
f 4955 4900 5772 5779
f 5780 5790 5784 5774
f 5789 5779 5772 5782
f 5790 5780 5776 5786
f 5781 5791 5787 5777
f 5791 5781 5775 5785
f 5778 5788 5783 5773
f 5800 5790 5786 5796
f 5791 5801 5797 5787
f 5801 5791 5785 5795
f 5788 5798 5793 5783
f 5790 5800 5794 5784
f 5799 5789 5782 5792
f 5843 5811 5807 5842
f 5849 5808 5803 5848
f 5852 5810 5804 5850
f 6356 6357 5857 5868
f 6313 5846 5857 6357
f 5828 5823 5813 5818
f 5830 5824 5814 5820
f 5820 5816 5826 5830
f 5831 5827 5817 5821
f 5821 5815 5825 5831
f 5819 5812 5822 5829
f 5811 5805 5815 5821
f 5821 5817 5807 5811
f 5810 5806 5816 5820
f 5820 5814 5804 5810
f 5818 5813 5803 5808
f 6318 6219 5846 6313
f 6317 6224 6219 6318
f 5809 5802 5812 5819
f 6224 6314 6315 6219
f 6219 6315 6316 5846
f 5811 5843 5844 5805
f 5809 5851 5845 5802
f 5810 5852 5847 5806
f 6428 6429 6235 6323
f 5861 5839 5832 5853
f 5862 5840 5836 5858
f 5841 5863 5859 5837
f 5863 5841 5835 5856
f 5838 5860 5854 5833
f 6355 6356 5868 6372
f 5840 5862 5855 5834
f 5872 5861 5853 5864
f 5873 5862 5858 5869
f 5846 6316 6329 5857
f 6322 6308 6345 6340
f 5863 5874 5870 5859
f 5874 5863 5856 5867
f 5860 5871 5865 5854
f 5862 5873 5866 5855
f 5916 5917 5888 5885
f 5924 5927 5876 5879
f 5912 5914 5881 5878
f 5928 5925 5883 5887
f 5921 5916 5885 5907
f 5926 5930 5897 5895
f 5929 5923 5898 5896
f 5914 5919 5901 5881
f 5929 5932 5900 5880
f 5931 5924 5879 5899
f 5925 5933 5908 5883
f 5930 5934 5910 5897
f 5886 5890 5918 5915
f 5875 5882 5913 5911
f 5906 5886 5915 5922
f 5882 5902 5920 5913
f 5892 5891 5927 5924
f 5894 5893 5925 5928
f 5889 5884 5930 5926
f 5880 5877 5923 5929
f 5896 5904 5932 5929
f 5903 5892 5924 5931
f 5893 5909 5933 5925
f 5884 5905 5934 5930
f 5976 5944 5940 5975
f 5981 5941 5936 5980
f 5984 5943 5937 5982
f 5961 5956 5946 5951
f 5963 5957 5947 5953
f 5953 5949 5959 5963
f 5964 5960 5950 5954
f 5954 5948 5958 5964
f 5952 5945 5955 5962
f 5944 5938 5948 5954
f 5954 5950 5940 5944
f 5943 5939 5949 5953
f 5953 5947 5937 5943
f 5951 5946 5936 5941
f 5942 5935 5945 5952
f 5944 5976 5977 5938
f 5942 5983 5978 5935
f 5943 5984 5979 5939
f 5992 5972 5965 5985
f 5993 5973 5969 5989
f 5974 5994 5990 5970
f 5994 5974 5968 5988
f 5971 5991 5986 5966
f 5973 5993 5987 5967
f 6002 5992 5985 5995
f 6003 5993 5989 5999
f 5994 6004 6000 5990
f 6004 5994 5988 5998
f 5991 6001 5996 5986
f 5993 6003 5997 5987
f 6046 6047 6018 6015
f 6054 6057 6006 6009
f 6042 6044 6011 6008
f 6058 6055 6013 6017
f 6051 6046 6015 6037
f 6056 6060 6027 6025
f 6059 6053 6028 6026
f 6044 6049 6031 6011
f 6059 6062 6030 6010
f 6061 6054 6009 6029
f 6055 6063 6038 6013
f 6060 6064 6040 6027
f 6016 6020 6048 6045
f 6005 6012 6043 6041
f 6036 6016 6045 6052
f 6012 6032 6050 6043
f 6022 6021 6057 6054
f 6024 6023 6055 6058
f 6019 6014 6060 6056
f 6010 6007 6053 6059
f 6026 6034 6062 6059
f 6033 6022 6054 6061
f 6023 6039 6063 6055
f 6014 6035 6064 6060
f 6106 6074 6070 6105
f 6111 6071 6066 6110
f 6114 6073 6067 6112
f 6091 6086 6076 6081
f 6093 6087 6077 6083
f 6083 6079 6089 6093
f 6094 6090 6080 6084
f 6084 6078 6088 6094
f 6082 6075 6085 6092
f 6074 6068 6078 6084
f 6084 6080 6070 6074
f 6073 6069 6079 6083
f 6083 6077 6067 6073
f 6081 6076 6066 6071
f 6072 6065 6075 6082
f 6074 6106 6107 6068
f 6072 6113 6108 6065
f 6073 6114 6109 6069
f 6122 6102 6095 6115
f 6123 6103 6099 6119
f 6104 6124 6120 6100
f 6124 6104 6098 6118
f 6101 6121 6116 6096
f 6103 6123 6117 6097
f 6132 6122 6115 6125
f 6133 6123 6119 6129
f 6124 6134 6130 6120
f 6134 6124 6118 6128
f 6121 6131 6126 6116
f 6123 6133 6127 6117
f 6140 6148 6144 6136
f 6144 6148 6156 6152
f 4996 5016 6519 6518
f 6701 6735 6708 6156
f 6522 6555 6138 6146
f 6149 6141 6137 6145
f 6142 6150 6146 6138
f 6150 6142 6136 6144
f 6141 6149 6143 6135
f 6157 6149 6145 6153
f 6150 6158 6154 6146
f 6158 6150 6144 6152
f 6149 6157 6151 6143
f 6340 6345 6348 6341
f 5010 5012 6491 6490
f 5848 6516 6475 5021
f 6066 6076 6496 6495
f 5035 6520 6535 5014
f 5848 5803 6515 6516
f 5946 5956 6507 6532
f 5878 5881 6565 6524
f 5853 5832 6527 6526
f 5801 5795 5866 5873
f 5873 5869 5797 5801
f 5022 5000 6476 6475
f 5864 5853 6526 6525
f 5874 5867 5997 6003
f 6004 5998 6127 6133
f 6133 6129 6000 6004
f 6003 5999 5870 5874
f 6128 6132 6151 6157
f 6134 6128 6157 6153
f 5011 5013 6489 6538
f 5975 5940 6547 6546
f 5833 6527 6513 5823
f 5005 5001 6476 6477
f 6313 6357 6351 6305
f 5907 5885 6493 6159
f 6320 6334 6329 6316
f 6225 6238 6245 6230
f 6289 6377 6241 4827
f 6242 6228 6230 6245
f 6222 6236 6247 6232
f 6303 6338 6334 6320
f 4803 4802 4801 6289
f 6231 6246 6239 6226
f 6441 4803 6289 4827
f 6246 6231 6232 6247
f 6385 6386 6246 6247
f 6386 6387 6239 6246
f 6385 6371 4844 4840
f 6335 6392 6332 6330
f 6373 6389 4841 4842
f 6235 6249 6234 6220
f 6389 6370 4847 4841
f 6264 6261 6260 6263
f 6261 6264 6262 6259
f 4827 6241 6392 6240
f 6212 6213 6197 6196
f 6209 6212 6196 6193
f 6229 6244 6277 6273
f 6300 6294 6260 6256
f 6295 4798 6294 6300
f 6296 6290 4798 6295
f 6296 6297 6291 6290
f 6291 6297 6298 6292
f 6298 6299 6293 6292
f 6280 6276 6275 6279
f 6278 6274 6276 6280
f 6193 6194 6210 6209
f 6194 6195 6211 6210
f 6195 6198 6214 6211
f 6437 6450 6293 6299
f 6450 6437 6436 6449
f 5035 5017 6519 6520
f 5817 5827 6539 6488
f 5858 5836 6540 6541
f 6356 6355 6353 6352
f 6207 6214 6198 6191
f 6274 6449 6436 6270
f 6270 6272 6276 6274
f 6272 6271 6275 6276
f 6447 6446 6302 6304
f 6269 6273 6275 6271
f 6229 6273 6269 6213
f 6207 6191 6192 6208
f 6215 6208 6192 6199
f 6199 6200 6216 6215
f 6205 6216 6200 6189
f 6190 6206 6205 6189
f 6217 6206 6190 6201
f 6201 6202 6218 6217
f 6319 6302 6303 6320
f 6321 6304 6302 6319
f 6335 6438 6240 6392
f 6333 6328 6329 6334
f 6306 6318 6313 6305
f 6203 6218 6202 6187
f 6188 6204 6203 6187
f 6233 6234 6249 6248
f 6307 6317 6318 6306
f 6188 6250 6254 6204
f 6361 4846 6383 6382
f 6315 6319 6320 6316
f 6314 6321 6319 6315
f 6424 6426 6262 6264
f 6323 6221 6258 6324
f 6330 6325 6328 6333
f 6418 4835 6361 6433
f 6354 6327 6326 6360
f 6428 6323 6324 6427
f 6335 6330 6333 6337
f 6337 6333 6334 6338
f 6382 6383 6237 6248
f 6434 6382 6248 6430
f 6356 6352 6351 6357
f 6350 6353 6355 6358
f 6350 6358 6359 6349
f 6358 6354 6360 6359
f 6367 6364 4826 4822
f 6366 6365 4823 4839
f 6365 6367 4822 4823
f 4837 4819 4818 4836
f 6422 6444 6445 6423
f 6423 6445 6446 6421
f 6421 6446 6447 6420
f 6369 6362 4828 4825
f 6378 6379 6326 6363
f 6332 6363 6326 6327
f 6376 6379 6364 6367
f 6388 6380 6365 6366
f 6380 6376 6367 6365
f 6378 6377 6362 6369
f 4825 4826 6364 6369
f 6433 6361 6382 6434
f 6374 6441 4827 6240
f 6369 6364 6379 6378
f 6359 6360 6376 6380
f 4843 4845 6387 6386
f 6349 6359 6380 6388
f 6327 6325 6330 6332
f 6381 6374 6240 6438
f 6327 6354 6372 6325
f 6443 6381 6438 6442
f 6360 6326 6379 6376
f 6242 6245 6389 6373
f 6247 6236 6371 6385
f 4835 4834 4846 6361
f 4840 4843 6386 6385
f 6245 6238 6370 6389
f 6363 6241 6377 6378
f 6322 6340 6427 6426
f 6340 6341 6428 6427
f 4834 4816 4814 4832
f 4833 4815 4820 4838
f 6341 6342 6429 6428
f 6243 6229 6213 6212
f 5046 5014 6535 6536
f 6264 6263 6425 6424
f 6227 6243 6212 6209
f 6431 6429 6342 6343
f 6430 6431 6343 6339
f 6434 6430 6339 6384
f 4374 6391 6432 4373
f 4374 4380 6336 6391
f 4380 4384 6393 6336
f 6249 6431 6430 6248
f 6235 6429 6431 6249
f 6384 6331 6433 6434
f 6337 6442 6438 6335
f 6227 6435 6439 6243
f 6392 6241 6363 6332
f 6358 6355 6372 6354
f 6254 6250 6251 6255
f 6419 6420 6447 6448
f 6338 6444 6442 6337
f 6448 6447 6304 6301
f 6302 6446 6445 6303
f 6244 6422 6423 6277
f 6440 6227 6209 6210
f 6423 6421 6279 6277
f 6243 6439 6244 6229
f 6440 6228 6242 6390
f 6280 6279 6421 6420
f 6422 6443 6442 6444
f 6278 6280 6420 6419
f 6257 6255 6251 6253
f 6331 4836 6418 6433
f 6324 6262 6426 6427
f 6262 6324 6258 6259
f 6210 6211 6228 6440
f 6445 6444 6338 6303
f 6147 6139 6135 6143
f 6143 6151 6155 6147
f 5836 5826 6539 6540
f 6554 6549 6148 6140
f 6026 6028 6499 6512
f 6029 6050 6484 6531
f 5024 5008 6491 6485
f 6253 6252 6256 6257
f 6288 6300 6256 6252
f 6211 6214 6230 6228
f 6225 6230 6214 6207
f 6279 6275 6273 6277
f 6122 6132 6128 6118
f 6225 6207 6208 6226
f 6295 6300 6288 6281
f 6281 6282 6296 6295
f 4993 4996 6518 6517
f 6435 6227 6440 6390
f 5868 5857 6329 6328
f 6049 6044 6010 6030
f 6007 6010 6044 6042
f 6047 6046 6014 6019
f 6035 6014 6046 6051
f 6038 6112 6111 6052
f 6113 6072 6068 6107
f 6072 6082 6078 6068
f 6082 6092 6088 6078
f 6092 6085 6095 6102
f 6043 6050 6029 6009
f 6041 6043 6009 6006
f 6017 6013 6045 6048
f 6052 6045 6013 6038
f 6114 6112 6038 6063
f 6063 6039 6109 6114
f 6483 6482 6109 6039
f 6112 6067 6071 6111
f 6067 6077 6081 6071
f 6077 6087 6091 6081
f 6092 6102 6098 6088
f 6094 6088 6098 6104
f 6102 6122 6118 6098
f 6274 6278 6451 6449
f 6342 6347 6344 6343
f 6343 6344 6346 6339
f 6339 6346 6375 6384
f 6384 6375 6368 6331
f 6331 6368 4837 4836
f 6435 6381 6443 6439
f 6439 6443 6422 6244
f 6231 6226 6208 6215
f 6215 6216 6232 6231
f 6222 6232 6216 6205
f 6206 6223 6222 6205
f 6282 6283 6297 6296
f 6298 6297 6283 6284
f 6284 6285 6299 6298
f 6285 6286 6437 6299
f 6233 6223 6206 6217
f 6217 6218 6234 6233
f 6453 6294 4798 4797
f 6290 4796 4797 4798
f 4796 6290 6291 4795
f 6452 6293 6450 6454
f 4794 6292 6293 6452
f 6292 4794 4795 6291
f 6454 6450 6449 6451
f 6263 6260 6294 6453
f 6455 6224 6317 6459
f 6312 6425 6461 6457
f 6460 6321 6314 6458
f 6224 6455 6458 6314
f 6459 6317 6307 6456
f 6425 6263 6453 6461
f 6301 6304 6321 6460
f 6469 6465 6467 6468
f 6471 6462 6463 6470
f 6472 6452 6454 6468
f 6473 4796 4795 6470
f 6471 4794 6452 6472
f 6312 6311 6424 6425
f 6451 6469 6468 6454
f 4794 6471 6470 4795
f 6466 6472 6468 6467
f 6462 6471 6472 6466
f 4796 6473 6474 4797
f 6460 6458 6467 6465
f 6426 6424 6311 6322
f 6419 6469 6451 6278
f 6460 6465 6448 6301
f 6453 4797 6474 6461
f 6419 6448 6465 6469
f 6459 6456 6463 6462
f 6455 6459 6462 6466
f 6310 6312 6457 6464
f 6310 6464 6456 6307
f 6466 6467 6458 6455
f 6323 6235 6220 6221
f 6220 6234 6218 6203
f 6220 6203 6204 6221
f 6286 6287 6436 6437
f 6270 6436 6287 6266
f 6119 6099 6557 6558
f 4953 4943 6160 6174
f 4943 4947 6161 6160
f 6182 6183 5783 5793
f 6183 6185 5773 5783
f 5775 4903 4955 5779
f 4975 4903 5775 5781
f 6186 6184 4900 4922
f 6171 6186 4922 4926
f 6171 6172 4916 4924
f 4963 4914 4917 4961
f 4918 4913 4963 4961
f 6176 6173 4914 4929
f 6175 6177 4911 4904
f 6177 6179 4951 4911
f 6180 6179 4950 4970
f 6178 6181 4949 4989
f 6178 6174 4952 4988
f 6180 4970 4949 6181
f 4958 4971 4948 4908
f 4956 4958 4908 4905
f 4928 4912 4960 4969
f 4987 4913 4918 4986
f 4986 4944 4945 4987
f 4966 4962 4919 4927
f 4927 4923 4964 4966
f 4923 4902 4954 4964
f 5781 5777 4946 4975
f 6168 6167 4946 5777
f 5774 5784 5788 5778
f 5798 5788 5784 5794
f 4942 4945 6163 6162
f 6170 6169 5787 5797
f 6169 6168 5777 5787
f 4972 4932 5776 5780
f 5780 5774 4902 4972
f 6166 6167 4932 4937
f 6165 6166 4937 4938
f 6164 6165 4938 4936
f 6164 6163 4945 4944
f 4976 4935 4936 4977
f 6162 6163 4935 4939
f 6160 6161 4933 4934
f 6174 6160 4934 4952
f 4936 4935 6163 6164
f 4944 4940 6165 6164
f 6542 6541 5859 5870
f 6541 6540 5837 5859
f 5840 5834 5824 5830
f 6488 6539 5826 5816
f 6487 6488 5816 5806
f 6486 6487 5806 5847
f 5036 5022 5845 5851
f 6485 6491 5012 5025
f 6490 6491 5008 5009
f 6538 6489 5006 5007
f 6537 6538 5007 5018
f 6536 6537 5018 5046
f 6536 6535 5015 5047
f 5034 5029 4995 5015
f 5028 5035 5014 4994
f 6520 5034 5015 6535
f 6520 6519 5016 5034
f 6518 6519 5017 4997
f 6517 6518 4997 4990
f 6477 6476 5000 5003
f 6475 6476 5001 5021
f 5844 5020 5036 5851
f 5049 5020 5844 5843
f 5843 5842 5025 5049
f 6516 6515 5802 5845
f 6515 6514 5812 5802
f 6514 6513 5822 5812
f 5830 5826 5836 5840
f 6540 6539 5827 5837
f 5841 5837 5827 5831
f 6526 6527 5833 5854
f 6525 6526 5854 5865
f 4940 4941 6166 6165
f 4941 4946 6167 6166
f 5786 5776 6168 6169
f 6266 6268 6272 6270
f 6268 6267 6271 6272
f 6204 6254 6258 6221
f 6259 6258 6254 6255
f 6236 6222 6223 6237
f 6371 6236 6237 6383
f 6383 4846 4844 6371
f 4832 4844 4846 4834
f 4838 4847 4845 4833
f 6387 4845 4847 6370
f 6370 6238 6239 6387
f 6238 6225 6226 6239
f 6261 6259 6255 6257
f 6257 6256 6260 6261
f 6267 6265 6269 6271
f 6213 6269 6265 6197
f 5796 5786 6169 6170
f 5776 4932 6167 6168
f 4971 6180 6181 4948
f 6501 6502 5986 5996
f 6502 6503 5966 5986
f 5971 5966 5956 5961
f 6532 6507 5955 5945
f 6533 6532 5945 5935
f 6534 6533 5935 5978
f 5908 5982 5981 5922
f 6159 6493 5886 5906
f 6494 6493 5885 5888
f 6524 6565 5882 5875
f 6565 6564 5902 5882
f 6563 6564 5901 5919
f 6562 6550 5900 5932
f 6562 6551 5903 5931
f 6551 6552 5892 5903
f 6552 6480 5891 5892
f 6550 5899 5920 6563
f 5913 5920 5899 5879
f 5911 5913 5879 5876
f 5887 5883 5915 5918
f 5922 5915 5883 5908
f 5984 5982 5908 5933
f 5933 5909 5979 5984
f 6528 6546 5979 5909
f 5982 5937 5941 5981
f 5937 5947 5951 5941
f 5947 5957 5961 5951
f 5957 5967 5971 5961
f 5973 5967 5957 5963
f 5963 5959 5969 5973
f 5991 5971 5967 5987
f 5987 5997 6001 5991
f 5872 6001 5997 5867
f 5861 5872 5867 5856
f 5839 5861 5856 5835
f 5831 5825 5835 5841
f 5835 5825 5829 5839
f 5829 5822 5832 5839
f 5819 5829 5825 5815
f 5809 5819 5815 5805
f 5851 5809 5805 5844
f 6486 5847 5024 6485
f 5048 5024 5847 5852
f 5852 5850 5023 5048
f 5020 4999 5031 5036
f 5032 5031 4999 5004
f 4992 4995 5029 5027
f 5026 5028 4994 4991
f 5002 4998 5030 5033
f 5037 5030 4998 5023
f 5023 5850 5849 5037
f 5849 5848 5021 5037
f 6516 5845 5022 6475
f 5850 5804 5808 5849
f 5804 5814 5818 5808
f 5814 5824 5828 5818
f 5824 5834 5838 5828
f 5838 5833 5823 5828
f 6527 5832 5822 6513
f 5860 5838 5834 5855
f 5855 5866 5871 5860
f 5799 5871 5866 5795
f 5795 5785 5789 5799
f 5779 5789 5785 5775
f 5774 5778 4954 4902
f 5778 5773 4901 4954
f 4965 4955 4903 4921
f 4967 4965 4921 4925
f 4925 4918 4961 4967
f 4977 4919 4912 4976
f 4919 4962 4960 4912
f 4968 4963 4913 4930
f 4906 4909 4959 4957
f 4970 4959 4909 4949
f 5919 5914 5880 5900
f 5877 5880 5914 5912
f 5917 5916 5884 5889
f 5905 5884 5916 5921
f 5976 5975 5910 5934
f 5934 5905 5977 5976
f 5921 5983 5977 5905
f 5983 5942 5938 5977
f 5942 5952 5948 5938
f 5952 5962 5958 5948
f 6500 6561 5969 5959
f 5974 5970 5960 5964
f 5964 5958 5968 5974
f 5972 5992 5988 5968
f 5992 6002 5998 5988
f 6127 5998 6002 6131
f 6117 6127 6131 6121
f 6121 6101 6097 6117
f 6104 6100 6090 6094
f 6505 6504 6116 6126
f 6504 6511 6096 6116
f 6556 6557 6099 6089
f 6093 6089 6099 6103
f 6103 6097 6087 6093
f 6496 6497 6085 6075
f 6495 6496 6075 6065
f 6553 6495 6065 6108
f 6106 6105 6040 6064
f 6064 6035 6107 6106
f 6035 6051 6113 6107
f 6510 6509 6016 6036
f 6508 6509 6015 6018
f 6545 6544 6012 6005
f 6544 6543 6032 6012
f 6484 6543 6031 6049
f 6531 6484 6049 6030
f 6530 6531 6030 6062
f 6530 6529 6033 6061
f 6529 6512 6022 6033
f 6512 6499 6021 6022
f 6498 6492 6023 6024
f 6483 6492 6027 6040
f 6111 6110 6036 6052
f 6051 6037 6108 6113
f 6510 6036 6110 6553
f 6482 6481 6069 6109
f 6481 6523 6079 6069
f 6523 6556 6089 6079
f 6091 6087 6097 6101
f 6101 6096 6086 6091
f 6497 6086 6096 6511
f 6558 6557 6100 6120
f 6506 6558 6120 6130
f 6478 6479 5893 5894
f 6528 6479 5897 5910
f 5921 5907 5978 5983
f 5981 5980 5906 5922
f 6159 5906 5980 6534
f 6546 6547 5939 5979
f 6547 6548 5949 5939
f 6548 6500 5959 5949
f 5958 5962 5972 5968
f 5962 5955 5965 5972
f 6507 5956 5966 6503
f 6560 6561 5970 5990
f 6559 6560 5990 6000
f 4989 4953 6174 6178
f 4988 4948 6181 6178
f 4788 4769 4766 4785
f 4791 4772 4771 4790
f 4752 4771 4772 4753
f 4747 4766 4769 4750
f 4728 4747 4750 4731
f 4709 4728 4731 4712
f 4733 4752 4753 4734
f 4714 4733 4734 4715
f 4690 4709 4712 4693
f 4695 4714 4715 4696
f 4696 4677 4676 4695
f 4671 4690 4693 4674
f 4652 4671 4674 4655
f 4657 4676 4677 4658
f 4658 4639 4638 4657
f 4633 4652 4655 4636
f 4614 4633 4636 4617
f 4595 4614 4617 4598
f 4639 4620 4619 4638
f 4620 4601 4600 4619
f 4601 4582 4581 4600
f 4582 4563 4562 4581
f 4563 4544 4543 4562
f 4576 4595 4598 4579
f 4557 4576 4579 4560
f 4538 4557 4560 4541
f 4541 4522 4519 4538
f 4544 4525 4524 4543
f 6748 6749 4476 4477
f 6750 6749 4495 4498
f 6750 6751 4478 4479
f 6751 6752 4488 4478
f 4443 4462 4465 4446
f 4417 4443 4446 4424
f 4409 4417 4424 4420
f 4355 4409 4420 4412
f 4351 4355 4412 4383
f 4350 4351 4383 4379
f 4363 4350 4379 4372
f 4372 4371 4348 4363
f 4448 4467 4468 4449
f 4426 4448 4449 4427
f 4427 4423 4422 4426
f 4423 4415 4414 4422
f 4415 4386 4385 4414
f 4381 4385 4386 4382
f 4376 4381 4382 4378
f 4378 4377 4375 4376
f 4971 4951 6179 6180
f 4910 4950 6179 6177
f 4907 4910 6177 6175
f 4931 4915 6173 6176
f 4926 4917 6172 6171
f 4924 4920 6186 6171
f 4920 4901 6184 6186
f 5782 5772 6185 6183
f 5792 5782 6183 6182
f 4901 5773 6185 6184
f 4915 4916 6172 6173
f 5842 6486 6485 5025
f 5842 5807 6487 6486
f 5910 5975 6546 6528
f 5920 5902 6564 6563
f 5803 5813 6514 6515
f 5813 5823 6513 6514
f 5047 5019 6537 6536
f 5807 5817 6488 6487
f 5869 5858 6541 6542
f 5019 5011 6538 6537
f 5896 5898 6480 6552
f 5940 5950 6548 6547
f 5907 6159 6534 5978
f 6034 6026 6512 6529
f 6020 6016 6509 6508
f 5995 5985 6502 6501
f 5890 5886 6493 6494
f 6008 6011 6544 6545
f 5999 5989 6560 6559
f 5895 5897 6479 6478
f 5980 5936 6533 6534
f 5955 6507 6503 5965
f 5931 5899 6550 6562
f 5985 5965 6503 6502
f 6062 6034 6529 6530
f 5900 6550 6563 5919
f 6105 6070 6481 6482
f 5932 5904 6551 6562
f 6037 6015 6509 6510
f 6129 6119 6558 6506
f 6070 6080 6523 6481
f 5909 5893 6479 6528
f 6080 6090 6556 6523
f 5904 5896 6552 6551
f 5950 5960 6500 6548
f 5989 5969 6561 6560
f 5960 5970 6561 6500
f 5881 5901 6564 6565
f 5936 5946 6532 6533
f 6076 6086 6497 6496
f 6110 6066 6495 6553
f 6025 6027 6492 6498
f 6090 6100 6557 6556
f 6037 6510 6553 6108
f 6125 6115 6504 6505
f 6040 6105 6482 6483
f 6115 6095 6511 6504
f 6061 6029 6531 6530
f 6660 6702 6137 6664
f 6011 6031 6543 6544
f 6039 6023 6492 6483
f 6085 6497 6511 6095
f 6050 6032 6543 6484
f 6139 6147 6549 6554
f 6700 6703 6702 6660
f 6002 5995 6126 6131
f 5872 5864 5996 6001
f 5799 5792 5865 5871
f 6704 6705 5798 5794
f 6707 6708 6193 6196
f 6705 6709 5793 5798
f 6710 6709 6250 6188
f 6710 6711 5792 6182
f 6711 6712 5865 5792
f 6713 6712 6202 6201
f 6713 6714 5864 6525
f 6715 6714 6190 6189
f 6715 6716 6501 5996
f 6717 6716 6200 6199
f 6717 6718 6126 5995
f 6718 6719 6505 6126
f 6719 6720 6125 6505
f 6721 6706 6197 6265
f 6723 6704 5794 5800
f 6723 6724 6288 6252
f 6725 6724 5796 6170
f 6725 6726 6282 6281
f 6726 6727 6283 6282
f 6728 6722 6267 6268
f 6729 6728 6268 6266
f 6729 6730 6129 6506
f 6731 6730 6287 6286
f 5870 5999 6559 6542
f 6732 6731 6286 6285
f 6733 6732 6285 6284
f 6733 6727 5869 6542
f 6607 6608 6579 6576
f 5033 5005 4990 5026
f 6615 6618 6567 6570
f 5002 5033 5026 4991
f 6603 6605 6572 6569
f 5043 5002 4991 5042
f 5042 5006 5009 5043
f 6619 6616 6574 6578
f 6612 6607 6576 6598
f 6490 5009 5006 6489
f 6617 6621 6588 6586
f 6489 5013 5010 6490
f 6620 6614 6589 6587
f 6605 6610 6592 6572
f 6620 6623 6591 6571
f 6622 6615 6570 6590
f 6616 6624 6599 6574
f 6621 6625 6601 6588
f 6577 6581 6609 6606
f 5041 5010 5013 5038
f 6566 6573 6604 6602
f 5038 4992 5004 5041
f 6597 6577 6606 6613
f 6573 6593 6611 6604
f 4992 5027 5032 5004
f 6583 6582 6618 6615
f 5027 4993 5003 5032
f 6585 6584 6616 6619
f 6477 5003 4993 6517
f 6580 6575 6621 6617
f 6517 4990 5005 6477
f 6571 6568 6614 6620
f 6587 6595 6623 6620
f 6594 6583 6615 6622
f 6584 6600 6624 6616
f 6575 6596 6625 6621
f 6667 6635 6631 6666
f 6672 6632 6627 6671
f 6675 6634 6628 6673
f 6652 6647 6637 6642
f 6654 6648 6638 6644
f 6644 6640 6650 6654
f 6655 6651 6641 6645
f 6645 6639 6649 6655
f 6643 6636 6646 6653
f 6635 6629 6639 6645
f 6645 6641 6631 6635
f 6634 6630 6640 6644
f 6644 6638 6628 6634
f 6642 6637 6627 6632
f 6633 6626 6636 6643
f 6635 6667 6668 6629
f 6633 6674 6669 6626
f 6634 6675 6670 6630
f 6627 6637 6682 6681
f 6175 4904 4931 6176
f 6587 6589 6685 6690
f 6590 6611 6679 6694
f 6610 6605 6571 6591
f 6568 6571 6605 6603
f 4969 4931 4904 4956
f 4928 4969 4956 4905
f 6608 6607 6575 6580
f 6596 6575 6607 6612
f 6599 6673 6672 6613
f 6674 6633 6629 6668
f 6633 6643 6639 6629
f 6643 6653 6649 6639
f 6653 6646 6656 6663
f 6604 6611 6590 6570
f 6602 6604 6570 6567
f 4982 4928 4905 4981
f 4981 4933 4939 4982
f 6578 6574 6606 6609
f 6613 6606 6574 6599
f 6675 6673 6599 6624
f 6624 6600 6670 6675
f 6678 6677 6670 6600
f 6673 6628 6632 6672
f 6628 6638 6642 6632
f 6638 6648 6652 6642
f 6653 6663 6659 6649
f 6655 6649 6659 6665
f 6665 6661 6651 6655
f 6699 6700 6660 6650
f 6654 6650 6660 6664
f 6664 6658 6648 6654
f 6682 6683 6646 6636
f 6681 6682 6636 6626
f 6698 6681 6626 6669
f 6667 6666 6601 6625
f 6625 6596 6668 6667
f 6596 6612 6674 6668
f 6688 6687 6577 6597
f 6686 6687 6576 6579
f 6162 4939 4933 6161
f 6161 4947 4942 6162
f 6697 6696 6573 6566
f 6696 6695 6593 6573
f 6679 6695 6592 6610
f 6694 6679 6610 6591
f 6693 6694 6591 6623
f 6693 6692 6594 6622
f 6692 6690 6583 6594
f 6690 6685 6582 6583
f 4980 4942 4947 4973
f 4973 4906 4930 4980
f 6684 6680 6584 6585
f 6678 6680 6588 6601
f 6672 6671 6597 6613
f 6612 6598 6669 6674
f 6688 6597 6671 6698
f 6677 6676 6630 6670
f 6676 6691 6640 6630
f 6691 6699 6650 6640
f 6652 6648 6658 6662
f 6662 6657 6647 6652
f 6683 6647 6657 6689
f 6595 6587 6690 6692
f 6581 6577 6687 6686
f 6569 6572 6696 6697
f 6623 6595 6692 6693
f 6666 6631 6676 6677
f 6598 6576 6687 6688
f 6631 6641 6691 6676
f 6641 6651 6699 6691
f 6637 6647 6683 6682
f 6671 6627 6681 6698
f 6586 6588 6680 6684
f 6651 6661 6700 6699
f 6598 6688 6698 6669
f 6601 6666 6677 6678
f 6622 6590 6694 6693
f 4906 4957 4968 4930
f 4957 4907 4929 4968
f 6572 6592 6695 6696
f 6176 4929 4907 6175
f 6600 6584 6680 6678
f 6646 6683 6689 6656
f 6611 6593 6695 6679
f 6689 6657 6139 6554
f 6554 6140 6656 6689
f 6657 6662 6135 6139
f 6141 6135 6662 6658
f 6658 6664 6137 6141
f 6140 6136 6663 6656
f 6659 6663 6136 6142
f 6142 6138 6665 6659
f 6661 6665 6138 6555
f 6549 6701 6156 6148
f 6147 6155 6701 6549
f 6734 6720 6198 6195
f 6735 6734 6195 6194
f 6708 6735 6194 6193
f 6703 6700 6661 6555
f 6555 6137 6702 6703
f 6145 6137 6555 6522
f 6155 6734 6735 6701
f 6722 6721 6265 6267
f 6253 6251 6705 6704
f 6251 6250 6709 6705
f 6182 5793 6709 6710
f 6188 6187 6711 6710
f 6187 6202 6712 6711
f 6525 5865 6712 6713
f 6201 6190 6714 6713
f 5996 5864 6714 6715
f 6189 6200 6716 6715
f 5995 6501 6716 6717
f 6199 6192 6718 6717
f 6192 6191 6719 6718
f 6191 6198 6720 6719
f 6196 6197 6706 6707
f 6252 6253 6704 6723
f 5800 5796 6724 6723
f 6281 6288 6724 6725
f 6170 5797 6726 6725
f 5797 5869 6727 6726
f 6153 6521 6130 6134
f 6506 6130 6728 6729
f 6266 6287 6730 6729
f 6000 6129 6730 6731
f 6559 6000 6731 6732
f 6542 6559 6732 6733
f 6284 6283 6727 6733
f 6132 6125 6155 6151
f 6734 6155 6125 6720
f 6152 6156 6708 6707
f 6158 6152 6707 6706
f 6706 6721 6154 6158
f 6153 6145 6522 6521
f 6146 6154 6521 6522
f 6130 6521 6722 6728
f 6521 6154 6721 6722
f 6456 6464 6736 6463
f 6461 6474 6473 6457
f 6470 6463 6736 6473
f 6457 6473 6736 6464
f 6307 6306 6309 6310
f 6306 6305 6308 6309
f 6305 6351 6345 6308
f 6351 6352 6348 6345
f 6352 6353 6347 6348
f 6344 6347 6353 6350
f 6346 6344 6350 6349
f 6375 6346 6349 6388
f 6388 6366 6368 6375
f 6366 4839 4837 6368
f 4839 4821 4819 4837
f 6417 6418 4836 4818
f 6414 6415 4790 4771
f 4793 4774 4772 4791
f 4774 4755 4753 4772
f 6413 6414 4771 4752
f 6412 6413 4752 4733
f 4755 4736 4734 4753
f 4736 4717 4715 4734
f 4717 4698 4696 4715
f 4677 4696 4698 4679
f 4679 4660 4658 4677
f 4639 4658 4660 4641
f 4641 4622 4620 4639
f 4622 4603 4601 4620
f 4603 4584 4582 4601
f 4563 4582 4584 4565
f 4565 4546 4544 4563
f 4546 4527 4525 4544
f 6753 6752 4507 4502
f 6753 6754 4482 4483
f 4464 4469 4488 4483
f 4483 4482 4463 4464
f 4449 4468 4470 4451
f 4451 4432 4427 4449
f 4423 4427 4432 4431
f 4415 4423 4431 4428
f 4428 4265 4386 4415
f 4382 4386 4265 4266
f 4378 4382 4266 4267
f 4377 4378 4267 4268
f 4376 4375 6432 6391
f 6391 6336 4381 4376
f 6336 6393 4385 4381
f 4414 4385 6393 6394
f 4422 4414 6394 6395
f 4426 4422 6395 6396
f 6396 6397 4448 4426
f 6397 6398 4467 4448
f 4461 4463 4482 4480
f 4454 4461 4480 4473
f 6755 6754 4501 4499
f 6756 6755 4499 4492
f 6401 6402 4543 4524
f 4562 4543 6402 6403
f 6403 6404 4581 4562
f 4600 4581 6404 6405
f 6405 6406 4619 4600
f 4638 4619 6406 6407
f 6407 6408 4657 4638
f 6408 6409 4676 4657
f 6409 6410 4695 4676
f 6410 6411 4714 4695
f 6411 6412 4733 4714
f 6524 5875 5890 6494
f 6494 5888 5878 6524
f 5912 5878 5888 5917
f 5918 5890 5875 5911
f 5887 5918 5911 5876
f 5928 5887 5876 5927
f 5927 5891 5894 5928
f 6478 5894 5891 6480
f 6480 5898 5895 6478
f 5926 5895 5898 5923
f 5923 5877 5889 5926
f 5877 5912 5917 5889
f 6545 6005 6020 6508
f 6508 6018 6008 6545
f 6042 6008 6018 6047
f 6007 6042 6047 6019
f 6053 6007 6019 6056
f 6056 6025 6028 6053
f 6499 6028 6025 6498
f 6498 6024 6021 6499
f 6057 6021 6024 6058
f 6058 6017 6006 6057
f 6017 6048 6041 6006
f 6048 6020 6005 6041
f 6609 6581 6566 6602
f 6578 6609 6602 6567
f 6619 6578 6567 6618
f 6618 6582 6585 6619
f 6684 6585 6582 6685
f 6685 6589 6586 6684
f 6617 6586 6589 6614
f 6614 6568 6580 6617
f 6568 6603 6608 6580
f 6603 6569 6579 6608
f 6686 6579 6569 6697
f 6697 6566 6581 6686
f 4478 4488 4469 4459
f 4479 4478 4459 4460
f 4460 4457 4476 4479
f 4477 4476 4457 4458
f 4474 4477 4458 4455
f 4455 4456 4475 4474
f 4471 4475 4456 4452
f 4472 4471 4452 4453
f 4489 4472 4453 4470
f 4470 4468 4487 4489
f 4486 4487 4468 4467
f 4467 6398 6399 4486
f 6398 4466 4485 6399
f 4466 4465 4484 4485
f 4481 4484 4465 4462
f 4473 4481 4462 4454
f 4492 4499 4518 4511
f 4499 4501 4520 4518
f 4521 4520 4501 4502
f 4502 4507 4526 4521
f 4516 4526 4507 4497
f 4517 4516 4497 4498
f 4498 4495 4514 4517
f 4515 4514 4495 4496
f 4512 4515 4496 4493
f 4493 4494 4513 4512
f 4509 4513 4494 4490
f 4510 4509 4490 4491
f 4527 4510 4491 4508
f 4525 4527 4508 4506
f 4506 4505 4524 4525
f 4505 6400 6401 4524
f 6400 4504 4523 6401
f 4504 4503 4522 4523
f 4519 4522 4503 4500
f 4511 4519 4500 4492
f 4492 4500 6737 6756
f 4503 6738 6737 4500
f 4485 4484 6738 6739
f 6399 4485 6739 6740
f 6399 6740 6741 4486
f 4506 6742 6741 4505
f 4508 6743 6742 4506
f 4508 4491 6744 6743
f 4491 4490 6745 6744
f 4490 4494 6746 6745
f 4474 4475 6746 6747
f 4493 4496 6748 6747
f 4496 4495 6749 6748
f 4479 4476 6749 6750
f 4498 4497 6751 6750
f 4497 4507 6752 6751
f 4483 4488 6752 6753
f 4502 4501 6754 6753
f 4480 4482 6754 6755
f 4473 4480 6755 6756
f 1 6758 6757 2
f 1061 6760 6759 1062
f 1060 6761 6760 1061
f 1059 6762 6761 1060
f 1058 6763 6762 1059
f 1074 6764 6757 1057
f 1080 6766 6765 1079
f 103 6769 6768 64
f 1079 6765 6770 1078
f 5103 6783 6767 1073
f 1078 6770 6768 1077
f 1071 6773 6772 1072
f 1081 6769 6774 1076
f 1070 6775 6773 1071
f 1076 6774 6776 1075
f 1075 6776 6764 1074
f 1067 6779 6778 1068
f 5102 6784 6771 1066
f 1064 6781 6780 1065
f 1056 6758 6763 1058
f 1063 6782 6781 1064
f 1062 6759 6782 1063
f 34 6779 6771 31
f 1072 6772 6783 5103
f 1065 6780 6784 5102
f 42 6777 6778 37
f 45 6775 6777 42
f 73 6766 6767 54
f 11467 11466 6786 6785
f 6789 6790 6788 6787
f 11468 6792 6787 11467
f 6792 6793 6789 6787
f 6795 6796 6793 6792
f 11469 6795 6792 11468
f 6798 6799 6796 6795
f 11470 6798 6795 11469
f 6801 6802 6799 6798
f 11471 6801 6798 11470
f 6804 6805 6802 6801
f 11472 6804 6801 11471
f 6807 6808 6805 6804
f 11473 6807 6804 11472
f 6810 6811 6808 6807
f 11474 6810 6807 11473
f 6813 6814 6811 6810
f 11475 6813 6810 11474
f 11693 11692 6814 6813
f 11743 11693 6813 11475
f 6822 6823 6820 6819
f 11478 6822 6819 11477
f 11481 6831 6828 11480
f 6831 6830 6827 6828
f 11482 6834 6831 11481
f 6834 6833 6830 6831
f 11744 11695 6834 11482
f 11695 11697 6833 6834
f 11484 6839 6786 11466
f 6841 6840 6788 6790
f 6844 6843 6840 6841
f 11485 6842 6839 11484
f 6847 6846 6843 6844
f 11486 6845 6842 11485
f 6886 6885 6846 6847
f 11491 6887 6845 11486
f 6853 6852 6849 6850
f 11488 6851 6848 11487
f 6856 6855 6852 6853
f 11489 6854 6851 11488
f 6859 6858 6855 6856
f 11490 6857 6854 11489
f 11504 11509 6820 6823
f 11746 11508 6833 11697
f 11508 11506 6830 6833
f 11506 6864 6863 11505
f 11745 11502 6814 11692
f 11502 11500 6811 6814
f 11500 11499 6808 6811
f 11499 11498 6805 6808
f 11498 11497 6802 6805
f 11497 11496 6799 6802
f 11517 11495 6793 6796
f 11515 11516 6790 6789
f 11516 11514 6841 6790
f 11495 11515 6789 6793
f 11493 11494 6847 6844
f 11514 11493 6844 6841
f 11496 6867 6877 11517
f 11512 11513 6853 6850
f 11513 11511 6856 6853
f 11511 11492 6859 6856
f 11510 6888 6881 11512
f 6850 6849 6885 6886
f 11487 6848 6887 11491
f 11494 6880 6888 11510
f 6893 6889 6881 6888
f 6889 6890 6882 6881
f 6890 6891 6883 6882
f 6891 6892 6884 6883
f 6903 6899 6894 6898
f 6900 6901 6896 6895
f 6901 6902 6897 6896
f 6899 6900 6895 6894
f 6909 6905 6899 6903
f 6905 6906 6900 6899
f 6906 6907 6901 6900
f 6907 6908 6902 6901
f 6915 6911 6905 6909
f 6904 6908 6914 6910
f 6911 6912 6906 6905
f 6912 6913 6907 6906
f 6913 6914 6908 6907
f 137 133 6911 6915
f 6910 6914 136 132
f 133 134 6912 6911
f 134 135 6913 6912
f 135 136 6914 6913
f 6863 6864 6920 6919
f 6921 6920 6864 6865
f 11700 6921 6865 11698
f 6917 6916 6860 6861
f 6926 6925 6869 6870
f 6928 6927 6871 6872
f 6925 6924 6868 6869
f 6927 6926 6870 6871
f 6924 6923 6867 6868
f 6933 6932 6876 6877
f 6934 6935 6879 6878
f 6932 6930 6874 6876
f 6931 6934 6878 6875
f 6935 6936 6880 6879
f 6930 6931 6875 6874
f 6893 6888 6880 6936
f 6867 6923 6933 6877
f 6898 6943 6944 6903
f 6903 6944 6945 6909
f 6909 6945 6946 6915
f 6915 6946 170 137
f 6957 6958 6952 6951
f 6954 6957 6951 6948
f 6955 6953 6947 6949
f 6956 6955 6949 6950
f 6953 6954 6948 6947
f 6943 6952 6958 6944
f 6971 6970 6962 6963
f 6970 6965 6937 6962
f 6972 6971 6963 6964
f 6965 6966 6938 6937
f 6966 6967 6939 6938
f 6950 6939 6967 6956
f 6983 6982 6955 6956
f 6956 6967 6988 6983
f 6981 6984 6957 6954
f 6984 6985 6958 6957
f 6992 6991 6970 6971
f 6991 6986 6965 6970
f 6993 6992 6971 6972
f 6986 6987 6966 6965
f 6980 6981 6954 6953
f 11705 6993 6972 11703
f 6987 6988 6967 6966
f 6982 6980 6953 6955
f 6944 6958 6985 6945
f 6945 6985 6996 6946
f 6946 6996 221 170
f 7000 6999 6982 6983
f 6999 6997 6980 6982
f 6997 6998 6981 6980
f 7007 7008 7002 6984
f 7003 7004 6998 6997
f 6984 7002 6996 6985
f 7006 7005 6999 7000
f 7008 235 228 7002
f 7005 7003 6997 6999
f 7009 7010 7008 7007
f 7010 238 235 7008
f 11840 11839 7013 7014
f 11839 11841 7011 7013
f 11841 11842 7012 7011
f 7028 7027 6992 6993
f 7026 7023 6986 6991
f 7027 7026 6991 6992
f 7024 7025 6988 6987
f 11707 7028 6993 11705
f 7023 7024 6987 6986
f 7031 7032 7025 7024
f 7030 7031 7024 7023
f 7033 7030 7023 7026
f 7000 6983 6988 7025
f 7000 7025 7032 7006
f 11843 11844 7036 7035
f 11840 11844 7042 7020
f 11804 11812 7036 7014
f 11849 7577 7041 11843
f 7585 7584 7667 7668
f 295 7062 7602 5135
f 7050 7051 7049 7048
f 11710 11709 7051 7050
f 6975 7049 7051 6978
f 11709 11704 6978 7051
f 7059 7060 7602 11687
f 292 7060 6977 202
f 6977 7060 7059 6976
f 11687 7602 7062 7061
f 5135 7602 7060 292
f 6974 7053 11686 6979
f 6976 7059 7049 6975
f 7044 7045 7066 7065
f 7099 7082 7081 7100
f 7067 7068 7072 7071
f 7065 7066 7070 7069
f 308 7072 7068 303
f 7071 7072 7076 7075
f 7069 7070 7074 7073
f 313 7076 7072 308
f 7075 7076 7080 7079
f 7073 7074 7078 7077
f 318 7080 7076 313
f 7096 7055 7121 7122
f 7056 7083 7097 7096
f 7126 7125 7044 7090
f 7087 7086 7085 7084
f 7088 7089 7086 7087
f 7065 7091 7090 7044
f 7069 7092 7091 7065
f 7073 7093 7092 7069
f 7077 7094 7093 7073
f 7055 7095 7094 7077
f 7096 7097 7095 7055
f 7056 7089 7088 7083
f 7081 7082 7086 7089
f 7082 7057 7085 7086
f 5055 298 7064 11671
f 7125 7085 7057 7128
f 7047 7101 7050 7048
f 11710 11712 7102 7052
f 7052 7102 7103 7054
f 7120 7081 7089 7056
f 11684 11685 11763 11762
f 7079 7080 7105 7104
f 344 7105 7080 318
f 7083 7088 7109 7106
f 7106 7116 7097 7083
f 7093 7094 7114 7113
f 7090 7091 7111 7110
f 7108 7109 7088 7087
f 7091 7092 7112 7111
f 7126 7090 7110 7127
f 7094 7095 7115 7114
f 7107 7108 7087 7084
f 7116 7115 7095 7097
f 7092 7093 7113 7112
f 5073 11688 7105 344
f 7138 7124 7129 7139
f 7166 7167 7131 7132
f 7055 7077 7078 7121
f 7122 7120 7056 7096
f 7084 7085 7125 7126
f 7044 7125 7128 7045
f 7084 7126 7127 7107
f 7165 7166 7132 7134
f 456 7215 7119 363
f 5343 11946 11688 5073
f 7114 7115 7151 7150
f 7144 7145 7109 7108
f 7152 7151 7115 7116
f 7106 7109 7145 7142
f 7110 7111 7147 7146
f 7111 7112 7148 7147
f 7142 7152 7116 7106
f 7153 7143 7107 7127
f 7112 7113 7149 7148
f 7127 7110 7146 7153
f 7113 7114 7150 7149
f 7143 7144 7108 7107
f 7156 7154 7143 7153
f 7154 7155 7144 7143
f 7159 7157 7154 7156
f 7157 7158 7155 7154
f 7156 7153 7146 7147
f 7144 7155 7142 7145
f 7142 7155 7158 7152
f 7158 7150 7151 7152
f 7157 7149 7150 7158
f 7159 7148 7149 7157
f 7156 7147 7148 7159
f 7134 7132 7161 7160
f 7132 7131 7162 7161
f 7124 7169 7168 7129
f 11947 11690 11688 11946
f 7169 7172 7174 7173
f 7173 7174 7176 7175
f 7248 7247 7178 7177
f 7177 7178 7180 7179
f 7179 7180 7182 7181
f 7186 7187 7184 7183
f 7250 7251 7187 7186
f 7192 7193 7190 7189
f 7195 7196 7193 7192
f 7200 7201 7202 7203
f 7207 7198 7205 7206
f 7185 7168 7169 7173
f 7175 7188 7185 7173
f 7248 7249 7188 7175
f 7179 7194 7191 7177
f 7181 7197 7194 7179
f 7130 7163 7164 7123
f 7252 7200 7203 7253
f 7198 7199 7204 7205
f 7165 7202 7201 7166
f 7118 7211 7216 7117
f 11954 11955 7209 7208
f 11964 11956 7210 7254
f 11948 11949 11689 11753
f 11967 11957 7171 11944
f 7256 7219 7214 7255
f 7217 7218 7213 7212
f 7257 7222 7219 7256
f 7220 7221 7218 7217
f 7258 7225 7222 7257
f 7223 7224 7221 7220
f 510 469 7225 7258
f 467 468 7224 7223
f 11965 11956 7214 7227
f 7219 7228 7227 7214
f 7222 7229 7228 7219
f 7225 7230 7229 7222
f 469 475 7230 7225
f 11957 11954 7208 7171
f 7212 7170 7216 7217
f 7211 7220 7217 7216
f 7220 7211 7215 7223
f 456 467 7223 7215
f 7233 7234 7201 7200
f 7231 7232 7199 7198
f 7259 7233 7200 7252
f 7166 7201 7234 7167
f 7236 7167 7234 7240
f 7233 7239 7240 7234
f 7259 7260 7239 7233
f 7260 7259 7232 7238
f 7231 7237 7238 7232
f 7261 7245 7239 7260
f 7245 7246 7240 7239
f 11941 7241 7235 11940
f 7236 7240 7246 7242
f 7243 7244 7238 7237
f 7175 7176 7247 7248
f 7189 7190 7251 7250
f 7177 7191 7249 7248
f 7199 7252 7253 7204
f 11955 11964 7254 7209
f 7218 7256 7255 7213
f 7221 7257 7256 7218
f 7224 7258 7257 7221
f 468 510 7258 7224
f 7232 7259 7252 7199
f 7237 7231 7267 7266
f 7244 7261 7260 7238
f 7266 7265 7243 7237
f 7227 7228 7262 7263
f 7228 7229 7269 7262
f 11965 7227 7263 11963
f 7266 7267 7282 7281
f 7207 7267 7231 7198
f 7230 475 521 7268
f 7229 7230 7268 7269
f 7272 7273 7196 7195
f 7265 524 494 7243
f 7270 7274 7197 7181
f 7263 7262 7277 7278
f 7275 7276 7207 7206
f 7281 7282 7297 7296
f 7269 7268 7283 7284
f 7281 7280 7265 7266
f 7262 7269 7284 7277
f 7276 7282 7267 7207
f 11963 7263 7278 11962
f 7181 7182 7271 7270
f 7277 7284 7299 7292
f 7284 7283 7298 7299
f 7296 7295 7280 7281
f 11962 7278 7293 11953
f 7290 7291 7276 7275
f 7285 7289 7274 7270
f 7270 7271 7286 7285
f 7278 7277 7292 7293
f 7312 7311 7296 7297
f 7291 7297 7282 7276
f 7287 7288 7273 7272
f 7306 7312 7297 7291
f 7302 7303 7288 7287
f 7298 555 572 7313
f 7292 7299 7314 7307
f 7299 7298 7313 7314
f 7311 7310 7295 7296
f 11953 7293 7308 11952
f 7305 7306 7291 7290
f 7300 7304 7289 7285
f 7285 7286 7301 7300
f 7293 7292 7307 7308
f 7311 7312 7327 7326
f 7342 7341 7326 7327
f 7321 7327 7312 7306
f 7317 7318 7303 7302
f 7313 572 589 7328
f 7307 7314 7329 7322
f 7314 7313 7328 7329
f 7326 7325 7310 7311
f 11952 7308 7323 11951
f 7320 7321 7306 7305
f 7315 7319 7304 7300
f 7300 7301 7316 7315
f 7400 7415 694 677
f 7308 7307 7322 7323
f 7330 7334 7319 7315
f 7315 7316 7331 7330
f 7385 7400 677 660
f 7323 7322 7337 7338
f 7341 7342 7357 7356
f 7336 7342 7327 7321
f 660 643 7370 7385
f 7332 7333 7318 7317
f 7328 589 606 7343
f 643 626 7355 7370
f 7322 7329 7344 7337
f 7329 7328 7343 7344
f 7341 7340 7325 7326
f 11951 7323 7338 11950
f 7335 7336 7321 7320
f 7343 606 623 7358
f 7355 626 609 7340
f 7337 7344 7359 7352
f 7344 7343 7358 7359
f 7356 7355 7340 7341
f 11950 7338 7353 11961
f 7350 7351 7336 7335
f 7345 7349 7334 7330
f 7330 7331 7346 7345
f 592 7325 7340 609
f 7338 7337 7352 7353
f 7372 7371 7356 7357
f 7351 7357 7342 7336
f 7325 592 575 7310
f 7347 7348 7333 7332
f 7366 7372 7357 7351
f 7310 575 558 7295
f 7362 7363 7348 7347
f 7358 623 640 7373
f 7295 558 541 7280
f 7352 7359 7374 7367
f 7359 7358 7373 7374
f 7371 7370 7355 7356
f 11961 7353 7368 11960
f 7365 7366 7351 7350
f 7360 7364 7349 7345
f 7345 7346 7361 7360
f 7353 7352 7367 7368
f 7372 7387 7386 7371
f 7401 7386 7387 7402
f 7381 7387 7372 7366
f 7245 496 497 7246
f 7377 7378 7363 7362
f 7373 640 657 7388
f 7367 7374 7389 7382
f 7374 7373 7388 7389
f 7386 7385 7370 7371
f 11960 7368 7383 11959
f 7380 7381 7366 7365
f 7375 7379 7364 7360
f 7360 7361 7376 7375
f 514 7261 7244 495
f 7368 7367 7382 7383
f 7388 657 674 7403
f 7382 7389 7404 7397
f 7389 7388 7403 7404
f 7401 7400 7385 7386
f 11959 7383 7398 11958
f 7395 7396 7381 7380
f 7390 7394 7379 7375
f 7375 7376 7391 7390
f 7383 7382 7397 7398
f 7416 7401 7402 7417
f 7396 7402 7387 7381
f 11941 5338 492 7241
f 7392 7393 7378 7377
f 7405 7409 7394 7390
f 7390 7391 7406 7405
f 7398 7397 7412 7413
f 7411 7417 7402 7396
f 7407 7408 7393 7392
f 7403 674 691 7418
f 7397 7404 7419 7412
f 7404 7403 7418 7419
f 7416 7415 7400 7401
f 11958 7398 7413 11969
f 7410 7411 7396 7395
f 7425 7426 7411 7410
f 7431 7416 7417 7432
f 7415 7430 711 694
f 7420 7424 7409 7405
f 7405 7406 7421 7420
f 7414 7429 7421 7406
f 7426 7432 7417 7411
f 7422 7423 7408 7407
f 7418 691 708 7433
f 7412 7419 7434 7427
f 7419 7418 7433 7434
f 7416 7431 7430 7415
f 11969 7413 7428 11968
f 7428 7413 7412 7427
f 11968 7420 7421 7429
f 7425 7424 7420 7426
f 11842 11854 7021 7012
f 7447 7446 7235 7241
f 7436 7140 7141 7448
f 7160 7161 7453 7452
f 7163 7183 7184 7164
f 7453 7161 7162 7445
f 7449 7465 7467 7450
f 7462 7461 7597 7596
f 7469 7470 7468 7466
f 7471 7472 7470 7469
f 7473 7474 7472 7471
f 7475 7476 7474 7473
f 7477 7478 7476 7475
f 7479 7480 7478 7477
f 7483 7484 7482 7481
f 7485 7486 7484 7483
f 7487 7488 7486 7485
f 7489 7490 7488 7487
f 7491 7492 7490 7489
f 7493 7494 7492 7491
f 7461 7460 7598 7597
f 7686 7685 7500 7501
f 7501 7500 7503 7504
f 7504 7503 7506 7507
f 7507 7506 7509 7511
f 7515 7510 7527 7522
f 7521 7517 7522 7516
f 7511 7509 7514 7516
f 7516 7514 7519 7521
f 7520 7515 7522 7517
f 7516 7522 7527 7511
f 7521 7519 7524 7526
f 7510 7513 7508 7730
f 7514 804 810 7519
f 7525 7520 7517 7512
f 7491 7498 7499 7493
f 7489 7497 7498 7491
f 7487 7496 7497 7489
f 7503 788 792 7506
f 7463 7462 7596 7595
f 7020 7019 11839 11840
f 7466 7482 7484 7469
f 7469 7484 7486 7471
f 7471 7486 7488 7473
f 7473 7488 7490 7475
f 7475 7490 7492 7477
f 7477 7492 7494 7479
f 7470 7472 7530 7529
f 7478 7480 7534 7533
f 7476 7478 7533 7532
f 7474 7476 7532 7531
f 7472 7474 7531 7530
f 7529 7530 7536 7535
f 7533 7534 7540 7539
f 7530 7531 7537 7536
f 7531 7532 7538 7537
f 7532 7533 7539 7538
f 7535 7536 7542 7541
f 7539 7540 7546 7545
f 7536 7537 7543 7542
f 7537 7538 7544 7543
f 7538 7539 7545 7544
f 7541 7542 7548 7547
f 7545 7546 7552 7551
f 7542 7543 7549 7548
f 7543 7544 7550 7549
f 7544 7545 7551 7550
f 7547 7548 7554 7553
f 7551 7552 7558 7557
f 7548 7549 7555 7554
f 7549 7550 7556 7555
f 7550 7551 7557 7556
f 7553 7554 7560 7559
f 7557 7558 7564 7563
f 7554 7555 7561 7560
f 7555 7556 7562 7561
f 7556 7557 7563 7562
f 7711 7712 855 854
f 7725 7710 859 858
f 7712 7724 856 855
f 7724 7723 857 856
f 7723 7725 858 857
f 7666 7742 11973 7568
f 7742 7714 11972 11973
f 7664 7665 7567 11970
f 7702 7662 7569 11971
f 7665 7666 7568 7567
f 7662 7663 7570 7569
f 11845 7574 7573 11846
f 11846 7573 7576 11847
f 7672 7683 7675 7674
f 11855 11714 7574 11845
f 7638 7639 7645 7644
f 11847 7576 7577 11849
f 7583 7585 7668 7671
f 7674 7583 7671 7672
f 7645 7639 7640 7646
f 11850 7597 7598 11851
f 7470 7529 7588 7468
f 7535 7589 7588 7529
f 7541 7590 7589 7535
f 7547 7591 7590 7541
f 7553 7592 7591 7547
f 7559 7593 7592 7553
f 6995 7605 7604 6989
f 11699 11701 6928 6872
f 6917 6960 7606 6916
f 11715 11701 6929 7607
f 11715 11703 6972 6964
f 7608 7609 7606 6960
f 7604 7609 7608 6989
f 6923 6939 6950 6933
f 6926 6962 6937 6925
f 6893 6898 6894 6889
f 6928 6964 6963 6927
f 6934 6951 6952 6935
f 6890 6895 6896 6891
f 6930 6947 6948 6931
f 6924 6938 6939 6923
f 6889 6894 6895 6890
f 6927 6963 6962 6926
f 6935 6952 6943 6936
f 6931 6948 6951 6934
f 6933 6950 6949 6932
f 6898 6893 6936 6943
f 6925 6937 6938 6924
f 6932 6949 6947 6930
f 6891 6896 6897 6892
f 7460 7614 7615 7598
f 11851 7598 7615 11852
f 7506 792 798 7509
f 804 7514 7509 798
f 7519 810 816 7524
f 7450 7621 7622 7449
f 7617 7624 7625 7619
f 7623 7625 7624 7616
f 7594 7620 7619 7625
f 7594 7625 7623 7464
f 7502 7626 7627 7505
f 7527 7510 7730 7731
f 7511 7527 7731 7507
f 7521 7526 7512 7517
f 7523 7520 7525 7528
f 7518 7515 7520 7523
f 7515 7518 7513 7510
f 7626 7629 7628 7627
f 7689 7623 7616 7688
f 7689 7626 7502 7690
f 7618 7595 7596 7458
f 7727 7726 7495 7630
f 7496 7631 7632 7497
f 7497 7632 7633 7498
f 7498 7633 7634 7499
f 7694 7495 7481 7696
f 7692 7466 7468 7691
f 7695 7630 7495 7694
f 7692 7614 7460 7693
f 7696 7481 7482 7693
f 7687 7691 7468 7588
f 7661 7702 11971 7566
f 7579 7661 7566 7571
f 11713 7565 7574 11714
f 7714 970 5369 11972
f 7663 7664 11970 7570
f 7614 7572 7575 7615
f 7658 7659 11976 11979
f 7697 7687 7588 7589
f 11891 7716 935 5285
f 12145 12144 7721 7736
f 12146 12145 7736 7642
f 11888 7592 7593 11889
f 11887 7591 7592 11888
f 11886 7590 7591 11887
f 11892 7589 7590 11886
f 7732 7735 7593 7559
f 7645 7646 7652 7651
f 7720 949 956 7719
f 7644 7645 7651 7650
f 7647 7648 7654 7653
f 7699 7644 7650 7700
f 7646 7647 7653 7652
f 11991 11985 7656 7701
f 11988 11987 7659 7658
f 11989 11988 7658 7657
f 11992 5390 963 7715
f 11985 11989 7657 7656
f 11987 11990 7660 7659
f 11976 11975 7666 7665
f 11981 11977 7662 7702
f 11979 11976 7665 7664
f 11980 11979 7664 7663
f 11982 5380 970 7714
f 11977 11980 7663 7662
f 7722 7717 882 883
f 7669 7668 7667 7586
f 7019 7673 7677 7017
f 7670 7020 7042 7043
f 7670 7673 7019 7020
f 7745 7667 7584 7743
f 7646 7640 7641 7647
f 7647 7641 7642 7648
f 11853 5244 252 7022
f 7677 7678 7018 7017
f 11854 11853 7022 7021
f 12150 12147 7673 7670
f 12150 7670 7043 12151
f 7642 7736 7741 7648
f 7684 7683 7672 7681
f 7681 7672 7671 7682
f 12147 12148 7677 7673
f 7467 7465 7685 7686
f 7736 7721 7720 7741
f 7626 7689 7688 7629
f 7623 7689 7690 7464
f 7462 7694 7696 7461
f 7614 7692 7691 7459
f 7463 7695 7694 7462
f 7466 7692 7693 7482
f 7461 7696 7693 7460
f 7587 7459 7691 7687
f 7636 7587 7687 7697
f 11885 7697 7589 11892
f 7643 7699 7700 7649
f 11986 11991 7701 7655
f 11978 11981 7702 7661
f 7681 7682 7704 7705
f 7681 7705 7706 7684
f 7721 942 949 7720
f 7682 7669 7707 7704
f 12154 5555 1016 7708
f 7737 7744 7723 7724
f 882 7717 7718 880
f 12156 7698 7637 12157
f 7734 7747 7709 7586
f 7004 7009 7007 6998
f 7708 1016 984 7680
f 7741 7720 7719 7740
f 7586 7709 7707 7669
f 7746 7737 7724 7712
f 11983 11982 7714 7742
f 7682 7671 7668 7669
f 7713 7722 883 1014
f 7733 7738 7710 7725
f 7732 7746 7712 7711
f 11993 11992 7715 7739
f 854 935 7716 7711
f 7744 7733 7725 7723
f 7734 7745 7717 7722
f 12148 7707 7709 12153
f 6981 6998 7007 6984
f 7131 11940 7235 7162
f 7446 7445 7162 7235
f 7454 7447 725 734
f 7617 7621 7450 7624
f 7624 7450 7467 7616
f 7686 7688 7616 7467
f 7688 7686 7501 7629
f 7504 7628 7629 7501
f 7500 784 788 7503
f 7685 992 784 7500
f 992 7685 7465 781
f 781 7465 7449 748
f 7622 733 748 7449
f 11748 11856 7612 11913
f 11902 11901 7619 7620
f 11901 11900 7617 7619
f 11900 11899 7621 7617
f 11899 11898 7622 7621
f 7052 7054 11686 7053
f 7729 7728 7726 7727
f 7481 7495 7726 7483
f 7483 7726 7728 7485
f 7627 7730 7508 7505
f 7628 7731 7730 7627
f 7507 7731 7628 7504
f 7729 7631 7496 7728
f 7485 7728 7496 7487
f 7649 7582 7581 7643
f 11984 11986 7655 7580
f 7701 7656 11977 11981
f 7680 7679 7001 7708
f 7679 7018 7678 7001
f 7711 7716 7735 7732
f 7717 7745 7743 7718
f 7561 7562 7744 7737
f 7722 7713 7747 7734
f 7648 7741 7740 7654
f 7560 7561 7737 7746
f 11975 11983 7742 7666
f 7563 7564 7738 7733
f 7559 7560 7746 7732
f 11990 11993 7739 7660
f 7562 7563 7733 7744
f 7586 7667 7745 7734
f 12154 12158 7747 7713
f 12158 12153 7709 7747
f 13354 13353 7749 7748
f 13356 13355 6803 6800
f 13357 13356 6800 6797
f 13358 13357 6797 6794
f 13359 13358 6794 6791
f 13360 13353 6786 6839
f 13362 13361 6854 6857
f 13365 13364 7769 7773
f 13361 13366 6851 6854
f 13379 13363 6838 11696
f 13366 13364 6848 6851
f 13369 13368 6835 6832
f 13365 13370 6845 6887
f 13371 13369 6832 6829
f 13370 13372 6842 6845
f 13372 13360 6839 6842
f 13375 13374 6821 6818
f 13380 13367 6815 11694
f 13377 13376 6812 6809
f 13354 13359 6791 6785
f 13378 13377 6809 6806
f 13355 13378 6806 6803
f 7788 7789 7763 7762
f 7785 7786 7760 7759
f 7780 7781 7755 7754
f 7774 7776 7750 7748
f 7794 7793 7767 7768
f 7789 7790 7764 7763
f 7781 7782 7756 7755
f 7776 7777 7751 7750
f 7773 7769 7795 7799
f 7799 7794 7768 7773
f 11720 7791 7765 11718
f 7782 7783 7757 7756
f 7777 7778 7752 7751
f 7796 7795 7769 7770
f 11719 7784 7758 11717
f 7778 7779 7753 7752
f 7797 7796 7770 7771
f 7792 7775 7749 7766
f 7779 7780 7754 7753
f 7748 7749 7775 7774
f 7798 7797 7771 7772
f 7793 7792 7766 7767
f 7819 7818 7792 7793
f 7814 7815 7789 7788
f 7811 7812 7786 7785
f 7806 7807 7781 7780
f 7800 7802 7776 7774
f 7820 7819 7793 7794
f 7815 7816 7790 7789
f 7807 7808 7782 7781
f 7802 7803 7777 7776
f 7799 7795 7821 7825
f 7825 7820 7794 7799
f 11722 7817 7791 11720
f 7808 7809 7783 7782
f 7803 7804 7778 7777
f 7822 7821 7795 7796
f 11721 7810 7784 11719
f 7804 7805 7779 7778
f 7823 7822 7796 7797
f 7818 7801 7775 7792
f 7805 7806 7780 7779
f 7774 7775 7801 7800
f 7824 7823 7797 7798
f 7849 7848 7822 7823
f 7844 7827 7801 7818
f 7831 7832 7806 7805
f 7800 7801 7827 7826
f 7850 7849 7823 7824
f 7845 7844 7818 7819
f 7840 7841 7815 7814
f 7837 7838 7812 7811
f 7832 7833 7807 7806
f 7826 7828 7802 7800
f 7846 7845 7819 7820
f 7841 7842 7816 7815
f 7833 7834 7808 7807
f 7828 7829 7803 7802
f 7825 7821 7847 7851
f 7851 7846 7820 7825
f 11724 7843 7817 11722
f 7834 7835 7809 7808
f 7829 7830 7804 7803
f 7848 7847 7821 7822
f 11723 7836 7810 11721
f 7830 7831 7805 7804
f 7852 7854 7828 7826
f 7872 7871 7845 7846
f 7867 7868 7842 7841
f 7859 7860 7834 7833
f 7854 7855 7829 7828
f 7851 7847 7873 7877
f 7877 7872 7846 7851
f 11726 7869 7843 11724
f 7860 7861 7835 7834
f 7855 7856 7830 7829
f 7874 7873 7847 7848
f 11725 7862 7836 11723
f 7856 7857 7831 7830
f 7875 7874 7848 7849
f 7870 7853 7827 7844
f 7857 7858 7832 7831
f 7826 7827 7853 7852
f 7876 7875 7849 7850
f 7871 7870 7844 7845
f 7866 7867 7841 7840
f 7863 7864 7838 7837
f 7858 7859 7833 7832
f 7852 7853 7879 7878
f 7902 7901 7875 7876
f 7897 7896 7870 7871
f 7892 7893 7867 7866
f 7889 7890 7864 7863
f 7884 7885 7859 7858
f 7878 7880 7854 7852
f 7898 7897 7871 7872
f 7893 7894 7868 7867
f 7885 7886 7860 7859
f 7880 7881 7855 7854
f 7877 7873 7899 7903
f 7903 7898 7872 7877
f 11728 7895 7869 11726
f 7886 7887 7861 7860
f 7881 7882 7856 7855
f 7900 7899 7873 7874
f 11727 7888 7862 11725
f 7882 7883 7857 7856
f 7901 7900 7874 7875
f 7896 7879 7853 7870
f 7883 7884 7858 7857
f 7908 7909 7883 7882
f 7883 7909 7921 7884
f 7884 7921 7910 7885
f 7886 7911 7918 7887
f 7928 7927 7901 7902
f 11727 11729 7913 7888
f 7889 7914 7915 7890
f 7892 7917 7912 7893
f 7904 7906 7880 7878
f 7893 7912 7919 7894
f 7896 7897 7922 7923
f 7910 7911 7886 7885
f 7901 7927 7905 7900
f 7903 7899 7925 7929
f 7900 7905 7925 7899
f 11730 7920 7895 11728
f 7903 7929 7907 7898
f 7898 7907 7922 7897
f 7896 7923 7926 7879
f 7904 7878 7879 7926
f 7880 7906 7924 7881
f 7881 7924 7908 7882
f 7888 7913 7914 7889
f 7863 7862 7888 7889
f 7837 7836 7862 7863
f 7836 7837 7811 7810
f 7908 7924 7950 7934
f 7929 7925 7951 7955
f 7907 7929 7955 7933
f 11730 7919 7945 11732
f 7912 7917 7943 7938
f 7923 7922 7948 7949
f 7918 7911 7937 7944
f 7906 7904 7930 7932
f 7922 7907 7933 7948
f 11729 7918 7944 11731
f 7909 7908 7934 7935
f 7924 7906 7932 7950
f 7926 7923 7949 7952
f 7905 7927 7953 7931
f 7915 7914 7940 7941
f 7921 7909 7935 7947
f 7927 7928 7954 7953
f 7925 7905 7931 7951
f 7919 7912 7938 7945
f 7910 7921 7947 7936
f 7904 7926 7952 7930
f 7914 7913 7939 7940
f 7911 7910 7936 7937
f 11731 7944 7970 11733
f 7935 7934 7960 7961
f 7949 7948 7974 7975
f 7953 7954 7980 7979
f 7931 7953 7979 7957
f 7941 7940 7966 7967
f 7947 7935 7961 7973
f 7930 7952 7978 7956
f 7951 7931 7957 7977
f 7945 7938 7964 7971
f 7936 7947 7973 7962
f 7955 7951 7977 7981
f 7933 7955 7981 7959
f 7940 7939 7965 7966
f 7937 7936 7962 7963
f 7950 7932 7958 7976
f 7948 7933 7959 7974
f 11732 7945 7971 11734
f 7938 7943 7969 7964
f 7944 7937 7963 7970
f 7932 7930 7956 7958
f 7934 7950 7976 7960
f 7952 7949 7975 7978
f 7957 7979 8005 7983
f 7967 7966 7992 7993
f 7973 7961 7987 7999
f 7956 7978 8004 7982
f 7977 7957 7983 8003
f 7971 7964 7990 7997
f 7962 7973 7999 7988
f 7981 7977 8003 8007
f 7959 7981 8007 7985
f 7966 7965 7991 7992
f 7963 7962 7988 7989
f 7976 7958 7984 8002
f 7974 7959 7985 8000
f 11734 7971 7997 11736
f 7964 7969 7995 7990
f 7970 7963 7989 7996
f 7958 7956 7982 7984
f 7960 7976 8002 7986
f 7978 7975 8001 8004
f 11733 7970 7996 11735
f 7961 7960 7986 7987
f 7975 7974 8000 8001
f 7979 7980 8006 8005
f 11914 8008 8043 8044
f 8027 8039 8012 8024
f 8035 11739 11920 8016
f 11919 11918 11737 11738
f 8040 8041 8010 8011
f 11738 8033 8018 11919
f 8011 11915 8045 8040
f 8008 8009 8042 8043
f 8017 8020 8031 8034
f 11918 8015 8036 11737
f 11923 11921 11740 11742
f 8014 8022 8029 8037
f 8016 8017 8034 8035
f 11915 8013 8038 8045
f 8022 8021 8030 8029
f 8047 8036 8015 11917
f 8025 8014 8037 8026
f 8024 11914 8044 8027
f 11742 8031 8020 11923
f 11917 11916 8046 8047
f 8026 8038 8013 8025
f 8021 11922 11741 8030
f 8028 8032 8019 8023
f 8039 8046 11916 8012
f 11739 8028 8023 11920
f 8009 8010 8041 8042
f 11922 8019 8032 11741
f 11742 11740 7984 7982
f 7996 7989 8046 8039
f 8045 8038 7997 7990
f 8000 7985 11739 8035
f 11740 8033 8002 7984
f 11736 7997 8038 8026
f 8047 8046 7989 7988
f 8040 8045 7990 7995
f 7985 8007 8028 11739
f 8007 8003 8032 8028
f 8027 8044 7991 11735
f 7988 7999 8036 8047
f 8044 8043 7992 7991
f 11741 8032 8003 7983
f 7982 8004 8031 11742
f 7995 7994 8041 8040
f 11737 8036 7999 7987
f 8043 8042 7993 7992
f 8030 11741 7983 8005
f 6994 7604 7605 7029
f 11848 11852 7615 7575
f 7572 7614 7459 7635
f 6973 7609 7604 6994
f 7609 6973 7607 7606
f 7606 7607 6929 6916
f 6873 6860 6916 6929
f 11509 11501 6817 6820
f 6816 6819 6820 6817
f 11476 11477 6819 6816
f 13375 13367 7758 7759
f 7759 7758 7784 7785
f 7785 7784 7810 7811
f 8143 8089 8079 8142
f 8142 8079 8069 8141
f 8141 8069 8059 8140
f 8140 8059 8049 8139
f 8139 8049 8120 8147
f 8354 8348 8094 8144
f 8144 8094 8130 8148
f 8148 8130 8104 8145
f 8145 8104 8114 8146
f 8089 8088 8078 8079
f 8079 8078 8068 8069
f 8069 8068 8058 8059
f 8059 8058 8050 8049
f 8049 8050 8121 8120
f 8348 8347 8095 8094
f 8094 8095 8131 8130
f 8130 8131 8105 8104
f 8104 8105 8115 8114
f 8081 8082 8072 8071
f 8071 8072 8062 8061
f 8061 8062 8052 8051
f 8051 8052 8123 8122
f 8353 8352 8097 8096
f 8096 8097 8133 8132
f 8132 8133 8107 8106
f 8106 8107 8117 8116
f 8159 8193 8191 8217
f 8082 8083 8073 8072
f 8072 8073 8063 8062
f 8062 8063 8053 8052
f 8052 8053 8124 8123
f 8352 8351 8098 8097
f 8097 8098 8134 8133
f 8133 8134 8326 8336
f 8107 8108 8118 8117
f 1400 8187 8209 1529
f 8083 8084 8074 8073
f 8073 8074 8064 8063
f 8063 8064 8054 8053
f 8053 8054 8125 8124
f 8351 8350 8099 8098
f 8098 8099 8135 8134
f 8108 8336 8316 8325
f 8187 8191 8193 8209
f 8084 8085 8075 8074
f 8074 8075 8065 8064
f 8064 8065 8055 8054
f 8054 8055 8126 8125
f 8350 8357 8100 8099
f 8099 8100 8136 8135
f 8135 8136 8110 8109
f 8082 8159 8217 8083
f 8085 8086 8076 8075
f 8075 8076 8066 8065
f 8065 8066 8056 8055
f 8055 8056 8127 8126
f 8357 8356 8101 8100
f 8100 8101 8137 8136
f 8136 8137 8111 8110
f 1402 1403 8161 8163
f 8086 8087 8077 8076
f 8076 8077 8067 8066
f 8066 8067 8057 8056
f 8056 8057 8128 8127
f 8356 8355 8102 8101
f 8101 8102 8138 8137
f 8137 8138 8112 8111
f 1403 1473 8160 8161
f 1401 1402 8163 8164
f 1400 1401 8164 8187
f 8151 8152 7499 7634
f 8090 8143 8142 8080
f 8080 8142 8141 8070
f 8070 8141 8140 8060
f 8060 8140 8139 8048
f 8048 8139 8147 8119
f 8349 8354 8144 8093
f 8093 8144 8148 8129
f 8129 8148 8145 8103
f 8103 8145 8146 8113
f 8187 8164 8192 8191
f 8161 8160 8212 8211
f 8092 8194 8159 8082
f 8163 8161 8211 8210
f 8164 8163 8210 8192
f 8194 8162 8193 8159
f 8091 8092 8082 8081
f 8150 8149 7525 7512
f 8195 8150 7512 7526
f 8149 8196 7528 7525
f 8204 8203 8089 8143
f 8153 8197 7494 7493
f 8185 8184 7552 7546
f 8180 8181 7710 7738
f 8186 8185 7546 7540
f 8181 1497 859 7710
f 7738 7564 8182 8180
f 8188 8186 7540 7534
f 8190 8189 7480 7479
f 8183 8182 7564 7558
f 8189 8188 7534 7480
f 8184 8183 7558 7552
f 8171 8172 8188 8189
f 8176 8177 8182 8183
f 8170 8171 8189 8190
f 8175 8176 8183 8184
f 8174 8175 8184 8185
f 8173 8174 8185 8186
f 8179 8178 8181 8180
f 8172 8173 8186 8188
f 8180 8182 8177 8179
f 8178 1492 1497 8181
f 8165 8158 8175 8174
f 8158 8157 8176 8175
f 8157 8156 8177 8176
f 8169 8168 8171 8170
f 8179 8177 8156 8154
f 8168 8167 8172 8171
f 8154 8155 8178 8179
f 8167 8166 8173 8172
f 8166 8165 8174 8173
f 8202 8203 8152 8151
f 8201 8200 8149 8150
f 8199 8201 8150 8195
f 8200 8198 8196 8149
f 7493 7499 8152 8153
f 8204 8205 8197 8153
f 8088 8089 8203 8202
f 8190 8197 8205 8170
f 8143 8090 8205 8204
f 8092 8091 8198 8200
f 8153 8152 8203 8204
f 8162 8194 8201 8199
f 8194 8092 8200 8201
f 8170 8205 8090 8169
f 8190 7479 7494 8197
f 7524 816 1523 8206
f 8206 1523 1525 8207
f 8208 1527 1529 8209
f 8192 8210 8215 8216
f 8210 8211 8214 8215
f 8211 8212 8213 8214
f 8191 8192 8216 8217
f 8195 7526 7524 8206
f 8207 8199 8195 8206
f 8199 8207 8208 8162
f 8162 8208 8209 8193
f 8217 8216 8084 8083
f 8214 8213 8087 8086
f 8215 8214 8086 8085
f 8216 8215 8085 8084
f 8219 1540 1468 8155
f 8226 8225 8167 8168
f 8154 8156 8220 8218
f 8225 8224 8166 8167
f 8218 8219 8155 8154
f 8224 8223 8165 8166
f 8223 8222 8158 8165
f 8222 8221 8157 8158
f 8221 8220 8156 8157
f 8227 8226 8168 8169
f 8233 8232 8222 8223
f 8232 8231 8221 8222
f 8231 8230 8220 8221
f 8237 8236 8226 8227
f 8229 1551 1540 8219
f 8236 8235 8225 8226
f 8218 8220 8230 8228
f 8235 8234 8224 8225
f 8228 8229 8219 8218
f 8234 8233 8223 8224
f 8244 8238 8239 8245
f 8248 8242 8243 8249
f 8245 8239 8240 8246
f 10505 10504 8241 8247
f 8247 8241 8242 8248
f 8250 8244 8245 8251
f 8254 8248 8249 8255
f 8251 8245 8246 8252
f 10506 10505 8247 8253
f 8253 8247 8248 8254
f 8256 8250 8251 8257
f 8260 8254 8255 8261
f 8257 8251 8252 8258
f 10507 10506 8253 8259
f 8259 8253 8254 8260
f 8262 8256 8257 8263
f 8266 8260 8261 8267
f 8263 8257 8258 8264
f 10508 10507 8259 8265
f 8265 8259 8260 8266
f 8268 8262 8263 8269
f 8272 8266 8267 8273
f 8269 8263 8264 8270
f 10509 10508 8265 8271
f 8271 8265 8266 8272
f 1596 8268 8269 1597
f 1600 8272 8273 1601
f 1597 8269 8270 1598
f 3844 10509 8271 1599
f 1599 8271 8272 1600
f 8238 8244 8232 8233
f 8244 8250 8231 8232
f 8250 8256 8230 8231
f 8228 8230 8256 8262
f 8262 8268 8229 8228
f 8268 1596 1551 8229
f 8070 8237 8227 8080
f 8080 8227 8169 8090
f 8277 8276 8236 8237
f 8276 8275 8235 8236
f 8275 8274 8234 8235
f 8303 8313 8359 8358
f 8281 8280 8276 8277
f 8366 8285 8286 8365
f 8280 8279 8275 8276
f 8365 8286 8287 8364
f 8279 8278 8274 8275
f 8340 8303 8358 8362
f 8285 8339 8341 8295
f 10510 10515 8339 8285
f 8291 8290 8280 8281
f 8285 8295 8296 8286
f 8290 8289 8279 8280
f 8286 8296 8297 8287
f 8289 8288 8278 8279
f 8288 8292 8282 8278
f 8292 8293 8283 8282
f 10515 10511 8304 8339
f 8339 8304 8305 8341
f 8343 8342 8290 8291
f 8342 8344 8289 8290
f 8344 8345 8288 8289
f 8345 8346 8292 8288
f 8346 8340 8293 8292
f 8312 8313 8303 8302
f 10511 10512 8314 8304
f 8304 8314 8315 8305
f 8311 8310 8300 8301
f 8338 8337 8326 8109
f 8310 8309 8299 8300
f 8315 8316 8337 8305
f 8309 8308 8298 8299
f 8308 8312 8302 8298
f 8321 8322 8313 8312
f 10512 10513 8323 8314
f 8314 8323 8324 8315
f 8320 8319 8310 8311
f 8315 8324 8325 8316
f 8319 8318 8309 8310
f 8107 8133 8336 8108
f 8318 8317 8308 8309
f 8317 8321 8312 8308
f 8327 8331 8321 8317
f 8331 8332 8322 8321
f 10513 10514 8333 8323
f 8323 8333 8334 8324
f 8330 8329 8319 8320
f 8324 8334 8335 8325
f 8329 8328 8318 8319
f 8325 8335 8118 8108
f 8328 8327 8317 8318
f 8110 8111 8307 8306
f 8326 8337 8316 8336
f 8326 8134 8135 8109
f 8338 8109 8110 8306
f 8293 8340 8362 8284
f 8301 8300 8342 8343
f 8300 8299 8344 8342
f 8341 8305 8337 8338
f 8299 8298 8345 8344
f 8298 8302 8346 8345
f 8302 8303 8340 8346
f 8125 8126 8357 8350
f 8123 8124 8351 8352
f 8147 8120 8348 8354
f 8119 8147 8354 8349
f 8124 8125 8350 8351
f 8120 8121 8347 8348
f 8122 8123 8352 8353
f 8127 8128 8355 8356
f 8126 8127 8356 8357
f 8295 8341 8338 8306
f 8060 8277 8237 8070
f 8048 8281 8277 8060
f 8281 8048 8119 8291
f 8349 8343 8291 8119
f 8343 8349 8093 8301
f 8301 8093 8129 8311
f 8103 8320 8311 8129
f 8320 8103 8113 8330
f 8306 8307 8296 8295
f 8313 8322 8360 8359
f 8322 8332 8361 8360
f 10537 10510 8285 8366
f 8307 8363 8297 8296
f 8307 8111 8112 8363
f 8294 8283 8293 8284
f 8333 8380 8381 8334
f 8377 8376 8329 8330
f 8146 8114 8368 8373
f 8334 8381 8382 8335
f 8383 8361 8332 8379
f 8376 8375 8328 8329
f 8114 8115 8369 8368
f 8375 8374 8327 8328
f 8373 8367 8113 8146
f 8374 8378 8331 8327
f 8378 8379 8332 8331
f 8367 8377 8330 8113
f 8116 8117 8371 8370
f 10514 10516 8380 8333
f 8117 8118 8372 8371
f 8335 8382 8372 8118
f 8380 8397 8398 8381
f 8394 8393 8376 8377
f 8368 8369 8386 8385
f 8381 8398 8399 8382
f 8393 8392 8375 8376
f 8382 8399 8389 8372
f 8392 8391 8374 8375
f 8384 8394 8377 8367
f 8391 8395 8378 8374
f 8370 8371 8388 8387
f 8400 8383 8379 8396
f 8395 8396 8379 8378
f 8371 8372 8389 8388
f 10516 10517 8397 8380
f 8390 8384 8367 8373
f 8373 8368 8385 8390
f 8398 8415 8416 8399
f 8410 8409 8392 8393
f 8399 8416 8406 8389
f 8409 8408 8391 8392
f 8401 8411 8394 8384
f 8408 8412 8395 8391
f 8387 8388 8405 8404
f 8417 8400 8396 8413
f 8412 8413 8396 8395
f 8388 8389 8406 8405
f 10517 10518 8414 8397
f 8407 8401 8384 8390
f 8390 8385 8402 8407
f 8397 8414 8415 8398
f 8411 8410 8393 8394
f 8385 8386 8403 8402
f 8416 8433 8423 8406
f 8426 8425 8408 8409
f 8418 8428 8411 8401
f 8425 8429 8412 8408
f 8404 8405 8422 8421
f 8434 8417 8413 8430
f 8429 8430 8413 8412
f 8405 8406 8423 8422
f 10518 10519 8431 8414
f 8424 8418 8401 8407
f 8407 8402 8419 8424
f 8414 8431 8432 8415
f 8428 8427 8410 8411
f 8402 8403 8420 8419
f 8415 8432 8433 8416
f 8427 8426 8409 8410
f 8458 8442 8443 8459
f 8465 8449 8450 8466
f 8459 8443 8444 8460
f 8451 8466 8450 8435
f 8460 8444 8445 8461
f 8451 8435 8436 8452
f 8461 8445 8446 8462
f 8455 8439 8440 8456
f 8452 8436 8437 8453
f 8462 8446 8447 8463
f 8456 8440 8441 8457
f 8454 8438 8439 8455
f 8463 8447 8448 8464
f 8457 8441 8442 8458
f 8453 8437 8438 8454
f 8464 8448 8449 8465
f 8465 8466 8451 8452
f 8464 8465 8452 8453
f 8463 8464 8453 8454
f 8462 8463 8454 8455
f 8455 8456 8461 8462
f 8456 8457 8460 8461
f 8457 8458 8459 8460
f 8442 8474 8475 8443
f 8449 8481 8482 8450
f 8443 8475 8476 8444
f 8435 8450 8482 8467
f 8444 8476 8477 8445
f 8435 8467 8468 8436
f 8445 8477 8478 8446
f 8439 8471 8472 8440
f 8436 8468 8469 8437
f 8446 8478 8479 8447
f 8440 8472 8473 8441
f 8438 8470 8471 8439
f 8447 8479 8480 8448
f 8441 8473 8474 8442
f 8437 8469 8470 8438
f 8448 8480 8481 8449
f 8467 8482 8498 8483
f 8476 8492 8493 8477
f 8467 8483 8484 8468
f 8477 8493 8494 8478
f 8471 8487 8488 8472
f 8468 8484 8485 8469
f 8478 8494 8495 8479
f 8472 8488 8489 8473
f 8470 8486 8487 8471
f 8479 8495 8496 8480
f 8473 8489 8490 8474
f 8469 8485 8486 8470
f 8480 8496 8497 8481
f 8474 8490 8491 8475
f 8481 8497 8498 8482
f 8475 8491 8492 8476
f 8548 8513 8514 8547
f 8550 8507 8508 8549
f 8551 8547 8514 8499
f 8549 8508 8509 8552
f 8551 8499 8500 8553
f 8552 8509 8510 8554
f 8556 8503 8504 8555
f 8553 8500 8501 8557
f 8554 8510 8511 8558
f 8555 8504 8505 8559
f 8560 8502 8503 8556
f 8558 8511 8512 8561
f 8559 8505 8506 8562
f 8557 8501 8502 8560
f 8561 8512 8513 8548
f 8562 8506 8507 8550
f 8499 8514 8530 8515
f 8508 8524 8525 8509
f 8499 8515 8516 8500
f 8509 8525 8526 8510
f 8503 8519 8520 8504
f 8500 8516 8517 8501
f 8510 8526 8527 8511
f 8504 8520 8521 8505
f 8502 8518 8519 8503
f 8511 8527 8528 8512
f 8505 8521 8522 8506
f 8501 8517 8518 8502
f 8512 8528 8529 8513
f 8506 8522 8523 8507
f 8513 8529 8530 8514
f 8507 8523 8524 8508
f 8529 8545 8546 8530
f 8523 8539 8540 8524
f 8515 8530 8546 8531
f 8524 8540 8541 8525
f 8515 8531 8532 8516
f 8525 8541 8542 8526
f 8519 8535 8536 8520
f 8516 8532 8533 8517
f 8526 8542 8543 8527
f 8520 8536 8537 8521
f 8518 8534 8535 8519
f 8527 8543 8544 8528
f 8521 8537 8538 8522
f 8517 8533 8534 8518
f 8528 8544 8545 8529
f 8522 8538 8539 8523
f 8497 8548 8547 8498
f 8491 8550 8549 8492
f 8483 8498 8547 8551
f 8492 8549 8552 8493
f 8483 8551 8553 8484
f 8493 8552 8554 8494
f 8487 8556 8555 8488
f 8484 8553 8557 8485
f 8494 8554 8558 8495
f 8488 8555 8559 8489
f 8486 8560 8556 8487
f 8495 8558 8561 8496
f 8489 8559 8562 8490
f 8485 8557 8560 8486
f 8496 8561 8548 8497
f 8490 8562 8550 8491
f 8546 8067 8077 8531
f 8545 8057 8067 8546
f 8531 8077 8087 8532
f 8213 8533 8532 8087
f 8212 8534 8533 8213
f 8563 8564 8535 8534
f 8564 8565 8536 8535
f 8565 8566 8537 8536
f 1891 1892 8564 8563
f 1892 1893 8565 8564
f 1893 1894 8566 8565
f 1473 1891 8563 8160
f 8160 8563 8534 8212
f 8057 8545 8544 8128
f 8355 10720 10589 8102
f 9482 8674 8571 9460
f 9481 8642 8573 9459
f 8639 8641 8572 8607
f 9930 9926 8579 8608
f 9934 9925 8578 9462
f 9935 9927 8580 9461
f 9485 8679 8570 9457
f 9486 8680 8568 9458
f 8682 8685 8569 8606
f 9627 9613 8584 8656
f 8669 8607 8572 8676
f 9629 9614 8583 8667
f 9936 9616 8590 9929
f 8634 8586 8576 8631
f 8681 8588 8568 8680
f 9928 8585 8580 9927
f 8640 8587 8573 8642
f 8656 8584 8567 8658
f 9929 8590 8575 9924
f 8636 8575 8590 8635
f 9483 9460 8571 8677
f 9484 9459 8573 8675
f 9480 8627 8697 9489
f 8624 8630 8701 8700
f 9623 8620 8696 9635
f 9475 8629 8702 9490
f 8627 8624 8700 8697
f 9470 8616 8591 9465
f 8601 8605 8591 8593
f 8619 8617 8594 8595
f 9618 8601 8593 9634
f 9469 8618 8597 9466
f 8727 8599 8596 8736
f 8621 8615 8592 8598
f 8618 8621 8598 8597
f 8597 8598 8600 8603
f 8598 8592 8610 8600
f 8674 8639 8607 8571
f 9925 9930 8608 8578
f 8679 8682 8606 8570
f 8732 8735 8611 8655
f 8677 8571 8607 8669
f 8723 8734 8612 8670
f 9933 8728 8614 9931
f 8736 8596 8622 8726
f 9466 8597 8603 9468
f 9634 8593 8620 9623
f 8595 8594 8604 8602
f 8593 8591 8616 8620
f 9465 8591 8605 9467
f 8724 8695 8623 8731
f 8696 8702 8629 8625
f 9489 8697 8618 9469
f 9635 8696 8625 9624
f 8697 8700 8621 8618
f 8698 8699 8617 8619
f 8700 8701 8615 8621
f 9490 8702 8616 9470
f 9494 8753 8627 9480
f 8754 8752 8630 8624
f 8758 8751 8654 8729
f 8609 8637 8632 8577
f 9616 9625 8635 8590
f 8678 8634 8631 8675
f 8668 8636 8635 8667
f 9463 9471 8633 8582
f 9464 9472 8631 8576
f 8582 8633 8637 8609
f 8728 8725 8638 8614
f 8665 8664 8659 8644
f 8749 8750 8628 8626
f 9478 8663 8661 9473
f 9650 8755 8652 9628
f 8694 8652 8648 8692
f 9630 9626 8645 8672
f 8722 8730 8643 8671
f 9458 8568 8663 9478
f 8657 8665 8644 8660
f 9479 8657 8660 9474
f 8633 8677 8669 8637
f 8666 8646 8661 8663
f 8730 8732 8655 8643
f 8672 8645 8662 8673
f 9495 8756 8629 9475
f 9471 9483 8677 8633
f 8753 8754 8624 8627
f 8644 8659 8641 8639
f 8720 8729 8654 8691
f 9457 8570 8657 9479
f 8606 8569 8664 8665
f 8588 8666 8663 8568
f 9632 9628 8652 8694
f 8755 8756 8648 8652
f 9473 8661 8642 9481
f 8645 8656 8658 8662
f 9626 9627 8656 8645
f 8570 8606 8665 8657
f 8587 8678 8675 8573
f 9625 9629 8667 8635
f 8637 8669 8676 8632
f 8734 8722 8671 8612
f 8583 8672 8673 8574
f 9472 9484 8675 8631
f 8574 8668 8667 8583
f 8725 8723 8670 8638
f 9614 9630 8672 8583
f 9474 8660 8674 9482
f 8660 8644 8639 8674
f 8646 8640 8642 8661
f 9487 8687 8679 9485
f 9488 8688 8680 9486
f 8690 8693 8685 8682
f 8689 8681 8680 8688
f 8687 8690 8682 8679
f 8584 8686 8684 8567
f 8735 8721 8683 8611
f 9613 9631 8686 8584
f 8686 8694 8692 8684
f 8721 8720 8691 8683
f 9631 9632 8694 8686
f 9477 8647 8687 9487
f 9476 8649 8688 9488
f 8653 8650 8693 8690
f 8651 8689 8688 8649
f 8647 8653 8690 8687
f 8626 8628 8699 8698
f 8726 8622 8695 8724
f 8620 8616 8702 8696
f 8655 8611 8703 8713
f 8670 8612 8704 8715
f 9931 8614 8706 9932
f 8622 8709 8719 8695
f 8599 8708 8707 8596
f 8596 8707 8709 8622
f 8695 8719 8710 8623
f 8614 8638 8711 8706
f 8751 8757 8714 8654
f 8671 8643 8712 8716
f 8691 8654 8714 8718
f 8643 8655 8713 8712
f 8638 8670 8715 8711
f 8612 8671 8716 8704
f 8611 8683 8717 8703
f 8683 8691 8718 8717
f 9640 9638 8723 8725
f 9937 9622 8728 9933
f 9622 9640 8725 8728
f 9636 9643 8729 8720
f 9617 8736 8726 9642
f 9620 9637 8722 8734
f 9619 9639 8721 8735
f 9633 8724 8731 9644
f 9645 9619 8735 8732
f 9638 9620 8734 8723
f 9646 9645 8732 8730
f 9642 8726 8724 9633
f 9641 8727 8736 9617
f 9639 9636 8720 8721
f 9651 8758 8729 9643
f 9637 9646 8730 8722
f 8746 8738 8599 8727
f 8603 8600 8737 8741
f 8708 8599 8738 8745
f 9468 8603 8741 9491
f 8739 8743 8605 8601
f 8602 8604 8742 8740
f 9641 8602 8740 9648
f 9467 8605 8743 9492
f 9647 8739 8601 9618
f 8600 8610 8744 8737
f 9648 8740 8748 9649
f 9647 9649 8748 8739
f 8739 8748 8747 8743
f 8748 8740 8742 8747
f 9493 9491 8741 8737
f 9493 9492 8743 8747
f 9476 8650 8753 9494
f 8653 8647 8752 8754
f 8731 8623 8751 8758
f 8651 8649 8750 8749
f 9624 8625 8755 9650
f 9477 8648 8756 9495
f 8650 8653 8754 8753
f 8625 8629 8756 8755
f 8623 8710 8757 8751
f 9644 8731 8758 9651
f 9521 8866 8763 9499
f 9520 8834 8765 9498
f 8831 8833 8764 8799
f 9939 9973 8771 8800
f 9943 9974 8770 9501
f 9942 9972 8772 9500
f 9524 8871 8762 9496
f 9525 8872 8760 9497
f 8874 8877 8761 8798
f 9666 9652 8776 8848
f 8861 8799 8764 8868
f 9668 9653 8775 8859
f 9949 9655 8782 9940
f 8826 8778 8768 8823
f 8873 8780 8760 8872
f 9941 8777 8772 9972
f 8832 8779 8765 8834
f 8848 8776 8759 8850
f 9940 8782 8767 9975
f 8828 8767 8782 8827
f 9522 9499 8763 8869
f 9523 9498 8765 8867
f 9519 8819 8889 9528
f 8816 8822 8893 8892
f 9662 8812 8888 9674
f 9514 8821 8894 9529
f 8819 8816 8892 8889
f 9509 8808 8783 9504
f 8793 8797 8783 8785
f 8811 8809 8786 8787
f 9657 8793 8785 9673
f 9508 8810 8789 9505
f 8919 8791 8788 8928
f 8813 8807 8784 8790
f 8810 8813 8790 8789
f 8789 8790 8792 8795
f 8790 8784 8802 8792
f 8866 8831 8799 8763
f 9974 9939 8800 8770
f 8871 8874 8798 8762
f 8924 8927 8803 8847
f 8869 8763 8799 8861
f 8915 8926 8804 8862
f 9944 8920 8806 9938
f 8928 8788 8814 8918
f 9505 8789 8795 9507
f 9673 8785 8812 9662
f 8787 8786 8796 8794
f 8785 8783 8808 8812
f 9504 8783 8797 9506
f 8916 8887 8815 8923
f 8888 8894 8821 8817
f 9528 8889 8810 9508
f 9674 8888 8817 9663
f 8889 8892 8813 8810
f 8890 8891 8809 8811
f 8892 8893 8807 8813
f 9529 8894 8808 9509
f 9533 8945 8819 9519
f 8946 8944 8822 8816
f 8950 8943 8846 8921
f 8801 8829 8824 8769
f 9655 9664 8827 8782
f 8870 8826 8823 8867
f 8860 8828 8827 8859
f 9502 9510 8825 8774
f 9503 9511 8823 8768
f 8774 8825 8829 8801
f 8920 8917 8830 8806
f 8857 8856 8851 8836
f 8941 8942 8820 8818
f 9517 8855 8853 9512
f 9689 8947 8844 9667
f 8886 8844 8840 8884
f 9669 9665 8837 8864
f 8914 8922 8835 8863
f 9497 8760 8855 9517
f 8849 8857 8836 8852
f 9518 8849 8852 9513
f 8825 8869 8861 8829
f 8858 8838 8853 8855
f 8922 8924 8847 8835
f 8864 8837 8854 8865
f 9534 8948 8821 9514
f 9510 9522 8869 8825
f 8945 8946 8816 8819
f 8836 8851 8833 8831
f 8912 8921 8846 8883
f 9496 8762 8849 9518
f 8798 8761 8856 8857
f 8780 8858 8855 8760
f 9671 9667 8844 8886
f 8947 8948 8840 8844
f 9512 8853 8834 9520
f 8837 8848 8850 8854
f 9665 9666 8848 8837
f 8762 8798 8857 8849
f 8779 8870 8867 8765
f 9664 9668 8859 8827
f 8829 8861 8868 8824
f 8926 8914 8863 8804
f 8775 8864 8865 8766
f 9511 9523 8867 8823
f 8766 8860 8859 8775
f 8917 8915 8862 8830
f 9653 9669 8864 8775
f 9513 8852 8866 9521
f 8852 8836 8831 8866
f 8838 8832 8834 8853
f 9526 8879 8871 9524
f 9527 8880 8872 9525
f 8882 8885 8877 8874
f 8881 8873 8872 8880
f 8879 8882 8874 8871
f 8776 8878 8876 8759
f 8927 8913 8875 8803
f 9652 9670 8878 8776
f 8878 8886 8884 8876
f 8913 8912 8883 8875
f 9670 9671 8886 8878
f 9516 8839 8879 9526
f 9515 8841 8880 9527
f 8845 8842 8885 8882
f 8843 8881 8880 8841
f 8839 8845 8882 8879
f 8818 8820 8891 8890
f 8918 8814 8887 8916
f 8812 8808 8894 8888
f 8847 8803 8895 8905
f 8862 8804 8896 8907
f 9938 8806 8898 9945
f 8814 8901 8911 8887
f 8791 8900 8899 8788
f 8788 8899 8901 8814
f 8887 8911 8902 8815
f 8806 8830 8903 8898
f 8943 8949 8906 8846
f 8863 8835 8904 8908
f 8883 8846 8906 8910
f 8835 8847 8905 8904
f 8830 8862 8907 8903
f 8804 8863 8908 8896
f 8803 8875 8909 8895
f 8875 8883 8910 8909
f 9679 9677 8915 8917
f 9948 9661 8920 9944
f 9661 9679 8917 8920
f 9675 9682 8921 8912
f 9656 8928 8918 9681
f 9659 9676 8914 8926
f 9658 9678 8913 8927
f 9672 8916 8923 9683
f 9684 9658 8927 8924
f 9677 9659 8926 8915
f 9685 9684 8924 8922
f 9681 8918 8916 9672
f 9680 8919 8928 9656
f 9678 9675 8912 8913
f 9690 8950 8921 9682
f 9676 9685 8922 8914
f 8938 8930 8791 8919
f 8795 8792 8929 8933
f 8900 8791 8930 8937
f 9507 8795 8933 9530
f 8931 8935 8797 8793
f 8794 8796 8934 8932
f 9680 8794 8932 9687
f 9506 8797 8935 9531
f 9686 8931 8793 9657
f 8792 8802 8936 8929
f 9687 8932 8940 9688
f 9686 9688 8940 8931
f 8931 8940 8939 8935
f 8940 8932 8934 8939
f 9532 9530 8933 8929
f 9532 9531 8935 8939
f 9515 8842 8945 9533
f 8845 8839 8944 8946
f 8923 8815 8943 8950
f 8843 8841 8942 8941
f 9663 8817 8947 9689
f 9516 8840 8948 9534
f 8842 8845 8946 8945
f 8817 8821 8948 8947
f 8815 8902 8949 8943
f 9683 8923 8950 9690
f 9560 9058 8955 9538
f 9559 9026 8957 9537
f 9023 9025 8956 8991
f 9962 9964 8963 8992
f 9958 9955 8962 9540
f 9959 9965 8964 9539
f 9563 9063 8954 9535
f 9564 9064 8952 9536
f 9066 9069 8953 8990
f 9705 9691 8968 9040
f 9053 8991 8956 9060
f 9707 9692 8967 9051
f 9950 9694 8974 9953
f 9018 8970 8960 9015
f 9065 8972 8952 9064
f 9952 8969 8964 9965
f 9024 8971 8957 9026
f 9040 8968 8951 9042
f 9953 8974 8959 9954
f 9020 8959 8974 9019
f 9561 9538 8955 9061
f 9562 9537 8957 9059
f 9558 9011 9081 9567
f 9008 9014 9085 9084
f 9701 9004 9080 9713
f 9553 9013 9086 9568
f 9011 9008 9084 9081
f 9548 9000 8975 9543
f 8985 8989 8975 8977
f 9003 9001 8978 8979
f 9696 8985 8977 9712
f 9547 9002 8981 9544
f 9111 8983 8980 9120
f 9005 8999 8976 8982
f 9002 9005 8982 8981
f 8981 8982 8984 8987
f 8982 8976 8994 8984
f 9058 9023 8991 8955
f 9955 9962 8992 8962
f 9063 9066 8990 8954
f 9116 9119 8995 9039
f 9061 8955 8991 9053
f 9107 9118 8996 9054
f 9957 9112 8998 9963
f 9120 8980 9006 9110
f 9544 8981 8987 9546
f 9712 8977 9004 9701
f 8979 8978 8988 8986
f 8977 8975 9000 9004
f 9543 8975 8989 9545
f 9108 9079 9007 9115
f 9080 9086 9013 9009
f 9567 9081 9002 9547
f 9713 9080 9009 9702
f 9081 9084 9005 9002
f 9082 9083 9001 9003
f 9084 9085 8999 9005
f 9568 9086 9000 9548
f 9572 9137 9011 9558
f 9138 9136 9014 9008
f 9142 9135 9038 9113
f 8993 9021 9016 8961
f 9694 9703 9019 8974
f 9062 9018 9015 9059
f 9052 9020 9019 9051
f 9541 9549 9017 8966
f 9542 9550 9015 8960
f 8966 9017 9021 8993
f 9112 9109 9022 8998
f 9049 9048 9043 9028
f 9133 9134 9012 9010
f 9556 9047 9045 9551
f 9728 9139 9036 9706
f 9078 9036 9032 9076
f 9708 9704 9029 9056
f 9106 9114 9027 9055
f 9536 8952 9047 9556
f 9041 9049 9028 9044
f 9557 9041 9044 9552
f 9017 9061 9053 9021
f 9050 9030 9045 9047
f 9114 9116 9039 9027
f 9056 9029 9046 9057
f 9573 9140 9013 9553
f 9549 9561 9061 9017
f 9137 9138 9008 9011
f 9028 9043 9025 9023
f 9104 9113 9038 9075
f 9535 8954 9041 9557
f 8990 8953 9048 9049
f 8972 9050 9047 8952
f 9710 9706 9036 9078
f 9139 9140 9032 9036
f 9551 9045 9026 9559
f 9029 9040 9042 9046
f 9704 9705 9040 9029
f 8954 8990 9049 9041
f 8971 9062 9059 8957
f 9703 9707 9051 9019
f 9021 9053 9060 9016
f 9118 9106 9055 8996
f 8967 9056 9057 8958
f 9550 9562 9059 9015
f 8958 9052 9051 8967
f 9109 9107 9054 9022
f 9692 9708 9056 8967
f 9552 9044 9058 9560
f 9044 9028 9023 9058
f 9030 9024 9026 9045
f 9565 9071 9063 9563
f 9566 9072 9064 9564
f 9074 9077 9069 9066
f 9073 9065 9064 9072
f 9071 9074 9066 9063
f 8968 9070 9068 8951
f 9119 9105 9067 8995
f 9691 9709 9070 8968
f 9070 9078 9076 9068
f 9105 9104 9075 9067
f 9709 9710 9078 9070
f 9555 9031 9071 9565
f 9554 9033 9072 9566
f 9037 9034 9077 9074
f 9035 9073 9072 9033
f 9031 9037 9074 9071
f 9010 9012 9083 9082
f 9110 9006 9079 9108
f 9004 9000 9086 9080
f 9039 8995 9087 9097
f 9054 8996 9088 9099
f 9963 8998 9090 9956
f 9006 9093 9103 9079
f 8983 9092 9091 8980
f 8980 9091 9093 9006
f 9079 9103 9094 9007
f 8998 9022 9095 9090
f 9135 9141 9098 9038
f 9055 9027 9096 9100
f 9075 9038 9098 9102
f 9027 9039 9097 9096
f 9022 9054 9099 9095
f 8996 9055 9100 9088
f 8995 9067 9101 9087
f 9067 9075 9102 9101
f 9718 9716 9107 9109
f 9951 9700 9112 9957
f 9700 9718 9109 9112
f 9714 9721 9113 9104
f 9695 9120 9110 9720
f 9698 9715 9106 9118
f 9697 9717 9105 9119
f 9711 9108 9115 9722
f 9723 9697 9119 9116
f 9716 9698 9118 9107
f 9724 9723 9116 9114
f 9720 9110 9108 9711
f 9719 9111 9120 9695
f 9717 9714 9104 9105
f 9729 9142 9113 9721
f 9715 9724 9114 9106
f 9130 9122 8983 9111
f 8987 8984 9121 9125
f 9092 8983 9122 9129
f 9546 8987 9125 9569
f 9123 9127 8989 8985
f 8986 8988 9126 9124
f 9719 8986 9124 9726
f 9545 8989 9127 9570
f 9725 9123 8985 9696
f 8984 8994 9128 9121
f 9726 9124 9132 9727
f 9725 9727 9132 9123
f 9123 9132 9131 9127
f 9132 9124 9126 9131
f 9571 9569 9125 9121
f 9571 9570 9127 9131
f 9554 9034 9137 9572
f 9037 9031 9136 9138
f 9115 9007 9135 9142
f 9035 9033 9134 9133
f 9702 9009 9139 9728
f 9555 9032 9140 9573
f 9034 9037 9138 9137
f 9009 9013 9140 9139
f 9007 9094 9141 9135
f 9722 9115 9142 9729
f 9599 9250 9147 9577
f 9598 9218 9149 9576
f 9215 9217 9148 9183
f 9969 9947 9155 9184
f 9971 9960 9154 9579
f 9970 9946 9156 9578
f 9602 9255 9146 9574
f 9603 9256 9144 9575
f 9258 9261 9145 9182
f 9744 9730 9160 9232
f 9245 9183 9148 9252
f 9746 9731 9159 9243
f 9967 9733 9166 9977
f 9210 9162 9152 9207
f 9257 9164 9144 9256
f 9976 9161 9156 9946
f 9216 9163 9149 9218
f 9232 9160 9143 9234
f 9977 9166 9151 9961
f 9212 9151 9166 9211
f 9600 9577 9147 9253
f 9601 9576 9149 9251
f 9597 9203 9273 9606
f 9200 9206 9277 9276
f 9740 9196 9272 9752
f 9592 9205 9278 9607
f 9203 9200 9276 9273
f 9587 9192 9167 9582
f 9177 9181 9167 9169
f 9195 9193 9170 9171
f 9735 9177 9169 9751
f 9586 9194 9173 9583
f 9303 9175 9172 9312
f 9197 9191 9168 9174
f 9194 9197 9174 9173
f 9173 9174 9176 9179
f 9174 9168 9186 9176
f 9250 9215 9183 9147
f 9960 9969 9184 9154
f 9255 9258 9182 9146
f 9308 9311 9187 9231
f 9253 9147 9183 9245
f 9299 9310 9188 9246
f 9978 9304 9190 9968
f 9312 9172 9198 9302
f 9583 9173 9179 9585
f 9751 9169 9196 9740
f 9171 9170 9180 9178
f 9169 9167 9192 9196
f 9582 9167 9181 9584
f 9300 9271 9199 9307
f 9272 9278 9205 9201
f 9606 9273 9194 9586
f 9752 9272 9201 9741
f 9273 9276 9197 9194
f 9274 9275 9193 9195
f 9276 9277 9191 9197
f 9607 9278 9192 9587
f 9611 9329 9203 9597
f 9330 9328 9206 9200
f 9334 9327 9230 9305
f 9185 9213 9208 9153
f 9733 9742 9211 9166
f 9254 9210 9207 9251
f 9244 9212 9211 9243
f 9580 9588 9209 9158
f 9581 9589 9207 9152
f 9158 9209 9213 9185
f 9304 9301 9214 9190
f 9241 9240 9235 9220
f 9325 9326 9204 9202
f 9595 9239 9237 9590
f 9767 9331 9228 9745
f 9270 9228 9224 9268
f 9747 9743 9221 9248
f 9298 9306 9219 9247
f 9575 9144 9239 9595
f 9233 9241 9220 9236
f 9596 9233 9236 9591
f 9209 9253 9245 9213
f 9242 9222 9237 9239
f 9306 9308 9231 9219
f 9248 9221 9238 9249
f 9612 9332 9205 9592
f 9588 9600 9253 9209
f 9329 9330 9200 9203
f 9220 9235 9217 9215
f 9296 9305 9230 9267
f 9574 9146 9233 9596
f 9182 9145 9240 9241
f 9164 9242 9239 9144
f 9749 9745 9228 9270
f 9331 9332 9224 9228
f 9590 9237 9218 9598
f 9221 9232 9234 9238
f 9743 9744 9232 9221
f 9146 9182 9241 9233
f 9163 9254 9251 9149
f 9742 9746 9243 9211
f 9213 9245 9252 9208
f 9310 9298 9247 9188
f 9159 9248 9249 9150
f 9589 9601 9251 9207
f 9150 9244 9243 9159
f 9301 9299 9246 9214
f 9731 9747 9248 9159
f 9591 9236 9250 9599
f 9236 9220 9215 9250
f 9222 9216 9218 9237
f 9604 9263 9255 9602
f 9605 9264 9256 9603
f 9266 9269 9261 9258
f 9265 9257 9256 9264
f 9263 9266 9258 9255
f 9160 9262 9260 9143
f 9311 9297 9259 9187
f 9730 9748 9262 9160
f 9262 9270 9268 9260
f 9297 9296 9267 9259
f 9748 9749 9270 9262
f 9594 9223 9263 9604
f 9593 9225 9264 9605
f 9229 9226 9269 9266
f 9227 9265 9264 9225
f 9223 9229 9266 9263
f 9202 9204 9275 9274
f 9302 9198 9271 9300
f 9196 9192 9278 9272
f 9231 9187 9279 9289
f 9246 9188 9280 9291
f 9968 9190 9282 9979
f 9198 9285 9295 9271
f 9175 9284 9283 9172
f 9172 9283 9285 9198
f 9271 9295 9286 9199
f 9190 9214 9287 9282
f 9327 9333 9290 9230
f 9247 9219 9288 9292
f 9267 9230 9290 9294
f 9219 9231 9289 9288
f 9214 9246 9291 9287
f 9188 9247 9292 9280
f 9187 9259 9293 9279
f 9259 9267 9294 9293
f 9757 9755 9299 9301
f 9966 9739 9304 9978
f 9739 9757 9301 9304
f 9753 9760 9305 9296
f 9734 9312 9302 9759
f 9737 9754 9298 9310
f 9736 9756 9297 9311
f 9750 9300 9307 9761
f 9762 9736 9311 9308
f 9755 9737 9310 9299
f 9763 9762 9308 9306
f 9759 9302 9300 9750
f 9758 9303 9312 9734
f 9756 9753 9296 9297
f 9768 9334 9305 9760
f 9754 9763 9306 9298
f 9322 9314 9175 9303
f 9179 9176 9313 9317
f 9284 9175 9314 9321
f 9585 9179 9317 9608
f 9315 9319 9181 9177
f 9178 9180 9318 9316
f 9758 9178 9316 9765
f 9584 9181 9319 9609
f 9764 9315 9177 9735
f 9176 9186 9320 9313
f 9765 9316 9324 9766
f 9764 9766 9324 9315
f 9315 9324 9323 9319
f 9324 9316 9318 9323
f 9610 9608 9317 9313
f 9610 9609 9319 9323
f 9593 9226 9329 9611
f 9229 9223 9328 9330
f 9307 9199 9327 9334
f 9227 9225 9326 9325
f 9741 9201 9331 9767
f 9594 9224 9332 9612
f 9226 9229 9330 9329
f 9201 9205 9332 9331
f 9199 9286 9333 9327
f 9761 9307 9334 9768
f 9396 9391 9338 9335
f 9397 9392 9336 9337
f 9394 9397 9337 9356
f 9420 9415 9339 9384
f 9393 9340 9336 9392
f 9384 9339 9335 9386
f 9372 9371 9409 9411
f 9368 9374 9413 9412
f 9418 9364 9408 9424
f 9374 9373 9414 9413
f 9371 9368 9412 9409
f 9359 9360 9341 9342
f 9351 9355 9341 9343
f 9363 9361 9344 9345
f 9417 9351 9343 9416
f 9361 9362 9347 9344
f 9429 9349 9346 9434
f 9365 9359 9342 9348
f 9362 9365 9348 9347
f 9347 9348 9350 9353
f 9348 9342 9357 9350
f 9391 9394 9356 9338
f 9432 9433 9358 9383
f 9434 9346 9366 9428
f 9344 9347 9353 9354
f 9416 9343 9364 9418
f 9345 9344 9354 9352
f 9343 9341 9360 9364
f 9342 9341 9355 9357
f 9427 9407 9367 9431
f 9408 9414 9373 9369
f 9411 9409 9362 9361
f 9424 9408 9369 9419
f 9409 9412 9365 9362
f 9410 9411 9361 9363
f 9412 9413 9359 9365
f 9413 9414 9360 9359
f 9448 9451 9371 9372
f 9452 9450 9374 9368
f 9456 9449 9382 9430
f 9447 9448 9372 9370
f 9455 9453 9380 9421
f 9406 9380 9376 9404
f 9337 9336 9387 9388
f 9450 9454 9373 9374
f 9451 9452 9368 9371
f 9425 9430 9382 9403
f 9335 9338 9385 9386
f 9356 9337 9388 9389
f 9340 9390 9387 9336
f 9423 9421 9380 9406
f 9453 9454 9376 9380
f 9338 9356 9389 9385
f 9404 9399 9391 9396
f 9405 9400 9392 9397
f 9402 9405 9397 9394
f 9401 9393 9392 9400
f 9399 9402 9394 9391
f 9339 9398 9396 9335
f 9433 9426 9395 9358
f 9415 9422 9398 9339
f 9398 9406 9404 9396
f 9426 9425 9403 9395
f 9422 9423 9406 9398
f 9376 9375 9399 9404
f 9378 9377 9400 9405
f 9381 9378 9405 9402
f 9379 9401 9400 9377
f 9375 9381 9402 9399
f 9370 9372 9411 9410
f 9428 9366 9407 9427
f 9364 9360 9414 9408
f 9383 9358 9415 9420
f 9366 9418 9424 9407
f 9349 9417 9416 9346
f 9346 9416 9418 9366
f 9407 9424 9419 9367
f 9449 9455 9421 9382
f 9403 9382 9421 9423
f 9358 9395 9422 9415
f 9395 9403 9423 9422
f 9401 9379 9430 9425
f 9345 9434 9428 9363
f 9340 9393 9426 9433
f 9410 9427 9431 9370
f 9390 9340 9433 9432
f 9363 9428 9427 9410
f 9352 9429 9434 9345
f 9393 9401 9425 9426
f 9447 9456 9430 9379
f 9444 9436 9349 9429
f 9353 9350 9435 9439
f 9417 9349 9436 9443
f 9354 9353 9439 9440
f 9437 9441 9355 9351
f 9352 9354 9440 9438
f 9429 9352 9438 9444
f 9357 9355 9441 9442
f 9443 9437 9351 9417
f 9350 9357 9442 9435
f 9444 9438 9446 9436
f 9443 9436 9446 9437
f 9437 9446 9445 9441
f 9446 9438 9440 9445
f 9445 9440 9439 9435
f 9435 9442 9441 9445
f 9377 9378 9451 9448
f 9381 9375 9450 9452
f 9431 9367 9449 9456
f 9379 9377 9448 9447
f 9419 9369 9453 9455
f 9375 9376 9454 9450
f 9378 9381 9452 9451
f 9369 9373 9454 9453
f 9367 9419 9455 9449
f 9370 9431 9456 9447
f 8673 9482 9460 8574
f 8641 9481 9459 8572
f 9924 9934 9462 8581
f 9926 9935 9461 8579
f 8684 9485 9457 8567
f 8685 9486 9458 8569
f 8668 8574 9460 9483
f 8676 8572 9459 9484
f 8628 9480 9489 8699
f 8630 9475 9490 8701
f 8615 9470 9465 8592
f 8617 9469 9466 8594
f 8594 9466 9468 8604
f 8592 9465 9467 8610
f 8699 9489 9469 8617
f 8701 9490 9470 8615
f 8750 9494 9480 8628
f 8575 8636 9471 9463
f 8577 8632 9472 9464
f 8664 9478 9473 8659
f 8569 9458 9478 8664
f 8658 9479 9474 8662
f 8752 9495 9475 8630
f 8636 8668 9483 9471
f 8567 9457 9479 8658
f 8659 9473 9481 8641
f 8632 8676 9484 9472
f 8662 9474 9482 8673
f 8692 9487 9485 8684
f 8693 9488 9486 8685
f 8648 9477 9487 8692
f 8650 9476 9488 8693
f 8604 9468 9491 8742
f 8610 9467 9492 8744
f 8747 8742 9491 9493
f 8737 8744 9492 9493
f 8649 9476 9494 8750
f 8647 9477 9495 8752
f 8865 9521 9499 8766
f 8833 9520 9498 8764
f 9975 9943 9501 8773
f 9973 9942 9500 8771
f 8876 9524 9496 8759
f 8877 9525 9497 8761
f 8860 8766 9499 9522
f 8868 8764 9498 9523
f 8820 9519 9528 8891
f 8822 9514 9529 8893
f 8807 9509 9504 8784
f 8809 9508 9505 8786
f 8786 9505 9507 8796
f 8784 9504 9506 8802
f 8891 9528 9508 8809
f 8893 9529 9509 8807
f 8942 9533 9519 8820
f 8767 8828 9510 9502
f 8769 8824 9511 9503
f 8856 9517 9512 8851
f 8761 9497 9517 8856
f 8850 9518 9513 8854
f 8944 9534 9514 8822
f 8828 8860 9522 9510
f 8759 9496 9518 8850
f 8851 9512 9520 8833
f 8824 8868 9523 9511
f 8854 9513 9521 8865
f 8884 9526 9524 8876
f 8885 9527 9525 8877
f 8840 9516 9526 8884
f 8842 9515 9527 8885
f 8796 9507 9530 8934
f 8802 9506 9531 8936
f 8939 8934 9530 9532
f 8929 8936 9531 9532
f 8841 9515 9533 8942
f 8839 9516 9534 8944
f 9057 9560 9538 8958
f 9025 9559 9537 8956
f 9954 9958 9540 8965
f 9964 9959 9539 8963
f 9068 9563 9535 8951
f 9069 9564 9536 8953
f 9052 8958 9538 9561
f 9060 8956 9537 9562
f 9012 9558 9567 9083
f 9014 9553 9568 9085
f 8999 9548 9543 8976
f 9001 9547 9544 8978
f 8978 9544 9546 8988
f 8976 9543 9545 8994
f 9083 9567 9547 9001
f 9085 9568 9548 8999
f 9134 9572 9558 9012
f 8959 9020 9549 9541
f 8961 9016 9550 9542
f 9048 9556 9551 9043
f 8953 9536 9556 9048
f 9042 9557 9552 9046
f 9136 9573 9553 9014
f 9020 9052 9561 9549
f 8951 9535 9557 9042
f 9043 9551 9559 9025
f 9016 9060 9562 9550
f 9046 9552 9560 9057
f 9076 9565 9563 9068
f 9077 9566 9564 9069
f 9032 9555 9565 9076
f 9034 9554 9566 9077
f 8988 9546 9569 9126
f 8994 9545 9570 9128
f 9131 9126 9569 9571
f 9121 9128 9570 9571
f 9033 9554 9572 9134
f 9031 9555 9573 9136
f 9249 9599 9577 9150
f 9217 9598 9576 9148
f 9961 9971 9579 9157
f 9947 9970 9578 9155
f 9260 9602 9574 9143
f 9261 9603 9575 9145
f 9244 9150 9577 9600
f 9252 9148 9576 9601
f 9204 9597 9606 9275
f 9206 9592 9607 9277
f 9191 9587 9582 9168
f 9193 9586 9583 9170
f 9170 9583 9585 9180
f 9168 9582 9584 9186
f 9275 9606 9586 9193
f 9277 9607 9587 9191
f 9326 9611 9597 9204
f 9151 9212 9588 9580
f 9153 9208 9589 9581
f 9240 9595 9590 9235
f 9145 9575 9595 9240
f 9234 9596 9591 9238
f 9328 9612 9592 9206
f 9212 9244 9600 9588
f 9143 9574 9596 9234
f 9235 9590 9598 9217
f 9208 9252 9601 9589
f 9238 9591 9599 9249
f 9268 9604 9602 9260
f 9269 9605 9603 9261
f 9224 9594 9604 9268
f 9226 9593 9605 9269
f 9180 9585 9608 9318
f 9186 9584 9609 9320
f 9323 9318 9608 9610
f 9313 9320 9609 9610
f 9225 9593 9611 9326
f 9223 9594 9612 9328
f 8713 8703 9613 9627
f 8715 8704 9614 9629
f 9932 8706 9616 9936
f 8709 9623 9635 8719
f 8708 9618 9634 8707
f 8707 9634 9623 8709
f 8719 9635 9624 8710
f 8706 8711 9625 9616
f 8757 9650 9628 8714
f 8716 8712 9626 9630
f 8718 8714 9628 9632
f 8712 8713 9627 9626
f 8711 8715 9629 9625
f 8704 8716 9630 9614
f 8703 8717 9631 9613
f 8717 8718 9632 9631
f 8634 8678 9638 9640
f 9928 8586 9622 9937
f 8586 8634 9640 9622
f 8689 8651 9643 9636
f 8595 9617 9642 8619
f 8587 8640 9637 9620
f 8588 8681 9639 9619
f 8698 9633 9644 8626
f 8666 8588 9619 9645
f 8678 8587 9620 9638
f 8646 8666 9645 9646
f 8619 9642 9633 8698
f 8602 9641 9617 8595
f 8681 8689 9636 9639
f 8749 9651 9643 8651
f 8640 8646 9646 9637
f 8727 9641 9648 8746
f 8745 9647 9618 8708
f 8746 9648 9649 8738
f 8745 8738 9649 9647
f 8710 9624 9650 8757
f 8626 9644 9651 8749
f 8905 8895 9652 9666
f 8907 8896 9653 9668
f 9945 8898 9655 9949
f 8901 9662 9674 8911
f 8900 9657 9673 8899
f 8899 9673 9662 8901
f 8911 9674 9663 8902
f 8898 8903 9664 9655
f 8949 9689 9667 8906
f 8908 8904 9665 9669
f 8910 8906 9667 9671
f 8904 8905 9666 9665
f 8903 8907 9668 9664
f 8896 8908 9669 9653
f 8895 8909 9670 9652
f 8909 8910 9671 9670
f 8826 8870 9677 9679
f 9941 8778 9661 9948
f 8778 8826 9679 9661
f 8881 8843 9682 9675
f 8787 9656 9681 8811
f 8779 8832 9676 9659
f 8780 8873 9678 9658
f 8890 9672 9683 8818
f 8858 8780 9658 9684
f 8870 8779 9659 9677
f 8838 8858 9684 9685
f 8811 9681 9672 8890
f 8794 9680 9656 8787
f 8873 8881 9675 9678
f 8941 9690 9682 8843
f 8832 8838 9685 9676
f 8919 9680 9687 8938
f 8937 9686 9657 8900
f 8938 9687 9688 8930
f 8937 8930 9688 9686
f 8902 9663 9689 8949
f 8818 9683 9690 8941
f 9097 9087 9691 9705
f 9099 9088 9692 9707
f 9956 9090 9694 9950
f 9093 9701 9713 9103
f 9092 9696 9712 9091
f 9091 9712 9701 9093
f 9103 9713 9702 9094
f 9090 9095 9703 9694
f 9141 9728 9706 9098
f 9100 9096 9704 9708
f 9102 9098 9706 9710
f 9096 9097 9705 9704
f 9095 9099 9707 9703
f 9088 9100 9708 9692
f 9087 9101 9709 9691
f 9101 9102 9710 9709
f 9018 9062 9716 9718
f 9952 8970 9700 9951
f 8970 9018 9718 9700
f 9073 9035 9721 9714
f 8979 9695 9720 9003
f 8971 9024 9715 9698
f 8972 9065 9717 9697
f 9082 9711 9722 9010
f 9050 8972 9697 9723
f 9062 8971 9698 9716
f 9030 9050 9723 9724
f 9003 9720 9711 9082
f 8986 9719 9695 8979
f 9065 9073 9714 9717
f 9133 9729 9721 9035
f 9024 9030 9724 9715
f 9111 9719 9726 9130
f 9129 9725 9696 9092
f 9130 9726 9727 9122
f 9129 9122 9727 9725
f 9094 9702 9728 9141
f 9010 9722 9729 9133
f 9289 9279 9730 9744
f 9291 9280 9731 9746
f 9979 9282 9733 9967
f 9285 9740 9752 9295
f 9284 9735 9751 9283
f 9283 9751 9740 9285
f 9295 9752 9741 9286
f 9282 9287 9742 9733
f 9333 9767 9745 9290
f 9292 9288 9743 9747
f 9294 9290 9745 9749
f 9288 9289 9744 9743
f 9287 9291 9746 9742
f 9280 9292 9747 9731
f 9279 9293 9748 9730
f 9293 9294 9749 9748
f 9210 9254 9755 9757
f 9976 9162 9739 9966
f 9162 9210 9757 9739
f 9265 9227 9760 9753
f 9171 9734 9759 9195
f 9163 9216 9754 9737
f 9164 9257 9756 9736
f 9274 9750 9761 9202
f 9242 9164 9736 9762
f 9254 9163 9737 9755
f 9222 9242 9762 9763
f 9195 9759 9750 9274
f 9178 9758 9734 9171
f 9257 9265 9753 9756
f 9325 9768 9760 9227
f 9216 9222 9763 9754
f 9303 9758 9765 9322
f 9321 9764 9735 9284
f 9322 9765 9766 9314
f 9321 9314 9766 9764
f 9286 9741 9767 9333
f 9202 9761 9768 9325
f 8992 8963 9784 9785
f 8925 8805 9780 9782
f 9793 9789 9154 9184
f 9800 9792 9161 9738
f 9462 8578 9769 9797
f 9799 9775 8705 9615
f 9184 9155 9790 9793
f 9798 9790 9155 9578
f 9309 9189 9794 9796
f 9738 9309 9796 9800
f 9117 8997 9786 9788
f 9797 9771 8581 9462
f 9781 9780 8805 8897
f 9779 9777 8770 8800
f 9775 9774 8613 8705
f 9795 9794 9189 9281
f 9615 8589 9772 9799
f 9787 9786 8997 9089
f 8800 8771 9778 9779
f 9773 9769 8578 8608
f 9771 9772 8589 8581
f 9792 9791 9156 9161
f 9578 9156 9791 9798
f 8733 8613 9774 9776
f 9785 9783 8962 8992
f 8608 8579 9770 9773
f 10477 10476 9786 9787
f 10480 10479 9811 9813
f 10481 10482 9794 9795
f 9822 9824 9859 9877
f 10475 10479 9780 9781
f 10485 10476 9817 9819
f 10484 10478 9805 9807
f 9833 9836 9812 9807
f 9819 9828 10330 9825
f 9539 9923 9784 8963
f 9833 9807 9805 9832
f 9833 9832 9846 9849
f 9813 9811 9835 9837
f 9845 9829 9803 9826
f 9836 9835 9811 9812
f 9863 9540 8962 9783
f 9855 9828 9889 9853
f 9851 9850 9835 9836
f 9828 9819 9817 9889
f 9837 9835 9850 9852
f 9878 9875 9856 9860
f 9918 9912 9882 9866
f 9860 9857 9876 9878
f 9912 9893 9892 9882
f 9884 9892 9893 9894
f 10536 10520 9904 10334
f 9868 9884 9894 9913
f 10334 9904 9901 10342
f 9866 9883 9911 9918
f 10335 10344 9921 9915
f 10336 10340 9896 9907
f 10337 10332 9908 9914
f 10344 10341 9864 9921
f 9911 9917 9843 9922
f 9500 9906 9778 8771
f 10340 10332 9899 9896
f 10331 10337 9914 9920
f 10336 10335 9915 9844
f 9890 9842 9893 9912
f 9917 9919 9830 9843
f 10250 9860 9856 10249
f 9883 9867 9917 9911
f 9856 9913 9881 10249
f 8609 8577 9926 9930
f 9463 8582 9925 9934
f 9464 8576 9927 9935
f 9615 9936 9929 8589
f 8586 9928 9927 8576
f 8589 9929 9924 8581
f 8582 8609 9930 9925
f 8733 9933 9931 8613
f 8613 9931 9932 8705
f 9621 9937 9933 8733
f 8575 9463 9934 9924
f 8577 9464 9935 9926
f 8705 9932 9936 9615
f 8585 9928 9937 9621
f 9660 9948 9944 8925
f 9502 8774 9974 9943
f 9503 8768 9972 9942
f 8778 9941 9972 8768
f 8970 9952 9965 8960
f 9654 9949 9940 8781
f 9699 9951 9957 9117
f 8997 9963 9956 9089
f 8925 9944 9938 8805
f 8966 8993 9962 9955
f 8897 9945 9949 9654
f 8769 9503 9942 9973
f 9542 8960 9965 9959
f 8767 9502 9943 9975
f 9541 8966 9955 9958
f 8777 9941 9948 9660
f 8805 9938 9945 8897
f 9189 9968 9979 9281
f 8774 8801 9939 9974
f 8781 9940 9975 8773
f 9089 9956 9950 9693
f 8801 8769 9973 9939
f 8969 9952 9951 9699
f 9309 9978 9968 9189
f 9693 9950 9953 8973
f 9185 9153 9947 9969
f 9732 9967 9977 9165
f 9580 9158 9960 9971
f 8961 9542 9959 9964
f 8973 9953 9954 8965
f 8993 8961 9964 9962
f 8959 9541 9958 9954
f 9117 9957 9963 8997
f 9153 9581 9970 9947
f 9158 9185 9969 9960
f 9281 9979 9967 9732
f 9738 9966 9978 9309
f 9151 9580 9971 9961
f 9161 9976 9966 9738
f 9165 9977 9961 9157
f 9581 9152 9946 9970
f 9162 9976 9946 9152
f 9995 9985 8423 8433
f 9988 9987 8425 8426
f 9980 9990 8428 8418
f 9987 9991 8429 8425
f 8421 8422 9984 9983
f 8434 8430 9992 9996
f 9991 9992 8430 8429
f 8422 8423 9985 9984
f 10521 9993 8431 10519
f 9986 9980 8418 8424
f 8424 8419 9981 9986
f 9993 9994 8432 8431
f 9990 9989 8427 8428
f 8419 8420 9982 9981
f 9994 9995 8433 8432
f 9989 9988 8426 8427
f 10008 10009 9992 9991
f 9984 9985 10002 10001
f 10522 10010 9993 10521
f 10003 9997 9980 9986
f 9986 9981 9998 10003
f 10010 10011 9994 9993
f 10007 10006 9989 9990
f 9981 9982 9999 9998
f 10011 10012 9995 9994
f 10006 10005 9988 9989
f 10012 10002 9985 9995
f 10005 10004 9987 9988
f 9997 10007 9990 9980
f 10004 10008 9991 9987
f 9983 9984 10001 10000
f 9996 9992 10009 10013
f 10523 10027 10010 10522
f 10020 10014 9997 10003
f 10003 9998 10015 10020
f 10027 10028 10011 10010
f 10024 10023 10006 10007
f 9998 9999 10016 10015
f 10028 10029 10012 10011
f 10023 10022 10005 10006
f 10029 10019 10002 10012
f 10022 10021 10004 10005
f 10014 10024 10007 9997
f 10021 10025 10008 10004
f 10000 10001 10018 10017
f 10013 10009 10026 10030
f 10025 10026 10009 10008
f 10001 10002 10019 10018
f 10044 10045 10028 10027
f 10041 10040 10023 10024
f 10015 10016 10033 10032
f 10045 10046 10029 10028
f 10040 10039 10022 10023
f 10046 10036 10019 10029
f 10039 10038 10021 10022
f 10031 10041 10024 10014
f 10038 10042 10025 10021
f 10017 10018 10035 10034
f 10030 10026 10043 10047
f 10042 10043 10026 10025
f 10018 10019 10036 10035
f 10524 10044 10027 10523
f 10037 10031 10014 10020
f 10020 10015 10032 10037
f 10525 10061 10044 10524
f 10054 10048 10031 10037
f 10037 10032 10049 10054
f 10061 10062 10045 10044
f 10058 10057 10040 10041
f 10032 10033 10050 10049
f 10062 10063 10046 10045
f 10057 10056 10039 10040
f 10063 10053 10036 10046
f 10056 10055 10038 10039
f 10048 10058 10041 10031
f 10055 10059 10042 10038
f 10034 10035 10052 10051
f 10047 10043 10060 10064
f 10059 10060 10043 10042
f 10035 10036 10053 10052
f 10078 10079 10062 10061
f 10075 10074 10057 10058
f 10049 10050 10067 10066
f 10079 10080 10063 10062
f 10074 10073 10056 10057
f 10080 10070 10053 10063
f 10073 10072 10055 10056
f 10065 10075 10058 10048
f 10072 10076 10059 10055
f 10051 10052 10069 10068
f 10064 10060 10077 10081
f 10076 10077 10060 10059
f 10052 10053 10070 10069
f 10526 10078 10061 10525
f 10071 10065 10048 10054
f 10054 10049 10066 10071
f 10096 10097 10080 10079
f 10091 10090 10073 10074
f 10097 10087 10070 10080
f 10090 10089 10072 10073
f 10082 10092 10075 10065
f 10089 10093 10076 10072
f 10068 10069 10086 10085
f 10081 10077 10094 10098
f 10093 10094 10077 10076
f 10069 10070 10087 10086
f 10527 10095 10078 10526
f 10088 10082 10065 10071
f 10071 10066 10083 10088
f 10095 10096 10079 10078
f 10092 10091 10074 10075
f 10066 10067 10084 10083
f 10114 10104 10087 10097
f 10107 10106 10089 10090
f 10099 10109 10092 10082
f 10106 10110 10093 10089
f 10085 10086 10103 10102
f 10098 10094 10111 10115
f 10110 10111 10094 10093
f 10086 10087 10104 10103
f 10528 10112 10095 10527
f 10105 10099 10082 10088
f 10088 10083 10100 10105
f 10112 10113 10096 10095
f 10109 10108 10091 10092
f 10083 10084 10101 10100
f 10113 10114 10097 10096
f 10108 10107 10090 10091
f 10116 10126 10109 10099
f 10123 10127 10110 10106
f 10102 10103 10120 10119
f 10115 10111 10128 10132
f 10127 10128 10111 10110
f 10103 10104 10121 10120
f 10529 10129 10112 10528
f 10122 10116 10099 10105
f 10105 10100 10117 10122
f 10129 10130 10113 10112
f 10126 10125 10108 10109
f 10100 10101 10118 10117
f 10130 10131 10114 10113
f 10125 10124 10107 10108
f 10131 10121 10104 10114
f 10124 10123 10106 10107
f 10132 10128 10145 10149
f 10144 10145 10128 10127
f 10120 10121 10138 10137
f 10530 10146 10129 10529
f 10139 10133 10116 10122
f 10122 10117 10134 10139
f 10146 10147 10130 10129
f 10143 10142 10125 10126
f 10117 10118 10135 10134
f 10147 10148 10131 10130
f 10142 10141 10124 10125
f 10148 10138 10121 10131
f 10141 10140 10123 10124
f 10133 10143 10126 10116
f 10140 10144 10127 10123
f 10119 10120 10137 10136
f 10531 10163 10146 10530
f 10156 10150 10133 10139
f 10139 10134 10151 10156
f 10163 10164 10147 10146
f 10160 10159 10142 10143
f 10134 10135 10152 10151
f 10164 10165 10148 10147
f 10159 10158 10141 10142
f 10165 10155 10138 10148
f 10158 10157 10140 10141
f 10150 10160 10143 10133
f 10157 10161 10144 10140
f 10136 10137 10154 10153
f 10149 10145 10162 10166
f 10161 10162 10145 10144
f 10137 10138 10155 10154
f 10180 10181 10164 10163
f 10177 10176 10159 10160
f 10151 10152 10169 10168
f 10181 10182 10165 10164
f 10176 10175 10158 10159
f 10182 10172 10155 10165
f 10175 10174 10157 10158
f 10167 10177 10160 10150
f 10174 10178 10161 10157
f 10153 10154 10171 10170
f 10166 10162 10179 10183
f 10178 10179 10162 10161
f 10154 10155 10172 10171
f 10532 10180 10163 10531
f 10173 10167 10150 10156
f 10156 10151 10168 10173
f 10198 10199 10182 10181
f 10193 10192 10175 10176
f 10199 10189 10172 10182
f 10192 10191 10174 10175
f 10184 10194 10177 10167
f 10191 10195 10178 10174
f 10170 10171 10188 10187
f 10183 10179 10196 10200
f 10195 10196 10179 10178
f 10171 10172 10189 10188
f 10533 10197 10180 10532
f 10190 10184 10167 10173
f 10173 10168 10185 10190
f 10197 10198 10181 10180
f 10194 10193 10176 10177
f 10168 10169 10186 10185
f 10216 10206 10189 10199
f 10209 10208 10191 10192
f 10201 10211 10194 10184
f 10208 10212 10195 10191
f 10187 10188 10205 10204
f 10200 10196 10213 10217
f 10212 10213 10196 10195
f 10188 10189 10206 10205
f 10534 10214 10197 10533
f 10207 10201 10184 10190
f 10190 10185 10202 10207
f 10214 10215 10198 10197
f 10211 10210 10193 10194
f 10185 10186 10203 10202
f 10215 10216 10199 10198
f 10210 10209 10192 10193
f 10550 10549 10211 10201
f 10552 10551 10212 10208
f 10554 10553 10222 10221
f 10556 10555 10230 10234
f 10551 10555 10213 10212
f 10553 10557 10223 10222
f 10568 10558 10214 10534
f 10559 10550 10201 10207
f 10559 10560 10219 10224
f 10558 10561 10215 10214
f 10549 10562 10210 10211
f 10560 10563 10220 10219
f 10561 10564 10216 10215
f 10562 10565 10209 10210
f 10564 10557 10206 10216
f 10565 10552 10208 10209
f 9913 9894 10247 9881
f 9918 9911 9922 9834
f 9826 9830 9919 9845
f 9834 9890 9912 9918
f 9816 10247 9842 9814
f 9810 9834 9922 9808
f 9894 9893 9842 10247
f 9823 9793 9790 9821
f 10245 9501 8770 9777
f 9461 10246 9770 8579
f 9501 9461 8580 8773
f 9461 9501 10245 10246
f 9793 9823 9820 9789
f 10249 10248 9789 9820
f 9540 9500 8772 8965
f 10247 9816 9815 9881
f 9500 9540 9863 9906
f 9881 9923 10248 10249
f 10250 9823 9821 9827
f 9860 10250 9827 9857
f 10248 9579 9154 9789
f 9539 9579 10248 9923
f 9579 9539 8964 9157
f 9823 10250 10249 9820
f 9838 9854 9853 9889
f 10579 10219 10220 10580
f 10578 10224 10219 10579
f 9384 9386 10255 10253
f 10259 10256 9387 9390
f 10260 10252 9383 9420
f 9432 9383 10252 10261
f 10257 10258 9389 9388
f 10256 10257 9388 9387
f 10261 10259 9390 9432
f 10258 10254 9385 9389
f 9420 9384 10253 10260
f 10254 10255 9386 9385
f 10268 10264 10254 10258
f 10264 10265 10255 10254
f 10260 10253 10263 10270
f 10269 10266 10256 10259
f 10253 10255 10265 10263
f 10270 10262 10252 10260
f 10261 10252 10262 10271
f 10271 10269 10259 10261
f 10267 10268 10258 10257
f 10266 10267 10257 10256
f 10277 10278 10268 10267
f 10276 10277 10267 10266
f 10278 10274 10264 10268
f 10274 10275 10265 10264
f 10270 10263 10273 10280
f 10279 10276 10266 10269
f 10263 10265 10275 10273
f 10280 10272 10262 10270
f 10271 10262 10272 10281
f 10281 10279 10269 10271
f 10290 10282 10272 10280
f 10281 10272 10282 10291
f 10291 10289 10279 10281
f 10287 10288 10278 10277
f 10286 10287 10277 10276
f 10288 10284 10274 10278
f 10284 10285 10275 10274
f 10280 10273 10283 10290
f 10289 10286 10276 10279
f 10273 10275 10285 10283
f 10290 10283 10293 10300
f 10299 10296 10286 10289
f 10283 10285 10295 10293
f 10300 10292 10282 10290
f 10291 10282 10292 10301
f 10301 10299 10289 10291
f 10297 10298 10288 10287
f 10296 10297 10287 10286
f 10298 10294 10284 10288
f 10294 10295 10285 10284
f 10308 10304 10294 10298
f 10304 10305 10295 10294
f 10300 10293 10303 10310
f 10309 10306 10296 10299
f 10293 10295 10305 10303
f 10310 10302 10292 10300
f 10301 10292 10302 10311
f 10311 10309 10299 10301
f 10307 10308 10298 10297
f 10306 10307 10297 10296
f 9841 10305 10304 9840
f 9861 10303 10305 9841
f 9873 9872 10314 10315
f 9872 9871 10313 10314
f 9871 9870 10312 10313
f 10315 10314 10316 10317
f 10317 10316 10318 10319
f 10319 10318 10321 10322
f 9885 10492 10347 10493
f 10322 10321 10324 10325
f 10325 10324 10327 10328
f 10339 10327 10495 9903
f 9847 10328 10327 10339
f 8585 8781 8773 8580
f 8777 8973 8965 8772
f 9621 9654 8781 8585
f 9654 9621 8733 8897
f 8897 8733 9776 9781
f 10484 10475 9781 9776
f 9846 10489 9873 9849
f 9836 9833 9849 9851
f 9862 10310 10303 9861
f 9660 9693 8973 8777
f 9693 9660 8925 9089
f 8969 9165 9157 8964
f 9699 9732 9165 8969
f 9732 9699 9117 9281
f 9281 9117 9788 9795
f 10485 10481 9795 9788
f 9838 9818 9813 9837
f 9854 9838 9837 9852
f 9889 9817 9818 9838
f 10477 10480 9813 9818
f 9782 9787 9089 8925
f 9825 10330 9859 9824
f 10331 10342 9901 9895
f 9913 9856 9875 9868
f 9830 9804 9802 9843
f 9830 9826 9801 9804
f 9834 9810 9809 9890
f 9857 9827 9822 9877
f 9879 10302 10310 9862
f 9888 10334 10342 9887
f 9897 9891 10344 10335
f 9920 9887 10342 10331
f 9895 9898 10337 10331
f 9891 9900 10341 10344
f 9844 9916 10340 10336
f 9898 9899 10332 10337
f 9907 9897 10335 10336
f 9916 9908 10332 10340
f 9859 10330 10346 9858
f 10324 10496 10495 10327
f 9828 9855 10346 10330
f 10321 10498 10496 10324
f 9880 10311 10302 9879
f 10311 9880 10486 10309
f 9848 10306 10309 10486
f 9905 10307 10306 9848
f 10307 9905 10343 10308
f 10341 9900 10347 10492
f 10333 10345 9909 9902
f 10345 10333 9910 9839
f 9876 9857 9877 9865
f 9869 9885 10493 10237
f 10578 10242 10241 10577
f 10577 10241 10240 10576
f 10576 10240 10239 10575
f 10575 10239 10243 10574
f 10574 10243 10251 10573
f 10566 10438 10204 10554
f 10437 10187 10204 10438
f 10441 10153 10170 10436
f 10356 8151 7634 10357
f 10357 7634 7633 10358
f 10358 7633 7632 10359
f 10359 7632 7631 10360
f 10360 7631 7729 10361
f 10361 7729 7727 10362
f 10362 7727 7630 10363
f 10364 7690 7502 10363
f 10364 7695 7463 10365
f 10366 7594 7464 10365
f 10366 7595 7618 10367
f 11903 11902 7620 10367
f 295 5055 11671 7062
f 11672 7061 7062 11671
f 10370 7160 7452 10369
f 11942 7134 7160 10370
f 10372 7202 7165 10371
f 10373 7203 7202 10372
f 10374 7253 7203 10373
f 10374 7251 7190 10375
f 10376 7205 7204 10375
f 10377 7206 7205 10376
f 10378 7275 7206 10377
f 10378 7273 7288 10379
f 10380 7305 7290 10379
f 10381 7320 7305 10380
f 10381 7318 7333 10382
f 10382 7333 7348 10383
f 10384 7365 7350 10383
f 10385 7380 7365 10384
f 10385 7378 7393 10386
f 10386 7393 7408 10387
f 10387 7408 7423 10388
f 10389 7424 7425 10388
f 10389 7422 7407 10390
f 10390 7407 7392 10391
f 10392 7379 7394 10391
f 10392 7377 7362 10393
f 10394 7349 7364 10393
f 10395 7334 7349 10394
f 10395 7332 7317 10396
f 10396 7317 7302 10397
f 10398 7289 7304 10397
f 10399 7274 7289 10398
f 10399 7272 7195 10400
f 10401 7194 7197 10400
f 10402 7191 7194 10401
f 10403 7249 7191 10402
f 10403 7250 7186 10404
f 10405 7185 7188 10404
f 10405 7183 7163 10406
f 11943 7130 7140 10407
f 10407 7140 7436 10408
f 7047 7061 11672 11669
f 7047 11669 11675 7101
f 10419 8202 8151 10356
f 10419 8198 8091 10420
f 10421 8078 8088 10420
f 10422 8068 8078 10421
f 10423 8058 8068 10422
f 10424 8050 8058 10423
f 10424 8051 8122 10425
f 10426 8347 8121 10425
f 10426 8353 8096 10427
f 10427 8096 8132 10428
f 10429 8105 8131 10428
f 10429 8106 8116 10430
f 10430 8116 8370 10431
f 10431 8370 8387 10432
f 10433 8403 8386 10432
f 10433 8404 8421 10434
f 10434 8421 9983 10435
f 10573 10251 10244 10572
f 10572 10244 10474 10571
f 8196 10356 10357 7528
f 7528 10357 10358 7523
f 7523 10358 10359 7518
f 7518 10359 10360 7513
f 7513 10360 10361 7508
f 7508 10361 10362 7505
f 7505 10362 10363 7502
f 7695 10364 10363 7630
f 7690 10364 10365 7464
f 7595 10366 10365 7463
f 7594 10366 10367 7620
f 7046 7045 7128 7098
f 11747 11712 7101 11675
f 11747 11673 7102 11712
f 7141 10370 10369 7448
f 7123 11942 10370 7141
f 7184 10372 10371 7164
f 7187 10373 10372 7184
f 7251 10374 10373 7187
f 7253 10374 10375 7204
f 7193 10376 10375 7190
f 7196 10377 10376 7193
f 7273 10378 10377 7196
f 7275 10378 10379 7290
f 7303 10380 10379 7288
f 7318 10381 10380 7303
f 7320 10381 10382 7335
f 7335 10382 10383 7350
f 7363 10384 10383 7348
f 7378 10385 10384 7363
f 7380 10385 10386 7395
f 7395 10386 10387 7410
f 7410 10387 10388 7425
f 7422 10389 10388 7423
f 7424 10389 10390 7409
f 7409 10390 10391 7394
f 7377 10392 10391 7392
f 7379 10392 10393 7364
f 7347 10394 10393 7362
f 7332 10395 10394 7347
f 7334 10395 10396 7319
f 7319 10396 10397 7304
f 7287 10398 10397 7302
f 7272 10399 10398 7287
f 7274 10399 10400 7197
f 7192 10401 10400 7195
f 7189 10402 10401 7192
f 7250 10403 10402 7189
f 7249 10403 10404 7188
f 7183 10405 10404 7186
f 7185 10405 10406 7168
f 7129 11943 10407 7139
f 7139 10407 10408 7435
f 11674 7103 7102 11673
f 11873 10409 10410 11872
f 11872 10410 10411 11871
f 11871 10411 10412 11870
f 11869 10413 10414 11868
f 11868 10414 10415 7599
f 7599 10415 10416 11924
f 11924 10416 10417 11874
f 11874 10417 10418 11925
f 8198 10419 10356 8196
f 8202 10419 10420 8088
f 8081 10421 10420 8091
f 8071 10422 10421 8081
f 8061 10423 10422 8071
f 8051 10424 10423 8061
f 8050 10424 10425 8121
f 8353 10426 10425 8122
f 8347 10426 10427 8095
f 8095 10427 10428 8131
f 8106 10429 10428 8132
f 8105 10429 10430 8115
f 8115 10430 10431 8369
f 8369 10431 10432 8386
f 8404 10433 10432 8387
f 8403 10433 10434 8420
f 8420 10434 10435 9982
f 9897 10242 10235 9891
f 9907 10241 10242 9897
f 10241 9907 9896 10240
f 10240 9896 9899 10239
f 9898 10243 10239 9899
f 10187 10437 10436 10170
f 9895 10251 10243 9898
f 10251 9895 9901 10244
f 10570 10234 10230 10571
f 10563 10566 10439 10220
f 10186 10437 10438 10203
f 8246 8240 10442 10443
f 8252 8246 10443 10444
f 8258 8252 10444 10445
f 8264 8258 10445 10446
f 8270 8264 10446 10447
f 1598 8270 10447 3781
f 8284 8362 10453 10448
f 8362 8358 10449 10453
f 8358 8359 10450 10449
f 8359 8360 10451 10450
f 8360 8361 10452 10451
f 8294 8284 10448 10454
f 8361 8383 10455 10452
f 8383 8400 10456 10455
f 8400 8417 10457 10456
f 8417 8434 10458 10457
f 9996 10459 10458 8434
f 10013 10460 10459 9996
f 10030 10461 10460 10013
f 10047 10462 10461 10030
f 10064 10463 10462 10047
f 10081 10464 10463 10064
f 10098 10465 10464 10081
f 10115 10466 10465 10098
f 10132 10467 10466 10115
f 10149 10468 10467 10132
f 10166 10469 10468 10149
f 10183 10470 10469 10166
f 10200 10471 10470 10183
f 10217 10472 10471 10200
f 10556 10567 10472 10217
f 10569 10473 10234 10570
f 9904 10474 10244 9901
f 9815 9784 9923 9881
f 9818 9817 10476 10477
f 9806 9805 10478 9799
f 9816 9785 9784 9815
f 9785 9816 9814 9783
f 9782 9780 10479 10480
f 9842 9863 9783 9814
f 9825 9824 10482 10481
f 9799 10478 9774 9775
f 9863 9842 9890 9906
f 9809 9778 9906 9890
f 9810 9779 9778 9809
f 9779 9810 9808 9777
f 9812 9811 10479 10475
f 9788 9786 10476 10485
f 9800 10482 9824 9792
f 9922 10245 9777 9808
f 9776 9774 10478 10484
f 10245 9922 9843 10246
f 9802 9770 10246 9843
f 9804 9773 9770 9802
f 9800 9796 9794 10482
f 9773 9804 9801 9769
f 9826 9797 9769 9801
f 9797 9826 9803 9771
f 9829 10503 10483 9803
f 9806 10483 10503 9831
f 9792 9824 9822 9791
f 9827 9798 9791 9822
f 9798 9827 9821 9790
f 9771 9803 10483 9772
f 9807 9812 10475 10484
f 9819 9825 10481 10485
f 9787 9782 10480 10477
f 10308 10343 9840 10304
f 10487 9848 10486 10488
f 9886 9905 9848 10487
f 9919 9917 9867 9874
f 10492 10490 9864 10341
f 10520 10538 10474 9904
f 9885 10343 9905 9886
f 10520 9902 10351 10538
f 10491 9845 9919 9874
f 9874 9864 10490 10491
f 10490 9886 10487 10491
f 9845 10491 10487 9829
f 9867 9921 9864 9874
f 9883 9915 9921 9867
f 10339 10345 9839 9847
f 10345 10339 9903 9909
f 10329 10349 10351 9902
f 10326 10350 10349 10329
f 10323 10352 10350 10326
f 10320 10354 10352 10323
f 10348 10353 10354 10320
f 10237 10440 10353 10348
f 10493 10355 10440 10237
f 10347 10236 10355 10493
f 10329 9902 9909 10494
f 10312 9870 9869 10237
f 10326 10329 10494 10338
f 9909 9903 10495 10494
f 10318 10500 10498 10321
f 10500 10318 10316 10502
f 10496 10338 10494 10495
f 10338 10496 10498 10497
f 10497 10498 10500 10499
f 10499 10500 10502 10501
f 10323 10326 10338 10497
f 10499 10320 10323 10497
f 10320 10499 10501 10348
f 10316 10314 10313 10502
f 10502 10313 10312 10501
f 10312 10237 10348 10501
f 9877 9859 9858 9865
f 9866 9844 9915 9883
f 9844 9866 9882 9916
f 9916 9882 9892 9908
f 9884 9914 9908 9892
f 9868 9920 9914 9884
f 9875 9887 9920 9868
f 9878 9888 9887 9875
f 9858 9839 9910 9865
f 9839 9858 10346 9847
f 9855 10328 9847 10346
f 10328 9855 9853 10325
f 9854 10322 10325 9853
f 10322 9854 9852 10319
f 10319 9852 9850 10317
f 9851 10315 10317 9850
f 10315 9851 9849 9873
f 9806 9799 9772 10483
f 9832 9831 10503 9846
f 9806 9831 9832 9805
f 9829 10487 10488 10503
f 10443 10442 10504 10505
f 10444 10443 10505 10506
f 10445 10444 10506 10507
f 10446 10445 10507 10508
f 10447 10446 10508 10509
f 3781 10447 10509 3844
f 10448 10453 10515 10510
f 10453 10449 10511 10515
f 10449 10450 10512 10511
f 10450 10451 10513 10512
f 10451 10452 10514 10513
f 10454 10448 10510 10537
f 10452 10455 10516 10514
f 10455 10456 10517 10516
f 10456 10457 10518 10517
f 10457 10458 10519 10518
f 10333 9902 10520 10536
f 10459 10521 10519 10458
f 10460 10522 10521 10459
f 10461 10523 10522 10460
f 10462 10524 10523 10461
f 10463 10525 10524 10462
f 10464 10526 10525 10463
f 10465 10527 10526 10464
f 10466 10528 10527 10465
f 10467 10529 10528 10466
f 10468 10530 10529 10467
f 10469 10531 10530 10468
f 10470 10532 10531 10469
f 10471 10533 10532 10470
f 10472 10534 10533 10471
f 10567 10568 10534 10472
f 9900 10238 10236 10347
f 9891 10235 10238 9900
f 9865 9910 10539 9876
f 10333 10536 10539 9910
f 9888 9878 9876 10539
f 10536 10334 9888 10539
f 10540 10119 10136 10541
f 10540 10118 10101 10542
f 10543 10085 10102 10542
f 10543 10084 10067 10544
f 10545 10051 10068 10544
f 10546 10034 10051 10545
f 10547 10017 10034 10546
f 10548 10000 10017 10547
f 10118 10540 10541 10135
f 10119 10540 10542 10102
f 10084 10543 10542 10101
f 10085 10543 10544 10068
f 10050 10545 10544 10067
f 10033 10546 10545 10050
f 10016 10547 10546 10033
f 9999 10548 10547 10016
f 10541 10136 10153 10441
f 10437 10186 10169 10436
f 10435 9983 10000 10548
f 10135 10541 10441 10152
f 9982 10435 10548 9999
f 10152 10441 10436 10169
f 9886 10490 10492 9885
f 9880 10489 10488 10486
f 10489 9880 9879 9873
f 9873 9879 9862 9872
f 9872 9862 9861 9871
f 9871 9861 9841 9870
f 9870 9841 9840 9869
f 9869 9840 10343 9885
f 10588 10439 10221 10587
f 10587 10221 10222 10586
f 10586 10222 10223 10585
f 10584 10354 10353 10585
f 10583 10352 10354 10584
f 10582 10350 10352 10583
f 10581 10349 10350 10582
f 10581 10535 10473 10569
f 10580 10220 10439 10588
f 10218 10228 10549 10550
f 10225 10229 10551 10552
f 10204 10205 10553 10554
f 10217 10213 10555 10556
f 10229 10230 10555 10551
f 10205 10206 10557 10553
f 10535 10231 10558 10568
f 10224 10218 10550 10559
f 10207 10202 10560 10559
f 10231 10232 10561 10558
f 10228 10227 10562 10549
f 10202 10203 10563 10560
f 10232 10233 10564 10561
f 10227 10226 10565 10562
f 10233 10223 10557 10564
f 10226 10225 10552 10565
f 10439 10566 10554 10221
f 10203 10438 10566 10563
f 10234 10473 10567 10556
f 10473 10535 10568 10567
f 10351 10569 10570 10538
f 10224 10578 10577 10218
f 10232 10583 10584 10233
f 10242 10578 10579 10235
f 10440 10586 10585 10353
f 10235 10579 10580 10238
f 10229 10572 10571 10230
f 10238 10580 10588 10236
f 10227 10575 10574 10226
f 10225 10573 10572 10229
f 10355 10587 10586 10440
f 10535 10581 10582 10231
f 10228 10576 10575 10227
f 10226 10574 10573 10225
f 10349 10581 10569 10351
f 10233 10584 10585 10223
f 10218 10577 10576 10228
f 10538 10570 10571 10474
f 10231 10582 10583 10232
f 10236 10588 10587 10355
f 10503 10488 10489 9846
f 8267 8261 10595 10596
f 8364 8287 10598 10601
f 8261 8255 10594 10595
f 8138 8102 10589 10591
f 8297 8363 10600 10599
f 8112 8138 10591 10590
f 8287 8297 10599 10598
f 8255 8249 10593 10594
f 8363 8112 10590 10600
f 1601 8273 10597 3933
f 8249 8243 10592 10593
f 8273 8267 10596 10597
f 10597 10596 10609 10610
f 10590 10591 10604 10603
f 3933 10597 10610 3947
f 10593 10592 10605 10606
f 10601 10598 10611 10614
f 10594 10593 10606 10607
f 10598 10599 10612 10611
f 10595 10594 10607 10608
f 10599 10600 10613 10612
f 10596 10595 10608 10609
f 10591 10589 10602 10604
f 10600 10590 10603 10613
f 10613 10603 10616 10626
f 10610 10609 10622 10623
f 10603 10604 10617 10616
f 3947 10610 10623 3961
f 10606 10605 10618 10619
f 10614 10611 10624 10627
f 10607 10606 10619 10620
f 10611 10612 10625 10624
f 10608 10607 10620 10621
f 10612 10613 10626 10625
f 10609 10608 10621 10622
f 10604 10602 10615 10617
f 10626 10616 10629 10639
f 10623 10622 10635 10636
f 10616 10617 10630 10629
f 3961 10623 10636 3975
f 10619 10618 10631 10632
f 10627 10624 10637 10640
f 10620 10619 10632 10633
f 10624 10625 10638 10637
f 10621 10620 10633 10634
f 10625 10626 10639 10638
f 10622 10621 10634 10635
f 10617 10615 10628 10630
f 10639 10629 10642 10652
f 10636 10635 10648 10649
f 10629 10630 10643 10642
f 3975 10636 10649 3989
f 10632 10631 10644 10645
f 10640 10637 10650 10653
f 10633 10632 10645 10646
f 10637 10638 10651 10650
f 10634 10633 10646 10647
f 10638 10639 10652 10651
f 10635 10634 10647 10648
f 10630 10628 10641 10643
f 10652 10642 10655 10665
f 10649 10648 10661 10662
f 10642 10643 10656 10655
f 3989 10649 10662 4003
f 10645 10644 10657 10658
f 10653 10650 10663 10666
f 10646 10645 10658 10659
f 10650 10651 10664 10663
f 10647 10646 10659 10660
f 10651 10652 10665 10664
f 10648 10647 10660 10661
f 10643 10641 10654 10656
f 10656 10654 10667 10669
f 10665 10655 10668 10678
f 10662 10661 10674 10675
f 10655 10656 10669 10668
f 10658 10657 10670 10671
f 10666 10663 10676 10679
f 10659 10658 10671 10672
f 10663 10664 10677 10676
f 10660 10659 10672 10673
f 10664 10665 10678 10677
f 10661 10660 10673 10674
f 10674 10673 10686 10687
f 10669 10667 10680 10682
f 10678 10668 10681 10691
f 10675 10674 10687 10688
f 10668 10669 10682 10681
f 4017 10675 10688 4031
f 10671 10670 10683 10684
f 10679 10676 10689 10692
f 10672 10671 10684 10685
f 10676 10677 10690 10689
f 10673 10672 10685 10686
f 10677 10678 10691 10690
f 10784 10783 10705 10704
f 10687 10686 10700 10701
f 10786 10785 10693 10695
f 10783 10787 10694 10705
f 10688 10687 10701 10702
f 10787 10786 10695 10694
f 4031 10688 10702 4046
f 10684 10683 10697 10698
f 10685 10684 10698 10699
f 10686 10685 10699 10700
f 10704 10705 10718 10717
f 10790 10789 10714 10715
f 10695 10693 10707 10709
f 10705 10694 10708 10718
f 10791 10790 10715 10716
f 10694 10695 10709 10708
f 4149 10791 10716 4061
f 8234 8274 8238 8233
f 10793 10792 10711 10712
f 10795 10793 10712 10713
f 10789 10795 10713 10714
f 10720 8355 8128 8544
f 8543 10721 10720 8544
f 10589 10720 10721 10602
f 10602 10721 10722 10615
f 8542 10722 10721 8543
f 10753 10739 10733 10754
f 10654 10752 10753 10667
f 10753 10752 10744 10739
f 10641 10723 10752 10654
f 10798 10794 10703 10710
f 10752 10723 10749 10744
f 10794 4155 4070 10703
f 8540 8539 10725 10726
f 10797 10798 10710 10696
f 10628 10724 10723 10641
f 10740 10741 10728 10730
f 10726 10725 10731 10732
f 10723 10724 8541 10749
f 10741 4094 4072 10728
f 10736 10740 10730 10734
f 10746 10729 10741 10740
f 10729 4071 4094 10741
f 10750 10746 10740 10736
f 10732 10731 10737 10738
f 10615 10722 10724 10628
f 10745 10751 10746 10750
f 10735 4089 4071 10729
f 10751 10735 10729 10746
f 10738 10737 10742 10743
f 8541 10724 10722 8542
f 8538 8537 10751 10745
f 8537 8566 10735 10751
f 10800 10799 10747 10748
f 8540 10726 10749 8541
f 10732 10744 10749 10726
f 10738 10739 10744 10732
f 10738 10743 10733 10739
f 10800 10748 10727 10801
f 10667 10753 10754 10680
f 10796 10801 10727 10755
f 10785 10796 10755 10693
f 8538 10745 10725 8539
f 10725 10745 10750 10731
f 10736 10737 10731 10750
f 10734 10742 10737 10736
f 10797 10799 10742 10734
f 10802 10689 10690 10784
f 10788 10692 10689 10802
f 10757 4107 4112 10760
f 10758 10757 10760 10761
f 10759 10758 10761 10762
f 4111 10759 10762 4116
f 10761 10760 10763 10764
f 10762 10761 10764 10765
f 4116 10762 10765 4121
f 4117 4122 10764 10763
f 10764 4122 4121 10765
f 10757 10703 4070 4107
f 10747 10696 10766 10769
f 10748 10747 10769 10770
f 10755 10727 10768 10771
f 10727 10748 10770 10768
f 10696 10710 10767 10766
f 10693 10755 10771 10707
f 10703 10757 10767 10710
f 10770 10769 10780 10781
f 10768 10770 10781 10779
f 10717 10718 10776 10775
f 10771 10768 10779 10782
f 10718 10708 10773 10776
f 10769 10766 10777 10780
f 10707 10771 10782 10772
f 10709 10707 10772 10774
f 10708 10709 10774 10773
f 10766 10767 10778 10777
f 10767 10757 10758 10778
f 10690 10691 10783 10784
f 10682 10680 10785 10786
f 10691 10681 10787 10783
f 10681 10682 10786 10787
f 10701 10700 10789 10790
f 10702 10701 10790 10791
f 4046 10702 10791 4149
f 10698 10697 10792 10793
f 10699 10698 10793 10795
f 10700 10699 10795 10789
f 10730 10728 10794 10798
f 10728 4072 4155 10794
f 10734 10730 10798 10797
f 10743 10742 10799 10800
f 10743 10800 10801 10733
f 10754 10733 10801 10796
f 10680 10754 10796 10785
f 10696 10747 10799 10797
f 10756 10802 10784 10704
f 10706 10788 10802 10756
f 10772 10782 10811 10810
f 10779 10781 10812 10803
f 10773 10774 10808 10809
f 10777 10778 10804 10805
f 10778 10758 10759 10804
f 10781 10780 10813 10812
f 10775 10776 10806 10807
f 10782 10779 10803 10811
f 10780 10777 10805 10813
f 10774 10772 10810 10808
f 10776 10773 10809 10806
f 4110 4367 4368 4111
f 4367 4110 4163 4366
f 4366 4163 4164 4370
f 4370 4164 4172 4365
f 4365 4172 4171 4364
f 4364 4171 4162 4369
f 4170 4398 4369 4162
f 4169 4399 4398 4170
f 4399 4169 4167 4400
f 4168 4396 4400 4167
f 4206 4216 4215 4205
f 4396 4168 4165 4397
f 10807 10816 10815 10775
f 10775 10815 10814 10717
f 10717 10814 10756 10704
f 10706 10756 10814 10719
f 10716 10715 10821 10822
f 10712 10711 10817 10818
f 10715 10714 10820 10821
f 10714 10713 10819 10820
f 4061 10716 10822 4182
f 10713 10712 10818 10819
f 10819 10818 10824 10825
f 10822 10821 10827 10828
f 10818 10817 10823 10824
f 10821 10820 10826 10827
f 10820 10819 10825 10826
f 4182 10822 10828 4189
f 4166 4401 4397 4165
f 4401 4166 4175 4395
f 4395 4175 4198 4392
f 4183 4190 4392 4198
f 4184 4191 4190 4183
f 4185 4192 4191 4184
f 4186 4193 4192 4185
f 4187 4194 4193 4186
f 4188 4195 4194 4187
f 4189 4196 4195 4188
f 4189 10828 10834 4196
f 10834 10828 10827 10833
f 10719 10814 10815 10835
f 10835 10815 10816 10836
f 10833 10827 10826 10832
f 4388 11006 10843 4206
f 11008 11007 10838 10839
f 11009 11008 10839 10840
f 11011 11009 10840 10841
f 11012 11011 10841 10842
f 11010 11013 10837 10844
f 11006 11012 10842 10843
f 4206 10843 10852 4216
f 10844 10837 10845 10846
f 10852 10843 10842 10851
f 4205 4215 4214 4204
f 4204 4214 4213 4203
f 4203 4213 4212 4202
f 4202 4212 4211 4201
f 4201 4211 4210 4200
f 4200 4210 4225 4209
f 4217 4208 4209 4225
f 4208 4217 4283 4277
f 4277 4283 4282 4276
f 4285 4279 4276 4282
f 4279 4285 4284 4278
f 10848 10847 10854 10855
f 10849 10848 10855 10856
f 4286 4280 4278 4284
f 10850 10849 10856 10857
f 10851 10850 10857 10858
f 10852 10851 10858 10859
f 4216 10852 10859 4224
f 10855 10854 10862 10863
f 10856 10855 10863 10864
f 10860 10853 10861 10868
f 10857 10856 10864 10865
f 10858 10857 10865 10866
f 10859 10858 10866 10867
f 4224 10859 10867 4233
f 4233 10867 10875 4242
f 10863 10862 10870 10871
f 10864 10863 10871 10872
f 10868 10861 10869 10876
f 10865 10864 10872 10873
f 10866 10865 10873 10874
f 10867 10866 10874 10875
f 4242 10875 10883 4251
f 10871 10870 10878 10879
f 10872 10871 10879 10880
f 10876 10869 10877 10884
f 10873 10872 10880 10881
f 10874 10873 10881 10882
f 10875 10874 10882 10883
f 10880 10879 10887 10888
f 10884 10877 10885 10892
f 10881 10880 10888 10889
f 10882 10881 10889 10890
f 10883 10882 10890 10891
f 4251 10883 10891 4260
f 10879 10878 10886 10887
f 10887 10886 10894 10895
f 10892 10885 10893 10899
f 10890 10889 10896 10897
f 10891 10890 10897 10898
f 4260 10891 10898 4268
f 11015 11014 10903 10900
f 11017 11016 10905 10904
f 11014 11018 10902 10903
f 11018 11017 10904 10902
f 11019 11015 10900 10901
f 10901 10900 10906 10907
f 10900 10903 10909 10906
f 10904 10905 10911 10910
f 10903 10902 10908 10909
f 10902 10904 10910 10908
f 4280 4286 4287 4281
f 4281 4287 4331 4325
f 4334 4328 4325 4331
f 4335 4329 4328 4334
f 4333 4327 4329 4335
f 4332 4326 4327 4333
f 4360 4359 4326 4332
f 4359 4360 4330 4324
f 10984 10983 4324 4330
f 10983 10984 10959 10954
f 10913 10912 10918 10919
f 10912 10915 10921 10918
f 10916 10917 10923 10922
f 10915 10914 10920 10921
f 10914 10916 10922 10920
f 10919 10918 10924 10925
f 10918 10921 10927 10924
f 10922 10923 10929 10928
f 10921 10920 10926 10927
f 10920 10922 10928 10926
f 10925 10924 10930 10931
f 10924 10927 10933 10930
f 10928 10929 10935 10934
f 10927 10926 10932 10933
f 10926 10928 10934 10932
f 10931 10930 10936 10937
f 10930 10933 10939 10936
f 10934 10935 10941 10940
f 10933 10932 10938 10939
f 10932 10934 10940 10938
f 10937 10936 10942 10943
f 10936 10939 10945 10942
f 10947 11027 11035 10946
f 10939 10938 10944 10945
f 11029 11028 11036 11037
f 11019 10901 10837 11013
f 10837 10901 10907 10845
f 10954 10959 10960 10955
f 10955 10960 10962 10957
f 10853 10913 10919 10861
f 10861 10919 10925 10869
f 10869 10925 10931 10877
f 10877 10931 10937 10885
f 10885 10937 10943 10893
f 10949 10982 10983 10954
f 10988 10989 10952 10951
f 10989 10993 10950 10952
f 10993 10990 10949 10950
f 10992 10988 10951 10948
f 10948 10951 10956 10953
f 10952 10950 10955 10957
f 10951 10952 10957 10956
f 10982 4318 4324 10983
f 10950 10949 10954 10955
f 10957 10962 10961 10956
f 10956 10961 10958 10953
f 10958 10917 10911 10953
f 10916 10910 10911 10917
f 10910 10916 10914 10908
f 10915 10909 10908 10914
f 10909 10915 10912 10906
f 10913 10907 10906 10912
f 10853 10845 10907 10913
f 10845 10853 10860 10846
f 10958 10961 10966 10963
f 10962 10960 10965 10967
f 10961 10962 10967 10966
f 10984 4330 4336 10985
f 10960 10959 10964 10965
f 10963 10966 10971 10968
f 10967 10965 10970 10972
f 10966 10967 10972 10971
f 10985 4336 4342 10986
f 10965 10964 10969 10970
f 10968 10971 10976 10973
f 10972 10970 10975 10977
f 10971 10972 10977 10976
f 10986 4342 4348 10987
f 10970 10969 10974 10975
f 10973 10976 10980 10978
f 10976 10977 10981 10980
f 10838 10846 10860 10847
f 10959 10984 10985 10964
f 10964 10985 10986 10969
f 10969 10986 10987 10974
f 10832 10826 10825 10831
f 10831 10825 10824 10830
f 10830 10824 10823 10829
f 10823 10836 11010 10829
f 10816 11013 11010 10836
f 10807 11019 11013 10816
f 11019 10807 10806 11015
f 10809 11014 11015 10806
f 10994 4371 4373 10995
f 10994 10995 10999 10998
f 10998 10999 11003 11002
f 10991 10982 10949 10990
f 10982 10991 4368 4318
f 4196 10834 11006 4388
f 10830 10829 11007 11008
f 10831 10830 11008 11009
f 10832 10831 11009 11011
f 8274 8278 8282 8238
f 10833 10832 11011 11012
f 11014 10809 10808 11018
f 10834 10833 11012 11006
f 10810 11017 11018 10808
f 11017 10810 10811 11016
f 11016 10811 10803 10992
f 10812 10988 10992 10803
f 10813 10989 10988 10812
f 10805 10993 10989 10813
f 10923 10963 10968 10929
f 10848 10839 10838 10847
f 10905 10948 10953 10911
f 11016 10992 10948 10905
f 10935 10973 10978 10941
f 10804 10990 10993 10805
f 10849 10840 10839 10848
f 10917 10958 10963 10923
f 10929 10968 10973 10935
f 8238 8282 8283 8239
f 8239 8283 8294 8240
f 10454 10442 8240 8294
f 10537 10504 10442 10454
f 10504 10537 8366 8241
f 8241 8366 8365 8242
f 8242 8365 8364 8243
f 10601 10592 8243 8364
f 10592 10601 10614 10605
f 10605 10614 10627 10618
f 10618 10627 10640 10631
f 10631 10640 10653 10644
f 10644 10653 10666 10657
f 10657 10666 10679 10670
f 10670 10679 10692 10683
f 10788 10697 10683 10692
f 10697 10788 10706 10792
f 10792 10706 10719 10711
f 10711 10719 10835 10817
f 10817 10835 10836 10823
f 10759 10991 10990 10804
f 10991 10759 4111 4368
f 10829 11010 10844 11007
f 11007 10844 10846 10838
f 10850 10841 10840 10849
f 10851 10842 10841 10850
f 10847 10860 10868 10854
f 10854 10868 10876 10862
f 10862 10876 10884 10870
f 10870 10884 10892 10878
f 10899 10886 10878 10892
f 10975 10979 10981 10977
f 11025 11022 10942 10945
f 10943 10942 11022 11023
f 10893 10943 11023 11020
f 10947 11026 10980 10981
f 10945 10944 11024 11025
f 11020 11021 10899 10893
f 10981 10979 11027 10947
f 10941 10978 11028 11029
f 11026 11028 10978 10980
f 10886 10899 11021 10894
f 12991 11031 11003 12990
f 11031 11030 11002 11003
f 11034 11036 11028 11026
f 10946 11034 11026 10947
f 11039 11038 11030 11031
f 12992 11039 11031 12991
f 11043 11042 11038 11039
f 12993 11043 11039 12992
f 11037 11048 11047 11029
f 11047 10940 10941 11029
f 10940 11047 10944 10938
f 11048 11024 10944 11047
f 10896 10889 10888 11046
f 11046 10888 10887 11049
f 11049 10887 10895 11050
f 12994 11065 11043 12993
f 11060 11062 11036 11034
f 10894 11021 11055 11051
f 11050 10895 11052 11069
f 11023 11022 11056 11057
f 11037 11036 11062 11063
f 11020 11023 11057 11054
f 11063 11068 11048 11037
f 11054 11055 11021 11020
f 10946 11035 11061 11053
f 11059 11056 11022 11025
f 11025 11024 11058 11059
f 11065 11064 11042 11043
f 10895 10894 11051 11052
f 11024 11048 11068 11058
f 11053 11060 11034 10946
f 11051 11055 11074 11070
f 11073 11074 11055 11054
f 11072 11079 11060 11053
f 11078 11075 11056 11059
f 11052 11051 11070 11071
f 11084 11083 11064 11065
f 11059 11058 11077 11078
f 11079 11081 11062 11060
f 11082 11087 11068 11063
f 12995 11084 11065 12994
f 11057 11056 11075 11076
f 11053 11061 11080 11072
f 11058 11068 11087 11077
f 11054 11057 11076 11073
f 11063 11062 11081 11082
f 11069 11052 11071 11088
f 13352 11091 11099 13333
f 13334 13333 11099 11102
f 13335 11122 11121 13334
f 13336 12997 11122 13335
f 13336 13337 11123 12997
f 13338 13337 11104 11105
f 13339 13338 11105 11107
f 13339 11107 11090 13340
f 13340 11090 11089 13341
f 13341 11089 11093 13342
f 13343 11111 11112 13342
f 13343 11092 11095 13344
f 11154 11151 11132 11135
f 11128 11127 11146 11147
f 11160 11159 11140 11141
f 11135 11134 11153 11154
f 11155 11157 11138 11136
f 11158 11163 11144 11139
f 12999 11160 11141 12998
f 11133 11132 11151 11152
f 11129 11137 11156 11148
f 11134 11144 11163 11153
f 11130 11133 11152 11149
f 11139 11138 11157 11158
f 11145 11128 11147 11164
f 11127 11131 11150 11146
f 11149 11150 11131 11130
f 11148 11155 11136 11129
f 11153 11163 11182 11172
f 11149 11152 11171 11168
f 11158 11157 11176 11177
f 11164 11147 11166 11183
f 11146 11150 11169 11165
f 11168 11169 11150 11149
f 11167 11174 11155 11148
f 11173 11170 11151 11154
f 11147 11146 11165 11166
f 11179 11178 11159 11160
f 11154 11153 11172 11173
f 11174 11176 11157 11155
f 11177 11182 11163 11158
f 13000 11179 11160 12999
f 11152 11151 11170 11171
f 11148 11156 11175 11167
f 11186 11193 11174 11167
f 11192 11189 11170 11173
f 11166 11165 11184 11185
f 11198 11197 11178 11179
f 11173 11172 11191 11192
f 11193 11195 11176 11174
f 11196 11201 11182 11177
f 13001 11198 11179 13000
f 11171 11170 11189 11190
f 11167 11175 11194 11186
f 11172 11182 11201 11191
f 11168 11171 11190 11187
f 11177 11176 11195 11196
f 11183 11166 11185 11202
f 11165 11169 11188 11184
f 11187 11188 11169 11168
f 11191 11201 11220 11210
f 11187 11190 11209 11206
f 11196 11195 11214 11215
f 11202 11185 11204 11221
f 11184 11188 11207 11203
f 11206 11207 11188 11187
f 11205 11212 11193 11186
f 11211 11208 11189 11192
f 11185 11184 11203 11204
f 11217 11216 11197 11198
f 11192 11191 11210 11211
f 11212 11214 11195 11193
f 11215 11220 11201 11196
f 13002 11217 11198 13001
f 11190 11189 11208 11209
f 11186 11194 11213 11205
f 11224 11231 11212 11205
f 11230 11227 11208 11211
f 11204 11203 11222 11223
f 11236 11235 11216 11217
f 11211 11210 11229 11230
f 11231 11233 11214 11212
f 11234 11239 11220 11215
f 13003 11236 11217 13002
f 11209 11208 11227 11228
f 11205 11213 11232 11224
f 11210 11220 11239 11229
f 11206 11209 11228 11225
f 11215 11214 11233 11234
f 11221 11204 11223 11240
f 11203 11207 11226 11222
f 11225 11226 11207 11206
f 11224 11232 11251 11243
f 11229 11239 11258 11248
f 11225 11228 11247 11244
f 11234 11233 11252 11253
f 11240 11223 11242 11259
f 11222 11226 11245 11241
f 11244 11245 11226 11225
f 11243 11250 11231 11224
f 11249 11246 11227 11230
f 11223 11222 11241 11242
f 11255 11254 11235 11236
f 11230 11229 11248 11249
f 11250 11252 11233 11231
f 11253 11258 11239 11234
f 13004 11255 11236 13003
f 11228 11227 11246 11247
f 11262 11269 11250 11243
f 11268 11265 11246 11249
f 11242 11241 11260 11261
f 11274 11273 11254 11255
f 11249 11248 11267 11268
f 11269 11271 11252 11250
f 11272 11277 11258 11253
f 13005 11274 11255 13004
f 11247 11246 11265 11266
f 11243 11251 11270 11262
f 11248 11258 11277 11267
f 11244 11247 11266 11263
f 11253 11252 11271 11272
f 11259 11242 11261 11278
f 11241 11245 11264 11260
f 11263 11264 11245 11244
f 11291 11296 11277 11272
f 13006 11293 11274 13005
f 11266 11265 11284 11285
f 11262 11270 11289 11281
f 11267 11277 11296 11286
f 11263 11266 11285 11282
f 11272 11271 11290 11291
f 11278 11261 11280 11297
f 11260 11264 11283 11279
f 11282 11283 11264 11263
f 11281 11288 11269 11262
f 11287 11284 11265 11268
f 11261 11260 11279 11280
f 11293 11292 11273 11274
f 11268 11267 11286 11287
f 11288 11290 11271 11269
f 11301 11302 11283 11282
f 11300 11307 11288 11281
f 11306 11303 11284 11287
f 11280 11279 11298 11299
f 11312 11311 11292 11293
f 11287 11286 11305 11306
f 11307 11309 11290 11288
f 11310 11315 11296 11291
f 13007 11312 11293 13006
f 11285 11284 11303 11304
f 11281 11289 11308 11300
f 11286 11296 11315 11305
f 11282 11285 11304 11301
f 11291 11290 11309 11310
f 11297 11280 11299 11316
f 11279 11283 11302 11298
f 11329 11334 11315 11310
f 13008 11331 11312 13007
f 11304 11303 11322 11323
f 11300 11308 11327 11319
f 11305 11315 11334 11324
f 11301 11304 11323 11320
f 11310 11309 11328 11329
f 11316 11299 11318 11335
f 11298 11302 11321 11317
f 11320 11321 11302 11301
f 11319 11326 11307 11300
f 11325 11322 11303 11306
f 11299 11298 11317 11318
f 11331 11330 11311 11312
f 11306 11305 11324 11325
f 11326 11328 11309 11307
f 11335 11318 11337 11354
f 11317 11321 11340 11336
f 11339 11340 11321 11320
f 11338 11345 11326 11319
f 11344 11341 11322 11325
f 11318 11317 11336 11337
f 11350 11349 11330 11331
f 11325 11324 11343 11344
f 11345 11347 11328 11326
f 11348 11353 11334 11329
f 13009 11350 11331 13008
f 11323 11322 11341 11342
f 11319 11327 11346 11338
f 11324 11334 11353 11343
f 11320 11323 11342 11339
f 11329 11328 11347 11348
f 11344 11343 11362 11363
f 11364 11366 11347 11345
f 11367 11372 11353 11348
f 13010 11369 11350 13009
f 11342 11341 11360 11361
f 11338 11346 11365 11357
f 11343 11353 11372 11362
f 11339 11342 11361 11358
f 11348 11347 11366 11367
f 11354 11337 11356 11373
f 11336 11340 11359 11355
f 11358 11359 11340 11339
f 11357 11364 11345 11338
f 11363 11360 11341 11344
f 11337 11336 11355 11356
f 11369 11368 11349 11350
f 11373 11356 11375 11392
f 11355 11359 11378 11374
f 11377 11378 11359 11358
f 11376 11383 11364 11357
f 11382 11379 11360 11363
f 11356 11355 11374 11375
f 11388 11387 11368 11369
f 11363 11362 11381 11382
f 11383 11385 11366 11364
f 11386 11391 11372 11367
f 13011 11388 11369 13010
f 11361 11360 11379 11380
f 11357 11365 11384 11376
f 11362 11372 11391 11381
f 11358 11361 11380 11377
f 11367 11366 11385 11386
f 11407 11406 11387 11388
f 11382 11381 11400 11401
f 11402 11404 11385 11383
f 11405 11410 11391 11386
f 13012 11407 11388 13011
f 11380 11379 11398 11399
f 11376 11384 11403 11395
f 11381 11391 11410 11400
f 11377 11380 11399 11396
f 11386 11385 11404 11405
f 11392 11375 11394 11411
f 11374 11378 11397 11393
f 11396 11397 11378 11377
f 11395 11402 11383 11376
f 11401 11398 11379 11382
f 11375 11374 11393 11394
f 4781 4810 4809 4780
f 4778 4807 4810 4781
f 4807 4778 4779 4808
f 4775 4804 4808 4779
f 4776 4805 4804 4775
f 4793 4821 4805 4776
f 4791 4819 4821 4793
f 4819 4791 4790 4818
f 4818 4790 6415 6417
f 4820 4787 4792 4811
f 4782 4812 4811 4792
f 6417 6415 4789 4817
f 4817 4789 4788 4816
f 4816 4788 4785 4814
f 4777 4806 4814 4785
f 12969 12922 12925 12465
f 12944 12945 12938 12939
f 12978 12971 12987 13031
f 12971 13037 12839 12987
f 12970 12839 13037 11421
f 11460 12970 11421 11420
f 11448 11460 11420 11417
f 11417 13013 11430 11448
f 11427 13013 11417 11418
f 11418 11446 11428 11427
f 11418 11419 12959 11446
f 4806 4777 4784 4813
f 4813 4784 4786 4815
f 11402 11431 11433 11404
f 11395 11424 11431 11402
f 11424 11395 11403 11432
f 11403 11406 11434 11432
f 11407 11435 11434 11406
f 13012 13014 11435 11407
f 11436 13014 13012 11408
f 11408 11409 11437 11436
f 11439 11437 11409 11411
f 4783 6416 4812 4782
f 6416 4783 4780 4809
f 11438 11405 11404 11433
f 11439 11411 11394 11423
f 11442 11449 11431 11424
f 11423 11422 11440 11441
f 11453 11452 11434 11435
f 11430 11429 11447 11448
f 11449 11451 11433 11431
f 13015 11453 11435 13014
f 11420 11419 11418 11417
f 11424 11432 11450 11442
f 11429 11438 11456 11447
f 11425 11428 11446 11443
f 11439 11423 11441 11457
f 11422 11426 11444 11440
f 11443 11444 11426 11425
f 11442 11450 11462 11458
f 11447 11456 11465 11459
f 12974 12959 11419 12886
f 11458 11461 11449 11442
f 12820 12834 12845 12830
f 11448 11447 11459 11460
f 11461 11463 11451 11449
f 6787 6788 11466 11467
f 6791 11468 11467 6785
f 6794 11469 11468 6791
f 6797 11470 11469 6794
f 6800 11471 11470 6797
f 6803 11472 11471 6800
f 6806 11473 11472 6803
f 6809 11474 11473 6806
f 6812 11475 11474 6809
f 11694 11743 11475 6812
f 6821 11478 11477 6818
f 6832 11481 11480 6829
f 6835 11482 11481 6832
f 11696 11744 11482 6835
f 6840 11484 11466 6788
f 6843 11485 11484 6840
f 6846 11486 11485 6843
f 6885 11491 11486 6846
f 6852 11488 11487 6849
f 6855 11489 11488 6852
f 6858 11490 11489 6855
f 6849 11487 11491 6885
f 6815 6818 11477 11476
f 6875 6878 11514 11516
f 6868 6867 11496 11497
f 6865 6864 11506 11508
f 6861 6860 11509 11504
f 6877 6876 11495 11517
f 6882 6883 11511 11513
f 6883 6884 11492 11511
f 6799 11496 11517 6796
f 6870 6869 11498 11499
f 6847 11494 11510 6886
f 6871 6870 11499 11500
f 6860 6873 11501 11509
f 11699 6872 11502 11745
f 6881 6882 11513 11512
f 6876 6874 11515 11495
f 6874 6875 11516 11515
f 6886 11510 11512 6850
f 6879 6880 11494 11493
f 6869 6868 11497 11498
f 6830 11506 11505 6827
f 6878 6879 11493 11514
f 11698 6865 11508 11746
f 6872 6871 11500 11502
f 11582 11538 11519 11572
f 11581 11532 11547 11586
f 11592 11526 11523 11599
f 11575 11525 11528 11577
f 11600 11546 11530 11594
f 11597 11595 11537 11545
f 11584 11542 11538 11582
f 11590 11596 11541 11520
f 11596 11597 11545 11541
f 11580 11534 11542 11584
f 11601 11604 11562 11558
f 11593 11602 11559 11564
f 11598 11560 11563 11605
f 11603 11561 11565 11591
f 11602 11601 11558 11559
f 11577 11528 11568 11588
f 11603 11527 11567 11607
f 11606 11566 11526 11592
f 11540 11583 11573 11518
f 11533 11578 11587 11549
f 11522 11574 11576 11529
f 11544 11585 11583 11540
f 11535 11579 11585 11544
f 11529 11576 11589 11569
f 11552 11592 11599 11551
f 11557 11600 11594 11553
f 11556 11554 11595 11597
f 11550 11555 11596 11590
f 11555 11556 11597 11596
f 11543 11536 11604 11601
f 11521 11539 11602 11593
f 11548 11598 11605 11531
f 11527 11603 11591 11524
f 11539 11543 11601 11602
f 11561 11603 11607 11571
f 11570 11606 11592 11552
f 11580 11578 11533 11534
f 12770 11532 11535 12769
f 11649 11618 11621 11650
f 11657 11612 11609 11660
f 11645 11611 11614 11647
f 11661 11620 11616 11658
f 11654 11640 11618 11649
f 12905 12906 12908 12919
f 11659 11628 11630 11663
f 11662 11629 11631 11656
f 11647 11614 11634 11652
f 11662 11613 11633 11665
f 11664 11632 11612 11657
f 12906 12907 12909 12908
f 11658 11616 11641 11666
f 11663 11630 11643 11667
f 11619 11648 11651 11623
f 11608 11644 11646 11615
f 11639 11655 11648 11619
f 11615 11646 11653 11635
f 11423 11394 11393 11422
f 11625 11657 11660 11624
f 11627 11661 11658 11626
f 11622 11659 11663 11617
f 11613 11662 11656 11610
f 11629 11662 11665 11637
f 11636 11664 11657 11625
f 11626 11658 11666 11642
f 11617 11663 11667 11638
f 6816 6817 11692 11693
f 11670 7054 7103 11674
f 11686 7054 11670 11754
f 11678 11679 11676 11677
f 11716 11706 6990 6959
f 6942 6941 11681 11680
f 11702 11716 6959 7610
f 6942 6977 6976 6941
f 7100 11674 11673 7099
f 165 6942 11680 5064
f 165 202 6977 6942
f 11679 11702 7610 11676
f 7100 7081 7120 7058
f 11909 11821 11857 11912
f 10418 7016 245 3751
f 10417 7015 7016 10418
f 10416 7437 7015 10417
f 7437 10416 10415 7438
f 7078 11753 11689 7121
f 11750 7122 7121 11689
f 11751 7058 7120 11752
f 7074 7079 7104 7078
f 7070 7075 7079 7074
f 7066 7071 7075 7070
f 7071 7066 7045 7067
f 7045 7046 7063 7067
f 7061 7047 7048 11687
f 7138 7139 7435 7137
f 7067 7063 7064 7068
f 298 303 7068 7064
f 11476 6816 11693 11743
f 11483 6837 11695 11744
f 6837 6836 11697 11695
f 11507 11746 11697 6836
f 11501 11745 11692 6817
f 6922 11700 11698 6866
f 6994 11705 11703 6973
f 7029 11707 11705 6994
f 7052 7053 11709 11710
f 7053 6974 11704 11709
f 7438 10415 10414 7439
f 6979 11686 11754 11761
f 7050 7101 11712 11710
f 11848 7575 11714 11855
f 6873 6929 11701 11699
f 6964 6928 11701 11715
f 7607 6973 11703 11715
f 11858 11909 11679 11678
f 7572 11713 11714 7575
f 6921 11857 11821 6920
f 13368 13379 11696 6835
f 13376 13380 11694 6812
f 7790 11720 11718 7764
f 7783 11719 11717 7757
f 7816 11722 11720 7790
f 7809 11721 11719 7783
f 7842 11724 11722 7816
f 7835 11723 11721 7809
f 7868 11726 11724 7842
f 7861 11725 11723 7835
f 7894 11728 11726 7868
f 7887 11727 11725 7861
f 7887 7918 11729 11727
f 7919 11730 11728 7894
f 7920 11730 11732 7946
f 7913 11729 11731 7939
f 7939 11731 11733 7965
f 7946 11732 11734 7972
f 7972 11734 11736 7998
f 7965 11733 11735 7991
f 8029 8030 8005 8006
f 8035 8034 8001 8000
f 11738 11737 7987 7986
f 11735 7996 8039 8027
f 8042 8041 7994 7993
f 8037 8029 8006 7998
f 8026 8037 7998 11736
f 7439 10414 10413 7440
f 6815 11476 11743 11694
f 6838 11483 11744 11696
f 6873 11699 11745 11501
f 6866 11698 11746 11507
f 11825 11772 5163 5212
f 11830 11821 11909 11858
f 11711 7057 7082 7099
f 11687 7048 7049 7059
f 7057 11711 7098 7128
f 11690 11753 7078 7104
f 11801 10409 11873 11934
f 11751 11754 11670 7058
f 7104 7105 11688 11690
f 7447 7454 7451 7446
f 11754 11751 11691 11761
f 7455 7445 7446 7451
f 7445 7455 7601 7453
f 7600 7452 7453 7601
f 7063 11672 11671 7064
f 7046 11669 11672 7063
f 11669 7046 7098 11675
f 11711 11747 11675 7098
f 11747 11711 7099 11673
f 6940 6974 6979 6961
f 7058 11670 11674 7100
f 10368 10369 7452 7600
f 10369 10368 11757 7448
f 11758 7436 7448 11757
f 11759 10408 7436 11758
f 10408 11759 11760 7435
f 7435 11760 11867 7137
f 11761 11691 11685 11684
f 11927 11926 7603 11756
f 11761 11684 6961 6979
f 7612 6902 6908 11706
f 10412 7444 7440 10413
f 7444 10412 10411 7443
f 11913 7612 11706 11716
f 7443 10411 10410 7441
f 7441 10410 10409 7442
f 11912 11913 11716 11702
f 11790 11769 11818 11817
f 10409 11801 11802 7442
f 11799 11802 11801 11798
f 11798 11795 11796 11799
f 11795 11792 11793 11796
f 11790 11793 11792 11789
f 11767 11769 11790 11789
f 11903 10367 7618 11904
f 11831 11782 5172 5226
f 132 5064 11680 6910
f 6910 11680 11681 6904
f 11829 11770 11771 11819
f 11866 6990 6904 11681
f 11826 11825 11782 11781
f 11819 11771 11778 11823
f 11828 11822 11779 11785
f 11824 11826 11781 11780
f 11822 11824 11780 11779
f 11827 11784 11783 11823
f 7622 11898 5297 733
f 11827 11828 11785 11784
f 11781 11782 11831 11832
f 11780 11781 11832 11833
f 11929 11767 11789 11930
f 11793 11790 11817 11816
f 11930 11789 11792 11931
f 11931 11792 11795 11932
f 11864 6959 6990 11866
f 6959 11864 11862 7610
f 11932 11795 11798 11933
f 11933 11798 11801 11934
f 11813 7039 7038 11814
f 11814 7038 7037 11807
f 7027 11800 7033 7026
f 7028 11797 11800 7027
f 11707 11794 11797 7028
f 11794 11707 7029 11791
f 11791 7029 7605 11788
f 11788 7605 6995 11683
f 11815 11708 7039 11813
f 7022 252 5193 11805
f 7021 7022 11805 11806
f 7011 7012 11808 11803
f 7014 7013 11809 11804
f 7013 7011 11803 11809
f 7012 7021 11806 11808
f 7037 7034 11810 11807
f 7034 7035 11811 11810
f 7035 7036 11812 11811
f 11708 11815 11816 7040
f 7040 11816 11817 7613
f 7613 11817 11818 7457
f 6919 6920 11821 11830
f 11769 11768 11820 11818
f 11786 11829 11819 11787
f 11773 11772 11825 11826
f 11787 11819 11823 11783
f 11776 11775 11822 11828
f 11774 11773 11826 11824
f 11775 11774 11824 11822
f 11777 11827 11823 11778
f 11777 11776 11828 11827
f 11779 11780 11833 11834
f 11860 11676 7610 11862
f 11859 11677 11676 11860
f 11668 11677 11859 11762
f 11668 11762 11763 11765
f 11829 11755 11764 11770
f 11785 11779 11834 11835
f 11784 11785 11835 11836
f 11784 11836 11837 11783
f 11783 11837 11838 11787
f 11905 11838 11837 11904
f 11820 7456 7457 11818
f 7019 7017 11841 11839
f 7017 7018 11842 11841
f 7041 7042 11844 11843
f 7014 7036 11844 11840
f 7034 11849 11843 7035
f 7018 7679 11854 11842
f 7039 11845 11846 7038
f 7038 11846 11847 7037
f 11708 11855 11845 7039
f 7037 11847 11849 7034
f 7456 11850 11851 7457
f 7457 11851 11852 7613
f 7680 984 5244 11853
f 7679 7680 11853 11854
f 7040 7613 11852 11848
f 7040 11848 11855 11708
f 11850 7458 7596 7597
f 11835 11834 11901 11902
f 6921 11700 11748 11857
f 11700 6922 11856 11748
f 11679 11909 11912 11702
f 6904 6990 11706 6908
f 11767 11766 11768 11769
f 7603 11764 11755 11756
f 11762 11859 6961 11684
f 11760 11759 11770 11764
f 11770 11759 11758 11771
f 11860 6940 6961 11859
f 6940 11860 11862 11861
f 11771 11758 11757 11778
f 11778 11757 10368 11777
f 11704 6974 6940 11861
f 11777 10368 7600 11776
f 11861 11862 11864 11863
f 7601 11775 11776 7600
f 11704 11861 11863 6978
f 11865 6975 6978 11863
f 6941 6976 6975 11865
f 11865 11863 11864 11866
f 11866 11681 6941 11865
f 7455 11774 11775 7601
f 7451 11773 11774 7455
f 11773 7451 7454 11772
f 11926 11935 11867 7603
f 10413 11869 11870 10412
f 12144 11875 5267 5545
f 11890 11891 11875 11876
f 11889 11890 11876 11877
f 12149 11878 11877 12146
f 12152 11879 11878 12149
f 12155 11880 11879 12152
f 12159 11881 11880 12155
f 12156 11882 11881 12159
f 11885 11882 11883 11884
f 11878 11888 11889 11877
f 11875 11891 5285 5267
f 11881 11892 11886 11880
f 11882 11885 11892 11881
f 7735 7716 11891 11890
f 11879 11887 11888 11878
f 11880 11886 11887 11879
f 7593 7735 11890 11889
f 7697 11885 11884 7636
f 11867 11760 11764 7603
f 11895 11896 11894 11893
f 11829 11786 11895 11755
f 11893 11756 11755 11895
f 11927 11756 11893 11937
f 11895 11786 11897 11896
f 11897 11786 11787 11838
f 11834 11833 11900 11901
f 11833 11832 11899 11900
f 11832 11831 11898 11899
f 11836 11835 11902 11903
f 11836 11903 11904 11837
f 7458 11905 11904 7618
f 11766 11908 11907 11768
f 11910 11682 11749 11911
f 11905 11906 11897 11838
f 11911 11749 6969 11678
f 11905 7456 11820 11906
f 11668 11765 11910 11911
f 11678 11677 11668 11911
f 11906 11820 11768 11907
f 7458 11850 7456 11905
f 11896 11897 11906 11907
f 11857 11748 11913 11912
f 11907 11908 11894 11896
f 11682 11683 6995 11749
f 6989 6969 11749 6995
f 6969 6989 7608 7611
f 7611 7608 6960 6968
f 6917 6918 6968 6960
f 6918 6917 6861 6862
f 11504 11503 6862 6861
f 11503 11504 6823 6824
f 6822 6825 6824 6823
f 11478 11479 6825 6822
f 11796 11793 11816 11815
f 11796 11815 11813 11799
f 11799 11813 11814 11802
f 11807 7442 11802 11814
f 11810 7441 7442 11807
f 11811 7443 7441 11810
f 11812 7444 7443 11811
f 8034 8031 8004 8001
f 7993 7994 7968 7967
f 7967 7968 7942 7941
f 7916 7915 7941 7942
f 7891 7890 7915 7916
f 7890 7891 7865 7864
f 7864 7865 7839 7838
f 7838 7839 7813 7812
f 7812 7813 7787 7786
f 7786 7787 7761 7760
f 13373 13374 7760 7761
f 11479 11478 6821 6826
f 7444 11812 11804 7440
f 11809 7439 7440 11804
f 11803 7438 7439 11809
f 11808 7437 7438 11803
f 7437 11808 11806 7015
f 7015 11806 11805 7016
f 7010 11925 5321 238
f 7986 8002 8033 11738
f 7994 7995 7969 7968
f 7980 7972 7998 8006
f 7611 11858 11678 6969
f 11858 7611 6968 11830
f 6918 6919 11830 6968
f 6919 6918 6862 6863
f 11856 6897 6902 7612
f 6922 6892 6897 11856
f 6866 6884 6892 6922
f 11921 8018 8033 11740
f 11923 8020 8017 11921
f 11921 8017 8016 8018
f 8018 8016 11920 11919
f 11919 11920 8023 11918
f 11918 8023 8019 8015
f 11922 11917 8015 8019
f 11917 11922 8021 11916
f 8022 8012 11916 8021
f 8014 8024 8012 8022
f 8025 11914 8024 8014
f 11914 8025 8013 8008
f 8008 8013 11915 8009
f 8011 8010 8009 11915
f 7968 7969 7943 7942
f 7917 7916 7942 7943
f 7916 7917 7892 7891
f 7866 7865 7891 7892
f 7865 7866 7840 7839
f 7839 7840 7814 7813
f 7788 7787 7813 7814
f 7762 7761 7787 7788
f 13371 13373 7761 7762
f 11480 11479 6826 6829
f 11479 11480 6828 6825
f 6825 6828 6827 6824
f 11505 11503 6824 6827
f 11503 11505 6863 6862
f 11507 11492 6884 6866
f 11492 11507 6836 6859
f 6837 6858 6859 6836
f 11483 11490 6858 6837
f 11490 11483 6838 6857
f 13362 13363 7765 7772
f 7791 7798 7772 7765
f 7817 7824 7798 7791
f 7824 7817 7843 7850
f 7869 7876 7850 7843
f 7876 7869 7895 7902
f 7902 7895 7920 7928
f 7946 7954 7928 7920
f 7954 7946 7972 7980
f 11766 11767 11929 11928
f 11893 11894 11936 11937
f 11908 11938 11936 11894
f 11908 11766 11928 11938
f 11935 7133 7137 11867
f 7135 7138 7137 7133
f 7136 7172 7169 7124
f 7211 7118 7119 7215
f 7140 7130 7123 7141
f 11947 7118 7117 11948
f 7216 7170 11939 7117
f 11944 7136 7135 11945
f 7242 11941 11940 7236
f 7167 7236 11940 7131
f 10371 7165 7134 11942
f 10406 7163 7130 11943
f 7164 10371 11942 7123
f 7168 10406 11943 7129
f 7135 7136 7124 7138
f 7178 7210 7226 7180
f 7247 7254 7210 7178
f 7254 7247 7176 7209
f 7174 7208 7209 7176
f 7172 7171 7208 7174
f 7136 11944 7171 7172
f 11935 11751 11752 7133
f 7135 7133 11752 11945
f 11751 11935 11926 11691
f 11691 11926 11927 11685
f 11685 11927 11937 11763
f 11763 11937 11936 11765
f 11765 11936 11938 11910
f 11928 11682 11910 11938
f 11682 11928 11929 11683
f 363 7119 11946 5343
f 7118 11947 11946 7119
f 7117 11939 11949 11948
f 11690 11947 11948 11753
f 7226 11965 11963 7264
f 7255 7214 11956 11964
f 11966 11949 11939 11967
f 7213 7255 11964 11955
f 7170 7212 11954 11957
f 11939 7170 11957 11967
f 7212 7213 11955 11954
f 7226 7210 11956 11965
f 7264 11963 11962 7279
f 7279 11962 11953 7294
f 7294 11953 11952 7309
f 7309 11952 11951 7324
f 7324 11951 11950 7339
f 7339 11950 11961 7354
f 7354 11961 11960 7369
f 7369 11960 11959 7384
f 7384 11959 11958 7399
f 7399 11958 11969 7414
f 7414 11969 11968 7429
f 11945 11966 11967 11944
f 11752 7120 7122 11750
f 11752 11750 11966 11945
f 11949 11966 11750 11689
f 7426 7420 11968 7432
f 7432 11968 7428 7431
f 7428 7427 7434 7433
f 7431 7428 7433 7430
f 7430 7433 708 711
f 7391 7399 7414 7406
f 7399 7391 7376 7384
f 7384 7376 7361 7369
f 7369 7361 7346 7354
f 7354 7346 7331 7339
f 7316 7324 7339 7331
f 7324 7316 7301 7309
f 7309 7301 7286 7294
f 7294 7286 7271 7279
f 7279 7271 7182 7264
f 7180 7226 7264 7182
f 11930 11788 11683 11929
f 11931 11791 11788 11930
f 11932 11794 11791 11931
f 11933 11797 11794 11932
f 11934 11800 11797 11933
f 11873 7033 11800 11934
f 7033 11873 11872 7030
f 7030 11872 11871 7031
f 7031 11871 11870 7032
f 11869 7006 7032 11870
f 7006 11869 11868 7005
f 7005 11868 7599 7003
f 7003 7599 11924 7004
f 7004 11924 11874 7009
f 7009 11874 11925 7010
f 7659 7660 11975 11976
f 7657 7658 11979 11980
f 7715 963 5380 11982
f 7656 7657 11980 11977
f 7655 7701 11981 11978
f 7739 7715 11982 11983
f 7660 7739 11983 11975
f 7579 11974 11978 7661
f 11978 11974 7580 7655
f 7698 7638 7644 7699
f 7637 7698 7699 7643
f 12151 7043 11994 12160
f 11997 11996 7684 7706
f 7683 7684 11996 11995
f 11995 11996 12000 11999
f 12160 11994 11998 12161
f 12001 12000 11996 11997
f 11999 12000 12004 12003
f 12161 11998 12002 12162
f 12005 12004 12000 12001
f 11884 11883 12009 12010
f 12157 7637 12008 12163
f 7587 7636 12007 12006
f 12010 12007 7636 11884
f 7587 12006 7635 7459
f 7581 12008 7637 7643
f 7576 12002 11998 7577
f 11994 7041 7577 11998
f 12003 7578 7676 11999
f 7683 11995 7703 7675
f 7703 11995 11999 7676
f 7041 11994 7043 7042
f 7573 12011 12002 7576
f 7565 12011 7573 7574
f 12356 12346 7579 7571
f 12345 12347 7581 7582
f 12357 12348 7565 11713
f 12328 12327 12022 12017
f 12359 12350 7572 7635
f 12360 12351 12007 12010
f 12334 12333 12033 12024
f 12332 12335 12031 12032
f 12363 12353 12004 12005
f 12348 12361 12011 7565
f 12340 12339 12025 12015
f 12330 12341 12028 12020
f 12339 12336 12026 12025
f 12347 12355 12008 7581
f 12341 12331 12029 12028
f 12343 12334 12024 12164
f 12338 12328 12017 12023
f 12346 12358 11974 7579
f 12326 12329 12014 12021
f 12344 12342 12030 12165
f 12049 12048 12026 12027
f 12042 12036 12014 12020
f 12034 12055 12033 12012
f 12032 12031 12053 12054
f 12025 12026 12048 12047
f 12043 12034 12012 12021
f 12023 12017 12039 12045
f 12020 12028 12050 12042
f 12164 12024 12046 12166
f 12038 12044 12022 12016
f 12041 12040 12018 12019
f 12040 12052 12030 12018
f 12028 12029 12051 12050
f 12017 12022 12044 12039
f 12021 12014 12036 12043
f 12015 12025 12047 12037
f 12165 12030 12052 12167
f 12035 12038 12016 12013
f 12024 12033 12055 12046
f 12054 12051 12029 12032
f 12037 12047 12069 12059
f 12167 12052 12074 12169
f 12057 12060 12038 12035
f 12046 12055 12077 12068
f 12076 12073 12051 12054
f 12071 12070 12048 12049
f 12064 12058 12036 12042
f 12056 12077 12055 12034
f 12054 12053 12075 12076
f 12047 12048 12070 12069
f 12065 12056 12034 12043
f 12045 12039 12061 12067
f 12042 12050 12072 12064
f 12166 12046 12068 12168
f 12060 12066 12044 12038
f 12063 12062 12040 12041
f 12062 12074 12052 12040
f 12050 12051 12073 12072
f 12039 12044 12066 12061
f 12043 12036 12058 12065
f 12236 12259 12090 12170
f 12265 12256 12095 12094
f 12264 12212 12088 12083
f 12271 12253 12080 12087
f 12270 12252 12091 12081
f 12235 12266 12096 12171
f 12259 12208 12099 12090
f 12207 12269 12097 12098
f 12252 12268 12092 12091
f 12251 12264 12083 12089
f 12215 12265 12094 12086
f 12307 12297 12099 12078
f 12310 12307 12078 12087
f 12314 12303 12088 12082
f 12315 12304 12084 12085
f 12304 12305 12096 12084
f 12318 12314 12082 12079
f 12298 12316 12095 12098
f 12302 12309 12092 12093
f 12301 12317 12080 12086
f 12139 12131 12217 12238
f 12125 12135 12211 12122
f 12206 12219 12137 12143
f 12238 12248 12175 12139
f 12123 12227 12128 12124
f 12136 12142 12243 12218
f 12242 12228 12129 12141
f 12131 12130 12216 12217
f 12142 12137 12219 12243
f 12237 12222 12177 12138
f 12239 12242 12141 12140
f 12174 12134 12210 12247
f 12124 12129 12228 12123
f 12141 12129 12118 12106
f 12140 12141 12106 12107
f 12143 12137 12110 12104
f 12172 12112 12135 12125
f 12125 12132 12115 12172
f 12108 12116 12131 12139
f 12111 12105 12142 12136
f 12138 12177 12100 12109
f 12113 12114 12133 12134
f 12120 12119 12128 12127
f 12177 12126 12121 12100
f 12139 12175 12102 12108
f 12132 12133 12114 12115
f 12127 12130 12117 12120
f 12112 12121 12126 12135
f 12176 12143 12104 12101
f 12173 12118 12129 12124
f 12103 12113 12134 12174
f 12270 12059 12069 12252
f 12252 12069 12070 12268
f 12071 12213 12268 12070
f 12168 12236 12213 12071
f 12236 12168 12068 12259
f 12259 12068 12077 12208
f 12056 12214 12208 12077
f 11876 11875 12144 12145
f 11877 11876 12145 12146
f 7705 7704 12147 12150
f 7705 12150 12151 7706
f 7704 7707 12148 12147
f 7713 1014 5555 12154
f 11882 12156 12157 11883
f 7677 12148 12153 7678
f 7708 7001 12158 12154
f 7001 7678 12153 12158
f 7721 12144 5545 942
f 7641 12149 12146 7642
f 7640 12152 12149 7641
f 7639 12155 12152 7640
f 7638 12159 12155 7639
f 7698 12156 12159 7638
f 7706 12151 12160 11997
f 11997 12160 12161 12001
f 12001 12161 12162 12005
f 11883 12157 12163 12009
f 12337 12343 12164 12027
f 12335 12344 12165 12031
f 12027 12164 12166 12049
f 12031 12165 12167 12053
f 12053 12167 12169 12075
f 12049 12166 12168 12071
f 12213 12236 12170 12093
f 12269 12235 12171 12097
f 12109 12102 12175 12138
f 12105 12110 12137 12142
f 12116 12117 12130 12131
f 12124 12128 12119 12173
f 12065 12271 12214 12056
f 12271 12065 12058 12253
f 12298 12308 12181 12182
f 12299 12309 12183 12184
f 12300 12311 12186 12187
f 12301 12312 12188 12189
f 12319 12313 12190 12200
f 12312 12316 12197 12188
f 12311 12303 12192 12186
f 12310 12317 12198 12185
f 12306 12299 12184 12178
f 12320 12305 12196 12201
f 12313 12297 12179 12190
f 12302 12319 12200 12191
f 12308 12320 12201 12181
f 12086 12080 12253 12215
f 12064 12215 12253 12058
f 12215 12064 12072 12265
f 12265 12072 12073 12256
f 12076 12207 12256 12073
f 12207 12076 12075 12269
f 12084 12096 12266 12267
f 12169 12235 12269 12075
f 12134 12133 12230 12210
f 12222 12225 12126 12177
f 12098 12095 12256 12207
f 12221 12206 12143 12176
f 12087 12078 12214 12271
f 12085 12084 12267 12257
f 12235 12169 12074 12266
f 12082 12088 12212 12258
f 12062 12267 12266 12074
f 12093 12092 12268 12213
f 12078 12099 12208 12214
f 12063 12257 12267 12062
f 12079 12082 12258 12209
f 12251 12067 12061 12264
f 12264 12061 12066 12212
f 12060 12258 12212 12066
f 12057 12209 12258 12060
f 12127 12128 12227 12226
f 12122 12229 12132 12125
f 12229 12230 12133 12132
f 12138 12175 12248 12237
f 12229 12204 12205 12230
f 12135 12126 12225 12211
f 12122 12245 12204 12229
f 12245 12122 12211 12261
f 12261 12211 12225 12203
f 12222 12250 12203 12225
f 12237 12240 12250 12222
f 12240 12237 12248 12263
f 12238 12241 12263 12248
f 12241 12238 12217 12234
f 12234 12217 12216 12233
f 12226 12202 12233 12216
f 12226 12216 12130 12127
f 12202 12226 12227 12255
f 12123 12246 12255 12227
f 12246 12123 12228 12254
f 12242 12223 12254 12228
f 12239 12220 12223 12242
f 12231 12218 12243 12224
f 12224 12243 12219 12232
f 12206 12244 12232 12219
f 12221 12249 12244 12206
f 12262 12247 12210 12260
f 12260 12210 12230 12205
f 12293 12246 12254 12294
f 12287 12260 12205 12285
f 12101 12199 12178 12103
f 12281 12255 12246 12293
f 12282 12202 12255 12281
f 12101 12103 12174 12176
f 12286 12273 12274 12285
f 12289 12272 12274 12291
f 12262 12249 12221 12247
f 12277 12275 12273 12286
f 12288 12276 12275 12277
f 12284 12276 12240 12263
f 12275 12283 12290 12273
f 12176 12174 12247 12221
f 12273 12290 12291 12274
f 12283 12295 12279 12290
f 12272 12287 12285 12274
f 12204 12286 12285 12205
f 12245 12277 12286 12204
f 12261 12288 12277 12245
f 12279 12293 12294 12278
f 12280 12289 12291 12278
f 12276 12284 12283 12275
f 12249 12287 12272 12244
f 12244 12272 12289 12232
f 12290 12279 12278 12291
f 12288 12261 12203 12250
f 12220 12231 12292 12223
f 12280 12224 12232 12289
f 12292 12280 12278 12294
f 12284 12296 12295 12283
f 12223 12292 12294 12254
f 12296 12282 12281 12295
f 12295 12281 12293 12279
f 12296 12284 12263 12241
f 12276 12288 12250 12240
f 12202 12282 12234 12233
f 12282 12296 12241 12234
f 12180 12179 12297 12307
f 12185 12180 12307 12310
f 12193 12192 12303 12314
f 12195 12194 12304 12315
f 12194 12196 12305 12304
f 12199 12193 12314 12318
f 12182 12197 12316 12298
f 12191 12183 12309 12302
f 12189 12198 12317 12301
f 12098 12097 12308 12298
f 12091 12092 12309 12299
f 12089 12083 12311 12300
f 12086 12094 12312 12301
f 12170 12090 12313 12319
f 12094 12095 12316 12312
f 12083 12088 12303 12311
f 12087 12080 12317 12310
f 12081 12091 12299 12306
f 12171 12096 12305 12320
f 12090 12099 12297 12313
f 12093 12170 12319 12302
f 12097 12171 12320 12308
f 12191 12115 12114 12183
f 12200 12172 12115 12191
f 12172 12200 12190 12112
f 12112 12190 12179 12121
f 12180 12100 12121 12179
f 12185 12109 12100 12180
f 12109 12185 12198 12102
f 12189 12108 12102 12198
f 12108 12189 12188 12116
f 12116 12188 12197 12117
f 12182 12120 12117 12197
f 12120 12182 12181 12119
f 12201 12173 12119 12181
f 12173 12201 12196 12118
f 12194 12106 12118 12196
f 12195 12107 12106 12194
f 12111 12187 12186 12105
f 12105 12186 12192 12110
f 12193 12104 12110 12192
f 12199 12101 12104 12193
f 12103 12178 12184 12113
f 12113 12184 12183 12114
f 12013 12016 12322 12323
f 12019 12018 12324 12321
f 12021 12012 12325 12326
f 12349 12358 12327 12328
f 12020 12014 12329 12330
f 12032 12029 12331 12332
f 12057 12059 12270 12209
f 12352 12361 12333 12334
f 12360 12362 12335 12332
f 12027 12026 12336 12337
f 12012 12033 12333 12325
f 12354 12365 12339 12340
f 12359 12366 12341 12330
f 12365 12353 12336 12339
f 12209 12270 12081 12079
f 12018 12030 12342 12324
f 12366 12351 12331 12341
f 12367 12352 12334 12343
f 12364 12349 12328 12338
f 12016 12022 12327 12322
f 12357 12350 12329 12326
f 12368 12355 12342 12344
f 12363 12367 12343 12337
f 12362 12368 12344 12335
f 12323 12322 12346 12356
f 12321 12324 12347 12345
f 12326 12325 12348 12357
f 12330 12329 12350 12359
f 12332 12331 12351 12360
f 12337 12336 12353 12363
f 12325 12333 12361 12348
f 12324 12342 12355 12347
f 12322 12327 12358 12346
f 12231 12220 12239 12218
f 7580 11974 12358 12349
f 12306 12318 12079 12081
f 12002 12011 12361 12352
f 12010 12009 12362 12360
f 7578 12003 12365 12354
f 7635 12006 12366 12359
f 12003 12004 12353 12365
f 12306 12178 12199 12318
f 12006 12007 12351 12366
f 12162 12002 12352 12367
f 11984 7580 12349 12364
f 11713 7572 12350 12357
f 12163 12008 12355 12368
f 12005 12162 12367 12363
f 12009 12163 12368 12362
f 12292 12231 12224 12280
f 12249 12262 12260 12287
f 12140 12136 12218 12239
f 12107 12111 12136 12140
f 12111 12107 12195 12187
f 12315 12300 12187 12195
f 12300 12315 12085 12089
f 12257 12251 12089 12085
f 12063 12067 12251 12257
f 12041 12045 12067 12063
f 12045 12041 12019 12023
f 12321 12338 12023 12019
f 12345 12364 12338 12321
f 12364 12345 7582 11984
f 11984 7582 7649 11986
f 7700 11991 11986 7649
f 11991 7700 7650 11985
f 11985 7650 7651 11989
f 12059 12057 12035 12037
f 12013 12015 12037 12035
f 12323 12340 12015 12013
f 12356 12354 12340 12323
f 12354 12356 7571 7578
f 7566 7676 7578 7571
f 11971 7703 7676 7566
f 7569 7675 7703 11971
f 7570 7674 7675 7569
f 11970 7583 7674 7570
f 7567 7585 7583 11970
f 7568 7584 7585 7567
f 11973 7743 7584 7568
f 11972 7718 7743 11973
f 5369 880 7718 11972
f 11989 7651 7652 11988
f 11988 7652 7653 11987
f 11987 7653 7654 11990
f 7740 11993 11990 7654
f 11993 7740 7719 11992
f 11992 7719 956 5390
f 12781 11518 12369 12782
f 11573 12376 12369 11518
f 12377 12371 12381 12387
f 12386 12379 12369 12376
f 12387 12383 12373 12377
f 12378 12374 12384 12388
f 12388 12382 12372 12378
f 12375 12370 12380 12385
f 12397 12393 12383 12387
f 12388 12384 12394 12398
f 12398 12392 12382 12388
f 12385 12380 12390 12395
f 12387 12381 12391 12397
f 12396 12389 12379 12386
f 12440 12439 12404 12408
f 12446 12445 12400 12405
f 12449 12447 12401 12407
f 12953 12465 12454 12954
f 12910 12954 12454 12443
f 12425 12415 12410 12420
f 12427 12417 12411 12421
f 12417 12427 12423 12413
f 12428 12418 12414 12424
f 12418 12428 12422 12412
f 12416 12426 12419 12409
f 12408 12418 12412 12402
f 12418 12408 12404 12414
f 12407 12417 12413 12403
f 12417 12407 12401 12411
f 12415 12405 12400 12410
f 12915 12910 12443 12816
f 12914 12915 12816 12821
f 12406 12416 12409 12399
f 12821 12816 12912 12911
f 12816 12443 12913 12912
f 12408 12402 12441 12440
f 12406 12399 12442 12448
f 12407 12403 12444 12449
f 11422 11393 11397 11426
f 13025 12920 12832 13026
f 12458 12450 12429 12436
f 12459 12455 12433 12437
f 11396 11425 11426 11397
f 12438 12434 12456 12460
f 12460 12453 12432 12438
f 12435 12430 12451 12457
f 12952 12969 12465 12953
f 12437 12431 12452 12459
f 12469 12461 12450 12458
f 12470 12466 12455 12459
f 12443 12454 12926 12913
f 12919 12937 12942 12905
f 12460 12456 12467 12471
f 12471 12464 12453 12460
f 12457 12451 12462 12468
f 12459 12452 12463 12470
f 12513 12482 12485 12514
f 12521 12476 12473 12524
f 12509 12475 12478 12511
f 12525 12484 12480 12522
f 12518 12504 12482 12513
f 12523 12492 12494 12527
f 12526 12493 12495 12520
f 12511 12478 12498 12516
f 12526 12477 12497 12529
f 12528 12496 12476 12521
f 12522 12480 12505 12530
f 12527 12494 12507 12531
f 12483 12512 12515 12487
f 12472 12508 12510 12479
f 12503 12519 12512 12483
f 12479 12510 12517 12499
f 12489 12521 12524 12488
f 12491 12525 12522 12490
f 12486 12523 12527 12481
f 12477 12526 12520 12474
f 12493 12526 12529 12501
f 12500 12528 12521 12489
f 12490 12522 12530 12506
f 12481 12527 12531 12502
f 12573 12572 12537 12541
f 12578 12577 12533 12538
f 12581 12579 12534 12540
f 12558 12548 12543 12553
f 12560 12550 12544 12554
f 12550 12560 12556 12546
f 12561 12551 12547 12557
f 12551 12561 12555 12545
f 12549 12559 12552 12542
f 12541 12551 12545 12535
f 12551 12541 12537 12547
f 12540 12550 12546 12536
f 12550 12540 12534 12544
f 12548 12538 12533 12543
f 12539 12549 12542 12532
f 12541 12535 12574 12573
f 12539 12532 12575 12580
f 12540 12536 12576 12581
f 12589 12582 12562 12569
f 12590 12586 12566 12570
f 12571 12567 12587 12591
f 12591 12585 12565 12571
f 12568 12563 12583 12588
f 12570 12564 12584 12590
f 12599 12592 12582 12589
f 12600 12596 12586 12590
f 12591 12587 12597 12601
f 12601 12595 12585 12591
f 12588 12583 12593 12598
f 12590 12584 12594 12600
f 12643 12612 12615 12644
f 12651 12606 12603 12654
f 12639 12605 12608 12641
f 12655 12614 12610 12652
f 12648 12634 12612 12643
f 12653 12622 12624 12657
f 12656 12623 12625 12650
f 12641 12608 12628 12646
f 12656 12607 12627 12659
f 12658 12626 12606 12651
f 12652 12610 12635 12660
f 12657 12624 12637 12661
f 12613 12642 12645 12617
f 12602 12638 12640 12609
f 12633 12649 12642 12613
f 12609 12640 12647 12629
f 12619 12651 12654 12618
f 12621 12655 12652 12620
f 12616 12653 12657 12611
f 12607 12656 12650 12604
f 12623 12656 12659 12631
f 12630 12658 12651 12619
f 12620 12652 12660 12636
f 12611 12657 12661 12632
f 12703 12702 12667 12671
f 12708 12707 12663 12668
f 12711 12709 12664 12670
f 12688 12678 12673 12683
f 12690 12680 12674 12684
f 12680 12690 12686 12676
f 12691 12681 12677 12687
f 12681 12691 12685 12675
f 12679 12689 12682 12672
f 12671 12681 12675 12665
f 12681 12671 12667 12677
f 12670 12680 12676 12666
f 12680 12670 12664 12674
f 12678 12668 12663 12673
f 12669 12679 12672 12662
f 12671 12665 12704 12703
f 12669 12662 12705 12710
f 12670 12666 12706 12711
f 12719 12712 12692 12699
f 12720 12716 12696 12700
f 12701 12697 12717 12721
f 12721 12715 12695 12701
f 12698 12693 12713 12718
f 12700 12694 12714 12720
f 12729 12722 12712 12719
f 12730 12726 12716 12720
f 12721 12717 12727 12731
f 12731 12725 12715 12721
f 12718 12713 12723 12728
f 12720 12714 12724 12730
f 12737 12733 12741 12745
f 12741 12749 12753 12745
f 11614 13114 13115 11634
f 13297 12753 13304 13331
f 13118 12743 12735 13151
f 12746 12742 12734 12738
f 12739 12735 12743 12747
f 12747 12741 12733 12739
f 12738 12732 12740 12746
f 12754 12750 12742 12746
f 12747 12743 12751 12755
f 12755 12749 12741 12747
f 12746 12740 12748 12754
f 12937 12938 12945 12942
f 11628 13086 13087 11630
f 12445 11639 13071 13112
f 12663 13091 13092 12673
f 11653 11632 13131 13116
f 12445 13112 13111 12400
f 12543 13128 13103 12553
f 12475 13120 13161 12478
f 12450 13122 13123 12429
f 12398 12470 12463 12392
f 12470 12398 12394 12466
f 11640 13071 13072 11618
f 12461 13121 13122 12450
f 12471 12600 12594 12464
f 12601 12730 12724 12595
f 12730 12601 12597 12726
f 12600 12471 12467 12596
f 12725 12754 12748 12729
f 12731 12750 12754 12725
f 11629 13134 13085 11631
f 11425 11396 11399 11428
f 12572 13142 13143 12537
f 12430 12420 13109 13123
f 11623 13073 13072 11619
f 12910 12902 12948 12954
f 12504 12756 13089 12482
f 12917 12913 12926 12931
f 12822 12827 12842 12835
f 12886 11445 12838 12974
f 12839 12842 12827 12825
f 12819 12829 12844 12833
f 12900 12917 12931 12935
f 11421 12886 11419 11420
f 12828 12823 12836 12843
f 13037 11445 12886 11421
f 12843 12844 12829 12828
f 12982 12844 12843 12983
f 12983 12843 12836 12984
f 12982 11458 11462 12968
f 12932 12927 12929 12989
f 12970 11460 11459 12986
f 12832 12817 12831 12846
f 12986 11459 11465 12967
f 12861 12860 12857 12858
f 12858 12856 12859 12861
f 11445 12837 12989 12838
f 12809 12793 12794 12810
f 12806 12790 12793 12809
f 12826 12870 12874 12841
f 12897 12853 12857 12891
f 12892 12897 12891 11416
f 12893 12892 11416 12887
f 12893 12887 12888 12894
f 12888 12889 12895 12894
f 12895 12889 12890 12896
f 12877 12876 12872 12873
f 12875 12877 12873 12871
f 12790 12806 12807 12791
f 12791 12807 12808 12792
f 12792 12808 12811 12795
f 13033 12896 12890 13046
f 13046 13045 13032 13033
f 11653 13116 13115 11635
f 12414 13084 13135 12424
f 12455 13137 13136 12433
f 12953 12949 12950 12952
f 12804 12788 12795 12811
f 12871 12867 13032 13045
f 12867 12871 12873 12869
f 12869 12873 12872 12868
f 13043 12901 12899 13042
f 12866 12868 12872 12870
f 12826 12810 12866 12870
f 12804 12805 12789 12788
f 12812 12796 12789 12805
f 12796 12812 12813 12797
f 12802 12786 12797 12813
f 12787 12786 12802 12803
f 12814 12798 12787 12803
f 12798 12814 12815 12799
f 12916 12917 12900 12899
f 12918 12916 12899 12901
f 12932 12989 12837 13034
f 12930 12931 12926 12925
f 12903 12902 12910 12915
f 12800 12784 12799 12815
f 12785 12784 12800 12801
f 12830 12845 12846 12831
f 12904 12903 12915 12914
f 12785 12801 12851 12847
f 12958 12979 12980 11464
f 12912 12913 12917 12916
f 12911 12912 12916 12918
f 13021 12861 12859 13023
f 12920 12921 12855 12818
f 12927 12930 12925 12922
f 13015 13029 12958 11453
f 12951 12957 12923 12924
f 13025 13024 12921 12920
f 12932 12934 12930 12927
f 12934 12935 12931 12930
f 12979 12845 12834 12980
f 13030 13027 12845 12979
f 12953 12954 12948 12949
f 12947 12955 12952 12950
f 12947 12946 12956 12955
f 12955 12956 12957 12951
f 12964 11440 11444 12961
f 12963 11457 11441 12962
f 12962 11441 11440 12964
f 11428 11399 11398 11427
f 11455 11454 11436 11437
f 13019 13020 13041 13040
f 13020 13018 13042 13041
f 13018 13017 13043 13042
f 12966 11443 11446 12959
f 12975 12960 12923 12976
f 12929 12924 12923 12960
f 12973 12964 12961 12976
f 12985 12963 12962 12977
f 12977 12962 12964 12973
f 12975 12966 12959 12974
f 11443 12966 12961 11444
f 13029 13030 12979 12958
f 12971 12837 11445 13037
f 12966 12975 12976 12961
f 12956 12977 12973 12957
f 11461 12983 12984 11463
f 12946 12985 12977 12956
f 12924 12929 12927 12922
f 12978 13034 12837 12971
f 12924 12922 12969 12951
f 13039 13038 13034 12978
f 12957 12973 12976 12923
f 12839 12970 12986 12842
f 12844 12982 12968 12833
f 11453 12958 11464 11452
f 11458 12982 12983 11461
f 12842 12986 12967 12835
f 12960 12975 12974 12838
f 12919 13023 13024 12937
f 12937 13024 13025 12938
f 11452 11450 11432 11434
f 11451 11456 11438 11433
f 12938 13025 13026 12939
f 12840 12809 12810 12826
f 11664 13132 13131 11632
f 12861 13021 13022 12860
f 12824 12806 12809 12840
f 13028 12940 12939 13026
f 13027 12936 12940 13028
f 13030 12981 12936 13027
f 10995 4373 6432 12988
f 10995 12988 12933 10999
f 10999 12933 12990 11003
f 12846 12845 13027 13028
f 12832 12846 13028 13026
f 12981 13030 13029 12928
f 12934 12932 13034 13038
f 12824 12840 13035 13031
f 12989 12929 12960 12838
f 12955 12951 12969 12952
f 12851 12852 12848 12847
f 13016 13044 13043 13017
f 12935 12934 13038 13040
f 13044 12898 12901 13043
f 12899 12900 13041 13042
f 12841 12874 13020 13019
f 13036 12807 12806 12824
f 13020 12874 12876 13018
f 12840 12826 12841 13035
f 13036 12987 12839 12825
f 12877 13017 13018 12876
f 13019 13040 13038 13039
f 12875 13016 13017 12877
f 12854 12850 12848 12852
f 12928 13029 13015 11454
f 12921 13024 13023 12859
f 12859 12856 12855 12921
f 12807 13036 12825 12808
f 13041 12900 12935 13040
f 12744 12740 12732 12736
f 12740 12744 12752 12748
f 12433 13136 13135 12423
f 13150 12737 12745 13145
f 12623 13108 13095 12625
f 12626 13127 13080 12647
f 11642 13081 13087 11626
f 12850 12854 12853 12849
f 12885 12849 12853 12897
f 12808 12825 12827 12811
f 12822 12804 12811 12827
f 12876 12874 12870 12872
f 12719 12715 12725 12729
f 12822 12823 12805 12804
f 12892 12878 12885 12897
f 12878 12892 12893 12879
f 11611 13113 13114 11614
f 13031 12987 13036 12824
f 12465 12925 12926 12454
f 12646 12627 12607 12641
f 12604 12639 12641 12607
f 12644 12616 12611 12643
f 12632 12648 12643 12611
f 12635 12649 12708 12709
f 12710 12704 12665 12669
f 12669 12665 12675 12679
f 12679 12675 12685 12689
f 12689 12699 12692 12682
f 12640 12606 12626 12647
f 12638 12603 12606 12640
f 12614 12645 12642 12610
f 12649 12635 12610 12642
f 12711 12660 12635 12709
f 12660 12711 12706 12636
f 13079 12636 12706 13078
f 12709 12708 12668 12664
f 12664 12668 12678 12674
f 12674 12678 12688 12684
f 12689 12685 12695 12699
f 12691 12701 12695 12685
f 12699 12695 12715 12719
f 12871 13045 13047 12875
f 12939 12940 12941 12944
f 12940 12936 12943 12941
f 12936 12981 12972 12943
f 12981 12928 12965 12972
f 12928 11454 11455 12965
f 13031 13035 13039 12978
f 13035 12841 13019 13039
f 12828 12812 12805 12823
f 12812 12828 12829 12813
f 12819 12802 12813 12829
f 12803 12802 12819 12820
f 12879 12893 12894 12880
f 12895 12881 12880 12894
f 12881 12895 12896 12882
f 12882 12896 13033 12883
f 12830 12814 12803 12820
f 12814 12830 12831 12815
f 13049 11415 11416 12891
f 12887 11416 11415 11414
f 11414 11413 12888 12887
f 13048 13050 13046 12890
f 11412 13048 12890 12889
f 12889 12888 11413 11412
f 13050 13047 13045 13046
f 12860 13049 12891 12857
f 13051 13055 12914 12821
f 12909 13053 13057 13022
f 13056 13054 12911 12918
f 12821 12911 13054 13051
f 13055 13052 12904 12914
f 13022 13057 13049 12860
f 12898 13056 12918 12901
f 13065 13064 13063 13061
f 13067 13066 13059 13058
f 13068 13064 13050 13048
f 13069 13066 11413 11414
f 13067 13068 13048 11412
f 12909 13022 13021 12908
f 13047 13050 13064 13065
f 11412 11413 13066 13067
f 13062 13063 13064 13068
f 13058 13062 13068 13067
f 11414 11415 13070 13069
f 13056 13061 13063 13054
f 13023 12919 12908 13021
f 13016 12875 13047 13065
f 13056 12898 13044 13061
f 13049 13057 13070 11415
f 13016 13065 13061 13044
f 13055 13058 13059 13052
f 13051 13062 13058 13055
f 12907 13060 13053 12909
f 12907 12904 13052 13060
f 13062 13051 13054 13063
f 12920 12818 12817 12832
f 12817 12800 12815 12831
f 12817 12818 12801 12800
f 12883 13033 13032 12884
f 12867 12863 12884 13032
f 12716 13154 13153 12696
f 11571 12771 12757 11561
f 11561 12757 12758 11565
f 12779 12390 12380 12780
f 12780 12380 12370 12782
f 12372 12376 11573 11521
f 11593 12378 12372 11521
f 12783 11540 11518 12781
f 12768 11544 11540 12783
f 12768 11542 11534 12769
f 11581 11579 11535 11532
f 11536 11579 11581 11531
f 12773 11547 11532 12770
f 12772 11522 11529 12774
f 12774 11529 11569 12776
f 12777 11588 11568 12776
f 12775 11607 11567 12778
f 12775 11606 11570 12771
f 12777 12778 11567 11588
f 11576 11526 11566 11589
f 11574 11523 11526 11576
f 11546 11587 11578 11530
f 11605 11604 11536 11531
f 11604 11605 11563 11562
f 11584 11545 11537 11580
f 11545 11584 11582 11541
f 11541 11582 11572 11520
f 12378 11593 11564 12374
f 12765 12374 11564 12764
f 12371 12375 12385 12381
f 12395 12391 12381 12385
f 11560 12759 12760 11563
f 12767 12394 12384 12766
f 12766 12384 12374 12765
f 11590 12377 12373 11550
f 12377 11590 11520 12371
f 12763 11555 11550 12764
f 12762 11556 11555 12763
f 12761 11554 11556 12762
f 12761 11562 11563 12760
f 11594 11595 11554 11553
f 12759 11557 11553 12760
f 12757 11552 11551 12758
f 12771 11570 11552 12757
f 11554 12761 12760 11553
f 11562 12761 12762 11558
f 13138 12467 12456 13137
f 13137 12456 12434 13136
f 12437 12427 12421 12431
f 13084 12413 12423 13135
f 13083 12403 12413 13084
f 13082 12444 12403 13083
f 11654 12448 12442 11640
f 13081 11643 11630 13087
f 13086 11627 11626 13087
f 13134 11625 11624 13085
f 13133 11636 11625 13134
f 13132 11664 11636 13133
f 13132 11665 11633 13131
f 11652 11633 11613 11647
f 11646 11612 11632 11653
f 13116 13131 11633 11652
f 13116 11652 11634 13115
f 13114 11615 11635 13115
f 13113 11608 11615 13114
f 13073 11621 11618 13072
f 13071 11639 11619 13072
f 12441 12448 11654 11638
f 11667 12440 12441 11638
f 12440 11667 11643 12439
f 13112 12442 12399 13111
f 13111 12399 12409 13110
f 13110 12409 12419 13109
f 12427 12437 12433 12423
f 13136 12434 12424 13135
f 12438 12428 12424 12434
f 13122 12451 12430 13123
f 13121 12462 12451 13122
f 11558 12762 12763 11559
f 11559 12763 12764 11564
f 12383 12766 12765 12373
f 12863 12867 12869 12865
f 12865 12869 12868 12864
f 12801 12818 12855 12851
f 12856 12852 12851 12855
f 12833 12834 12820 12819
f 12968 12980 12834 12833
f 12980 12968 11462 11464
f 11450 11452 11464 11462
f 11456 11451 11463 11465
f 12984 12967 11465 11463
f 12967 12984 12836 12835
f 12835 12836 12823 12822
f 12858 12854 12852 12856
f 12854 12858 12857 12853
f 12864 12868 12866 12862
f 12810 12794 12862 12866
f 12393 12767 12766 12383
f 12373 12765 12764 11550
f 11589 11566 12778 12777
f 13097 12593 12583 13098
f 13098 12583 12563 13099
f 12568 12558 12553 12563
f 13128 12542 12552 13103
f 13129 12532 12542 13128
f 13130 12575 12532 13129
f 12505 12519 12578 12579
f 12756 12503 12483 13089
f 13090 12485 12482 13089
f 13120 12472 12479 13161
f 13161 12479 12499 13160
f 13159 12516 12498 13160
f 13158 12529 12497 13146
f 13158 12528 12500 13147
f 13147 12500 12489 13148
f 13148 12489 12488 13076
f 13146 13159 12517 12496
f 12510 12476 12496 12517
f 12508 12473 12476 12510
f 12484 12515 12512 12480
f 12519 12505 12480 12512
f 12581 12530 12505 12579
f 12530 12581 12576 12506
f 13124 12506 12576 13142
f 12579 12578 12538 12534
f 12534 12538 12548 12544
f 12544 12548 12558 12554
f 12554 12558 12568 12564
f 12570 12560 12554 12564
f 12560 12570 12566 12556
f 12588 12584 12564 12568
f 12584 12588 12598 12594
f 12469 12464 12594 12598
f 12458 12453 12464 12469
f 12436 12432 12453 12458
f 12428 12438 12432 12422
f 12432 12436 12426 12422
f 12426 12436 12429 12419
f 12416 12412 12422 12426
f 12406 12402 12412 12416
f 12448 12441 12402 12406
f 13082 13081 11642 12444
f 11666 12449 12444 11642
f 12449 11666 11641 12447
f 11638 11654 11649 11617
f 11650 11622 11617 11649
f 11610 11645 11647 11613
f 11644 11609 11612 11646
f 11620 11651 11648 11616
f 11655 11641 11616 11648
f 11641 11655 12446 12447
f 12446 11655 11639 12445
f 13112 13071 11640 12442
f 12447 12446 12405 12401
f 12401 12405 12415 12411
f 12411 12415 12425 12421
f 12421 12425 12435 12431
f 12435 12425 12420 12430
f 13123 13109 12419 12429
f 12457 12452 12431 12435
f 12452 12457 12468 12463
f 12396 12392 12463 12468
f 12392 12396 12386 12382
f 12376 12372 12382 12386
f 12371 11520 11572 12375
f 12375 11572 11519 12370
f 11583 11539 11521 11573
f 11585 11543 11539 11583
f 11543 11585 11579 11536
f 11595 11594 11530 11537
f 11537 11530 11578 11580
f 11586 11548 11531 11581
f 11524 11575 11577 11527
f 11588 11567 11527 11577
f 12516 12497 12477 12511
f 12474 12509 12511 12477
f 12514 12486 12481 12513
f 12502 12518 12513 12481
f 12573 12531 12507 12572
f 12531 12573 12574 12502
f 12518 12502 12574 12580
f 12580 12574 12535 12539
f 12539 12535 12545 12549
f 12549 12545 12555 12559
f 13096 12556 12566 13157
f 12571 12561 12557 12567
f 12561 12571 12565 12555
f 12569 12565 12585 12589
f 12589 12585 12595 12599
f 12724 12728 12599 12595
f 12714 12718 12728 12724
f 12718 12714 12694 12698
f 12701 12691 12687 12697
f 13101 12723 12713 13100
f 13100 12713 12693 13107
f 13152 12686 12696 13153
f 12690 12700 12696 12686
f 12700 12690 12684 12694
f 13092 12672 12682 13093
f 13091 12662 12672 13092
f 13149 12705 12662 13091
f 12703 12661 12637 12702
f 12661 12703 12704 12632
f 12632 12704 12710 12648
f 13106 12633 12613 13105
f 13104 12615 12612 13105
f 13141 12602 12609 13140
f 13140 12609 12629 13139
f 13080 12646 12628 13139
f 13127 12627 12646 13080
f 13126 12659 12627 13127
f 13126 12658 12630 13125
f 13125 12630 12619 13108
f 13108 12619 12618 13095
f 13094 12621 12620 13088
f 13079 12637 12624 13088
f 12708 12649 12633 12707
f 12648 12710 12705 12634
f 13106 13149 12707 12633
f 13078 12706 12666 13077
f 13077 12666 12676 13119
f 13119 12676 12686 13152
f 12688 12698 12694 12684
f 12698 12688 12683 12693
f 13093 13107 12693 12683
f 13154 12717 12697 13153
f 13102 12727 12717 13154
f 13074 12491 12490 13075
f 13124 12507 12494 13075
f 12518 12580 12575 12504
f 12578 12519 12503 12577
f 12756 13130 12577 12503
f 13142 12576 12536 13143
f 13143 12536 12546 13144
f 13144 12546 12556 13096
f 12555 12565 12569 12559
f 12559 12569 12562 12552
f 13103 13099 12563 12553
f 13156 12587 12567 13157
f 13155 12597 12587 13156
f 11607 12775 12771 11571
f 11606 12775 12778 11566
f 11406 11403 11384 11387
f 11409 11408 11389 11390
f 11370 11371 11390 11389
f 11365 11368 11387 11384
f 11346 11349 11368 11365
f 11327 11330 11349 11346
f 11351 11352 11371 11370
f 11332 11333 11352 11351
f 11308 11311 11330 11327
f 11313 11314 11333 11332
f 11314 11313 11294 11295
f 11289 11292 11311 11308
f 11270 11273 11292 11289
f 11275 11276 11295 11294
f 11276 11275 11256 11257
f 11251 11254 11273 11270
f 11232 11235 11254 11251
f 11213 11216 11235 11232
f 11257 11256 11237 11238
f 11238 11237 11218 11219
f 11219 11218 11199 11200
f 11200 11199 11180 11181
f 11181 11180 11161 11162
f 11194 11197 11216 11213
f 11175 11178 11197 11194
f 11156 11159 11178 11175
f 11159 11156 11137 11140
f 11162 11161 11142 11143
f 13344 11095 11094 13345
f 13346 11116 11113 13345
f 13346 11097 11096 13347
f 13347 11096 11106 13348
f 11061 11064 11083 11080
f 11035 11042 11064 11061
f 11027 11038 11042 11035
f 10979 11030 11038 11027
f 10975 11002 11030 10979
f 10974 10998 11002 10975
f 10987 10994 10998 10974
f 10994 10987 4348 4371
f 11066 11067 11086 11085
f 11044 11045 11067 11066
f 11045 11044 11040 11041
f 11041 11040 11032 11033
f 11033 11032 11004 11005
f 11000 11001 11005 11004
f 10996 10997 11001 11000
f 10997 10996 4375 4377
f 11589 12777 12776 11569
f 11528 12774 12776 11568
f 11525 12772 12774 11528
f 11549 12773 12770 11533
f 11544 12768 12769 11535
f 11542 12768 12783 11538
f 11538 12783 12781 11519
f 12379 12780 12782 12369
f 12389 12779 12780 12379
f 11519 12781 12782 12370
f 11533 12770 12769 11534
f 12439 11643 13081 13082
f 12439 13082 13083 12404
f 12507 13124 13142 12572
f 12517 13159 13160 12499
f 12400 13111 13110 12410
f 12410 13110 13109 12420
f 11665 13132 13133 11637
f 12404 13083 13084 12414
f 12466 13138 13137 12455
f 11637 13133 13134 11629
f 12493 13148 13076 12495
f 12537 13143 13144 12547
f 12504 12575 13130 12756
f 12631 13125 13108 12623
f 12617 13104 13105 12613
f 12592 13097 13098 12582
f 12487 13090 13089 12483
f 12605 13141 13140 12608
f 12596 13155 13156 12586
f 12492 13074 13075 12494
f 12577 13130 13129 12533
f 12552 12562 13099 13103
f 12528 13158 13146 12496
f 12582 13098 13099 12562
f 12659 13126 13125 12631
f 12497 12516 13159 13146
f 12702 13078 13077 12667
f 12529 13158 13147 12501
f 12634 13106 13105 12612
f 12726 13102 13154 12716
f 12667 13077 13119 12677
f 12506 13124 13075 12490
f 12677 13119 13152 12687
f 12501 13147 13148 12493
f 12547 13144 13096 12557
f 12586 13156 13157 12566
f 12557 13096 13157 12567
f 12478 13161 13160 12498
f 12533 13129 13128 12543
f 12673 13092 13093 12683
f 12707 13149 13091 12663
f 12622 13094 13088 12624
f 12687 13152 13153 12697
f 12634 12705 13149 13106
f 12722 13101 13100 12712
f 12637 13079 13078 12702
f 12712 13100 13107 12692
f 12658 13126 13127 12626
f 13256 13260 12734 13298
f 12608 13140 13139 12628
f 12636 13079 13088 12620
f 12682 12692 13107 13093
f 12647 13080 13139 12629
f 12736 13150 13145 12744
f 13296 13256 13298 13299
f 12599 12728 12723 12592
f 12469 12598 12593 12461
f 12396 12468 12462 12389
f 13300 12391 12395 13301
f 13303 12793 12790 13304
f 13301 12395 12390 13305
f 13306 12785 12847 13305
f 13306 12779 12389 13307
f 13307 12389 12462 13308
f 13309 12798 12799 13308
f 13309 13121 12461 13310
f 13311 12786 12787 13310
f 13311 12593 13097 13312
f 13313 12796 12797 13312
f 13313 12592 12723 13314
f 13314 12723 13101 13315
f 13315 13101 12722 13316
f 13317 12862 12794 13302
f 13319 12397 12391 13300
f 13319 12849 12885 13320
f 13321 12767 12393 13320
f 13321 12878 12879 13322
f 13322 12879 12880 13323
f 13324 12865 12864 13318
f 13325 12863 12865 13324
f 13325 13102 12726 13326
f 13327 12883 12884 13326
f 12467 13138 13155 12596
f 13328 12882 12883 13327
f 13329 12881 12882 13328
f 13329 13138 12466 13323
f 13203 13172 13175 13204
f 11651 11644 11608 11623
f 13211 13166 13163 13214
f 11620 11609 11644 11651
f 13199 13165 13168 13201
f 11661 11660 11609 11620
f 11660 11661 11627 11624
f 13215 13174 13170 13212
f 13208 13194 13172 13203
f 13086 13085 11624 11627
f 13213 13182 13184 13217
f 13085 13086 11628 11631
f 13216 13183 13185 13210
f 13201 13168 13188 13206
f 13216 13167 13187 13219
f 13218 13186 13166 13211
f 13212 13170 13195 13220
f 13217 13184 13197 13221
f 13173 13202 13205 13177
f 11659 11656 11631 11628
f 13162 13198 13200 13169
f 11656 11659 11622 11610
f 13193 13209 13202 13173
f 13169 13200 13207 13189
f 11610 11622 11650 11645
f 13179 13211 13214 13178
f 11645 11650 11621 11611
f 13181 13215 13212 13180
f 13073 13113 11611 11621
f 13176 13213 13217 13171
f 13113 13073 11623 11608
f 13167 13216 13210 13164
f 13183 13216 13219 13191
f 13190 13218 13211 13179
f 13180 13212 13220 13196
f 13171 13217 13221 13192
f 13263 13262 13227 13231
f 13268 13267 13223 13228
f 13271 13269 13224 13230
f 13248 13238 13233 13243
f 13250 13240 13234 13244
f 13240 13250 13246 13236
f 13251 13241 13237 13247
f 13241 13251 13245 13235
f 13239 13249 13242 13232
f 13231 13241 13235 13225
f 13241 13231 13227 13237
f 13230 13240 13236 13226
f 13240 13230 13224 13234
f 13238 13228 13223 13233
f 13229 13239 13232 13222
f 13231 13225 13264 13263
f 13229 13222 13265 13270
f 13230 13226 13266 13271
f 13223 13277 13278 13233
f 12772 12773 11549 11522
f 13183 13286 13281 13185
f 13186 13290 13275 13207
f 13206 13187 13167 13201
f 13164 13199 13201 13167
f 11587 11574 11522 11549
f 11546 11523 11574 11587
f 13204 13176 13171 13203
f 13192 13208 13203 13171
f 13195 13209 13268 13269
f 13270 13264 13225 13229
f 13229 13225 13235 13239
f 13239 13235 13245 13249
f 13249 13259 13252 13242
f 13200 13166 13186 13207
f 13198 13163 13166 13200
f 11600 11599 11523 11546
f 11599 11600 11557 11551
f 13174 13205 13202 13170
f 13209 13195 13170 13202
f 13271 13220 13195 13269
f 13220 13271 13266 13196
f 13274 13196 13266 13273
f 13269 13268 13228 13224
f 13224 13228 13238 13234
f 13234 13238 13248 13244
f 13249 13245 13255 13259
f 13251 13261 13255 13245
f 13261 13251 13247 13257
f 13295 13246 13256 13296
f 13250 13260 13256 13246
f 13260 13250 13244 13254
f 13278 13232 13242 13279
f 13277 13222 13232 13278
f 13294 13265 13222 13277
f 13263 13221 13197 13262
f 13221 13263 13264 13192
f 13192 13264 13270 13208
f 13284 13193 13173 13283
f 13282 13175 13172 13283
f 12759 12758 11551 11557
f 12758 12759 11560 11565
f 13293 13162 13169 13292
f 13292 13169 13189 13291
f 13275 13206 13188 13291
f 13290 13187 13206 13275
f 13289 13219 13187 13290
f 13289 13218 13190 13288
f 13288 13190 13179 13286
f 13286 13179 13178 13281
f 11598 11591 11565 11560
f 11591 11598 11548 11524
f 13280 13181 13180 13276
f 13274 13197 13184 13276
f 13268 13209 13193 13267
f 13208 13270 13265 13194
f 13284 13294 13267 13193
f 13273 13266 13226 13272
f 13272 13226 13236 13287
f 13287 13236 13246 13295
f 13248 13258 13254 13244
f 13258 13248 13243 13253
f 13279 13285 13253 13243
f 13191 13288 13286 13183
f 13177 13282 13283 13173
f 13165 13293 13292 13168
f 13219 13289 13288 13191
f 13262 13273 13272 13227
f 13194 13284 13283 13172
f 13227 13272 13287 13237
f 13237 13287 13295 13247
f 13233 13278 13279 13243
f 13267 13294 13277 13223
f 13182 13280 13276 13184
f 13247 13295 13296 13257
f 13194 13265 13294 13284
f 13197 13274 13273 13262
f 13218 13289 13290 13186
f 11524 11548 11586 11575
f 11575 11586 11547 11525
f 13168 13292 13291 13188
f 12773 12772 11525 11547
f 13196 13274 13276 13180
f 13242 13252 13285 13279
f 13207 13275 13291 13189
f 13285 13150 12736 13253
f 13150 13285 13252 12737
f 13253 12736 12732 13258
f 12738 13254 13258 12732
f 13254 12738 12734 13260
f 12737 13252 13259 12733
f 13255 12739 12733 13259
f 12739 13255 13261 12735
f 13257 13151 12735 13261
f 13145 12745 12753 13297
f 12744 13145 13297 12752
f 13330 12792 12795 13316
f 13331 12791 12792 13330
f 13304 12790 12791 13331
f 13299 13151 13257 13296
f 13151 13299 13298 12734
f 12742 13118 13151 12734
f 12752 13297 13331 13330
f 13318 12864 12862 13317
f 12850 13300 13301 12848
f 12848 13301 13305 12847
f 12779 13306 13305 12390
f 12785 13306 13307 12784
f 12784 13307 13308 12799
f 13121 13309 13308 12462
f 12798 13309 13310 12787
f 12593 13311 13310 12461
f 12786 13311 13312 12797
f 12592 13313 13312 13097
f 12796 13313 13314 12789
f 12789 13314 13315 12788
f 12788 13315 13316 12795
f 12793 13303 13302 12794
f 12849 13319 13300 12850
f 12397 13319 13320 12393
f 12878 13321 13320 12885
f 12767 13321 13322 12394
f 12394 13322 13323 12466
f 12750 12731 12727 13117
f 13102 13325 13324 12727
f 12863 13325 13326 12884
f 12597 13327 13326 12726
f 13155 13328 13327 12597
f 13138 13329 13328 13155
f 12881 13329 13323 12880
f 12729 12748 12752 12722
f 13330 13316 12722 12752
f 12749 13303 13304 12753
f 12755 13302 13303 12749
f 13302 12755 12751 13317
f 12750 13117 13118 12742
f 12743 13118 13117 12751
f 12727 13324 13318 13117
f 13117 13318 13317 12751
f 13052 13059 13332 13060
f 13057 13053 13069 13070
f 13066 13069 13332 13059
f 13053 13060 13332 13069
f 12904 12907 12906 12903
f 12903 12906 12905 12902
f 12902 12905 12942 12948
f 12948 12942 12945 12949
f 12949 12945 12944 12950
f 12941 12947 12950 12944
f 12943 12946 12947 12941
f 12972 12985 12946 12943
f 12985 12972 12965 12963
f 12963 12965 11455 11457
f 11457 11455 11437 11439
f 13014 11436 11454 13015
f 11401 13013 11427 11398
f 13013 11401 11400 11430
f 11430 11400 11410 11429
f 11405 11438 11429 11410
f 13011 11389 11408 13012
f 11411 11409 11390 11392
f 11392 11390 11371 11373
f 13010 11370 11389 13011
f 13009 11351 11370 13010
f 11373 11371 11352 11354
f 11354 11352 11333 11335
f 11335 11333 11314 11316
f 11295 11297 11316 11314
f 11297 11295 11276 11278
f 11257 11259 11278 11276
f 11259 11257 11238 11240
f 11240 11238 11219 11221
f 11221 11219 11200 11202
f 11181 11183 11202 11200
f 11183 11181 11162 11164
f 11164 11162 11143 11145
f 13349 11120 11125 13348
f 13349 11101 11100 13350
f 11082 11101 11106 11087
f 11101 11082 11081 11100
f 11067 11069 11088 11086
f 11069 11067 11045 11050
f 11041 11049 11050 11045
f 11033 11046 11049 11041
f 11046 11033 11005 10896
f 11001 10897 10896 11005
f 10997 10898 10897 11001
f 4377 4268 10898 10997
f 10996 12988 6432 4375
f 12988 10996 11000 12933
f 12933 11000 11004 12990
f 11032 12991 12990 11004
f 11040 12992 12991 11032
f 11044 12993 12992 11040
f 12993 11044 11066 12994
f 12994 11066 11085 12995
f 11079 11098 11100 11081
f 11072 11091 11098 11079
f 13351 11117 11119 13350
f 13352 11110 11117 13351
f 12998 11142 11161 12999
f 11180 13000 12999 11161
f 13000 11180 11199 13001
f 11218 13002 13001 11199
f 13002 11218 11237 13003
f 11256 13004 13003 11237
f 13004 11256 11275 13005
f 13005 11275 11294 13006
f 13006 11294 11313 13007
f 13007 11313 11332 13008
f 13008 11332 11351 13009
f 13120 13090 12487 12472
f 13090 13120 12475 12485
f 12509 12514 12485 12475
f 12515 12508 12472 12487
f 12484 12473 12508 12515
f 12525 12524 12473 12484
f 12524 12525 12491 12488
f 13074 13076 12488 12491
f 13076 13074 12492 12495
f 12523 12520 12495 12492
f 12520 12523 12486 12474
f 12474 12486 12514 12509
f 13141 13104 12617 12602
f 13104 13141 12605 12615
f 12639 12644 12615 12605
f 12604 12616 12644 12639
f 12650 12653 12616 12604
f 12653 12650 12625 12622
f 13095 13094 12622 12625
f 13094 13095 12618 12621
f 12654 12655 12621 12618
f 12655 12654 12603 12614
f 12614 12603 12638 12645
f 12645 12638 12602 12617
f 13205 13198 13162 13177
f 13174 13163 13198 13205
f 13215 13214 13163 13174
f 13214 13215 13181 13178
f 13280 13281 13178 13181
f 13281 13280 13182 13185
f 13213 13210 13185 13182
f 13210 13213 13176 13164
f 13164 13176 13204 13199
f 13199 13204 13175 13165
f 13282 13293 13165 13175
f 13293 13282 13177 13162
f 11096 11077 11087 11106
f 11097 11078 11077 11096
f 11078 11097 11094 11075
f 11095 11076 11075 11094
f 11092 11073 11076 11095
f 11073 11092 11093 11074
f 11089 11070 11074 11093
f 11090 11071 11070 11089
f 11107 11088 11071 11090
f 11088 11107 11105 11086
f 11104 11085 11086 11105
f 11085 11104 12996 12995
f 12995 12996 11103 11084
f 11084 11103 11102 11083
f 11099 11080 11083 11102
f 11091 11072 11080 11099
f 11110 11129 11136 11117
f 11117 11136 11138 11119
f 11139 11120 11119 11138
f 11120 11139 11144 11125
f 11134 11115 11125 11144
f 11135 11116 11115 11134
f 11116 11135 11132 11113
f 11133 11114 11113 11132
f 11130 11111 11114 11133
f 11111 11130 11131 11112
f 11127 11108 11112 11131
f 11128 11109 11108 11127
f 11145 11126 11109 11128
f 11143 11124 11126 11145
f 11124 11143 11142 11123
f 11123 11142 12998 12997
f 12997 12998 11141 11122
f 11122 11141 11140 11121
f 11137 11118 11121 11140
f 11129 11110 11118 11137
f 11110 13352 13333 11118
f 11121 11118 13333 13334
f 11103 13335 13334 11102
f 12996 13336 13335 11103
f 12996 11104 13337 13336
f 11124 11123 13337 13338
f 11126 11124 13338 13339
f 11126 13339 13340 11109
f 11109 13340 13341 11108
f 11108 13341 13342 11112
f 11092 13343 13342 11093
f 11111 13343 13344 11114
f 11114 13344 13345 11113
f 11097 13346 13345 11094
f 11116 13346 13347 11115
f 11115 13347 13348 11125
f 11101 13349 13348 11106
f 11120 13349 13350 11119
f 11098 13351 13350 11100
f 11091 13352 13351 11098
f 6785 6786 13353 13354
f 7753 7754 13355 13356
f 7752 7753 13356 13357
f 7751 7752 13357 13358
f 7750 7751 13358 13359
f 7766 7749 13353 13360
f 7772 7771 13361 13362
f 6887 6848 13364 13365
f 7771 7770 13366 13361
f 11718 7765 13363 13379
f 7770 7769 13364 13366
f 7763 7764 13368 13369
f 7773 7768 13370 13365
f 7762 7763 13369 13371
f 7768 7767 13372 13370
f 7767 7766 13360 13372
f 7759 7760 13374 13375
f 11717 7758 13367 13380
f 7756 7757 13376 13377
f 7748 7750 13359 13354
f 7755 7756 13377 13378
f 7754 7755 13378 13355
f 6818 6815 13367 13375
f 7764 11718 13379 13368
f 7757 11717 13380 13376
f 6826 6821 13374 13373
f 6829 6826 13373 13371
f 6857 6838 13363 13362
f 11925 10418 3751 5321
f 7002 228 221 6996
f 7280 541 524 7265
f 7243 494 495 7244
f 7261 514 496 7245
f 493 7242 7246 497
f 7242 493 5338 11941
f 7241 492 725 7447
f 11772 7454 734 5163
f 11782 11825 5212 5172
f 11898 11831 5226 5297
f 8207 1525 1527 8208
f 8566 1894 4089 10735
f 10760 4112 4117 10763
f 7016 11805 5193 245
f 4003 10662 10675 4017
f 8155 1468 1492 8178
f 7283 538 555 7298
f 7268 521 538 7283